timestamp,value,temp_c,is_day,wind_kph,cloud,precip_mm,humidity,will_it_rain,bikes_plus_120mins,bikes_plus_60mins
2022-08-02 13:10:00,8,29.8,1.0,2.9,7.0,0.0,36.0,0.0,9,9
2022-08-02 13:14:00,8,29.8,1.0,2.9,7.0,0.0,36.0,0.0,9,9
2022-08-02 13:20:00,8,29.8,1.0,2.9,7.0,0.0,36.0,0.0,9,9
2022-08-02 13:25:00,9,29.8,1.0,2.9,7.0,0.0,36.0,0.0,10,9
2022-08-02 13:30:00,9,29.8,1.0,2.9,7.0,0.0,36.0,0.0,11,9
2022-08-02 13:35:00,9,30.0,1.0,3.2,7.0,0.0,33.0,0.0,12,9
2022-08-02 13:40:00,9,30.0,1.0,3.2,7.0,0.0,33.0,0.0,12,9
2022-08-02 13:44:00,9,30.0,1.0,3.2,7.0,0.0,33.0,0.0,12,9
2022-08-02 13:50:00,9,30.0,1.0,3.2,7.0,0.0,33.0,0.0,13,9
2022-08-02 13:55:00,9,30.0,1.0,3.2,7.0,0.0,33.0,0.0,13,9
2022-08-02 14:00:00,9,30.0,1.0,3.2,7.0,0.0,33.0,0.0,14,9
2022-08-02 14:05:00,9,30.0,1.0,3.2,7.0,0.0,33.0,0.0,12,9
2022-08-02 14:10:00,9,30.0,1.0,3.2,7.0,0.0,33.0,0.0,11,9
2022-08-02 14:15:00,9,30.0,1.0,3.2,7.0,0.0,33.0,0.0,11,9
2022-08-02 14:20:00,9,30.0,1.0,3.2,7.0,0.0,33.0,0.0,11,9
2022-08-02 14:25:00,9,30.0,1.0,3.2,7.0,0.0,33.0,0.0,11,10
2022-08-02 14:30:00,9,30.0,1.0,3.2,7.0,0.0,33.0,0.0,11,11
2022-08-02 14:35:00,9,30.0,1.0,3.6,6.0,0.0,30.0,0.0,12,12
2022-08-02 14:40:00,9,30.0,1.0,3.6,6.0,0.0,30.0,0.0,12,12
2022-08-02 14:45:00,9,30.0,1.0,3.6,6.0,0.0,30.0,0.0,12,12
2022-08-02 14:50:00,9,30.0,1.0,3.6,6.0,0.0,30.0,0.0,12,13
2022-08-02 14:55:00,9,30.0,1.0,3.6,6.0,0.0,30.0,0.0,11,13
2022-08-02 15:00:00,9,30.0,1.0,3.6,6.0,0.0,30.0,0.0,11,14
2022-08-02 15:05:00,9,30.0,1.0,3.6,6.0,0.0,30.0,0.0,12,12
2022-08-02 15:10:00,9,30.0,1.0,3.6,6.0,0.0,30.0,0.0,12,11
2022-08-02 15:15:00,9,30.0,1.0,3.6,6.0,0.0,30.0,0.0,12,11
2022-08-02 15:25:00,10,30.0,1.0,3.6,6.0,0.0,30.0,0.0,12,11
2022-08-02 15:30:00,11,30.0,1.0,3.6,6.0,0.0,30.0,0.0,12,11
2022-08-02 15:35:00,12,28.5,1.0,5.2,11.0,0.0,38.0,0.0,12,12
2022-08-02 15:40:00,12,28.5,1.0,5.2,11.0,0.0,38.0,0.0,12,12
2022-08-02 15:45:00,12,28.5,1.0,5.2,11.0,0.0,38.0,0.0,12,12
2022-08-02 15:50:00,13,28.5,1.0,5.2,11.0,0.0,38.0,0.0,12,12
2022-08-02 15:55:00,13,28.5,1.0,5.2,11.0,0.0,38.0,0.0,11,11
2022-08-02 16:00:00,14,28.5,1.0,5.2,11.0,0.0,38.0,0.0,11,11
2022-08-02 16:05:00,12,28.5,1.0,5.2,11.0,0.0,38.0,0.0,11,12
2022-08-02 16:10:00,11,28.5,1.0,5.2,11.0,0.0,38.0,0.0,12,12
2022-08-02 16:15:00,11,28.5,1.0,5.2,11.0,0.0,38.0,0.0,12,12
2022-08-02 16:20:00,11,28.5,1.0,5.2,11.0,0.0,38.0,0.0,12,12
2022-08-02 16:25:00,11,28.5,1.0,5.2,11.0,0.0,38.0,0.0,12,12
2022-08-02 16:30:00,11,28.5,1.0,5.2,11.0,0.0,38.0,0.0,12,12
2022-08-02 16:35:00,12,27.9,1.0,6.7,15.0,0.0,46.0,0.0,12,12
2022-08-02 16:40:00,12,27.9,1.0,6.7,15.0,0.0,46.0,0.0,12,12
2022-08-02 16:45:00,12,27.9,1.0,6.7,15.0,0.0,46.0,0.0,12,12
2022-08-02 16:50:00,12,27.9,1.0,6.7,15.0,0.0,46.0,0.0,12,12
2022-08-02 16:55:00,11,27.9,1.0,6.7,15.0,0.0,46.0,0.0,12,11
2022-08-02 17:00:00,11,27.9,1.0,6.7,15.0,0.0,46.0,0.0,12,11
2022-08-02 17:05:00,12,27.9,1.0,6.7,15.0,0.0,46.0,0.0,12,11
2022-08-02 17:10:00,12,27.9,1.0,6.7,15.0,0.0,46.0,0.0,12,12
2022-08-02 17:15:00,12,27.9,1.0,6.7,15.0,0.0,46.0,0.0,12,12
2022-08-02 17:20:00,12,27.9,1.0,6.7,15.0,0.0,46.0,0.0,12,12
2022-08-02 17:25:00,12,27.9,1.0,6.7,15.0,0.0,46.0,0.0,12,12
2022-08-02 17:35:00,12,25.3,1.0,8.3,19.0,0.0,54.0,0.0,12,12
2022-08-02 17:41:00,12,25.3,1.0,8.3,19.0,0.0,54.0,0.0,12,12
2022-08-02 17:45:00,12,25.3,1.0,8.3,19.0,0.0,54.0,0.0,12,12
2022-08-02 17:50:00,12,25.3,1.0,8.3,19.0,0.0,54.0,0.0,12,12
2022-08-02 17:55:00,11,25.3,1.0,8.3,19.0,0.0,54.0,0.0,12,12
2022-08-02 18:00:00,11,25.3,1.0,8.3,19.0,0.0,54.0,0.0,12,12
2022-08-02 18:05:00,11,25.3,1.0,8.3,19.0,0.0,54.0,0.0,12,12
2022-08-02 18:10:00,12,25.3,1.0,8.3,19.0,0.0,54.0,0.0,12,12
2022-08-02 18:15:00,12,25.3,1.0,8.3,19.0,0.0,54.0,0.0,12,12
2022-08-02 18:20:00,12,25.3,1.0,8.3,19.0,0.0,54.0,0.0,12,12
2022-08-02 18:25:00,12,25.3,1.0,8.3,19.0,0.0,54.0,0.0,12,12
2022-08-02 18:30:00,12,25.3,1.0,8.3,19.0,0.0,54.0,0.0,12,12
2022-08-02 18:35:00,12,23.2,1.0,6.2,21.0,0.0,59.0,0.0,12,12
2022-08-02 18:40:00,12,23.2,1.0,6.2,21.0,0.0,59.0,0.0,12,12
2022-08-02 18:45:00,12,23.2,1.0,6.2,21.0,0.0,59.0,0.0,11,12
2022-08-02 18:50:00,12,23.2,1.0,6.2,21.0,0.0,59.0,0.0,11,12
2022-08-02 18:55:00,12,23.2,1.0,6.2,21.0,0.0,59.0,0.0,11,12
2022-08-02 19:00:00,12,23.2,1.0,6.2,21.0,0.0,59.0,0.0,11,12
2022-08-02 19:05:00,12,23.2,1.0,6.2,21.0,0.0,59.0,0.0,11,12
2022-08-02 19:20:00,12,23.2,1.0,6.2,21.0,0.0,59.0,0.0,11,12
2022-08-02 19:25:00,12,23.2,1.0,6.2,21.0,0.0,59.0,0.0,12,12
2022-08-02 19:30:00,12,23.2,1.0,6.2,21.0,0.0,59.0,0.0,12,12
2022-08-02 19:35:00,12,22.1,1.0,4.2,24.0,0.0,64.0,0.0,12,12
2022-08-02 19:41:00,12,22.1,1.0,4.2,24.0,0.0,64.0,0.0,12,12
2022-08-02 19:45:00,12,22.1,1.0,4.2,24.0,0.0,64.0,0.0,12,11
2022-08-02 19:50:00,12,22.1,1.0,4.2,24.0,0.0,64.0,0.0,12,11
2022-08-02 19:55:00,12,22.1,1.0,4.2,24.0,0.0,64.0,0.0,12,11
2022-08-02 20:01:00,12,22.1,1.0,4.2,24.0,0.0,64.0,0.0,12,11
2022-08-02 20:05:00,12,22.1,1.0,4.2,24.0,0.0,64.0,0.0,12,11
2022-08-02 20:10:00,12,22.1,1.0,4.2,24.0,0.0,64.0,0.0,12,11
2022-08-02 20:15:00,12,22.1,1.0,4.2,24.0,0.0,64.0,0.0,12,11
2022-08-02 20:20:00,12,22.1,1.0,4.2,24.0,0.0,64.0,0.0,12,11
2022-08-02 20:25:00,12,22.1,1.0,4.2,24.0,0.0,64.0,0.0,12,12
2022-08-02 20:30:00,12,22.1,1.0,4.2,24.0,0.0,64.0,0.0,12,12
2022-08-02 20:35:00,12,20.0,0.0,2.2,26.0,0.0,69.0,0.0,12,12
2022-08-02 20:40:00,12,20.0,0.0,2.2,26.0,0.0,69.0,0.0,12,12
2022-08-02 20:45:00,11,20.0,0.0,2.2,26.0,0.0,69.0,0.0,12,12
2022-08-02 20:50:00,11,20.0,0.0,2.2,26.0,0.0,69.0,0.0,12,12
2022-08-02 20:55:00,11,20.0,0.0,2.2,26.0,0.0,69.0,0.0,12,12
2022-08-02 21:00:00,11,20.0,0.0,2.2,26.0,0.0,69.0,0.0,12,12
2022-08-02 21:05:00,11,20.0,0.0,2.2,26.0,0.0,69.0,0.0,12,12
2022-08-02 21:10:00,11,20.0,0.0,2.2,26.0,0.0,69.0,0.0,12,12
2022-08-02 21:15:00,11,20.0,0.0,2.2,26.0,0.0,69.0,0.0,12,12
2022-08-02 21:21:00,11,20.0,0.0,2.2,26.0,0.0,69.0,0.0,13,12
2022-08-02 21:25:00,12,20.0,0.0,2.2,26.0,0.0,69.0,0.0,13,12
2022-08-02 21:31:00,12,19.0,0.0,2.3,42.0,0.0,78.0,0.0,13,12
2022-08-02 21:40:00,12,19.0,0.0,2.3,42.0,0.0,78.0,0.0,13,12
2022-08-02 21:45:00,12,19.0,0.0,2.3,42.0,0.0,78.0,0.0,13,12
2022-08-02 21:51:00,12,19.0,0.0,2.3,42.0,0.0,78.0,0.0,13,12
2022-08-02 21:55:00,12,19.0,0.0,2.3,42.0,0.0,78.0,0.0,13,12
2022-08-02 22:01:00,12,19.0,0.0,2.3,42.0,0.0,78.0,0.0,12,12
2022-08-02 22:05:00,12,19.0,0.0,2.3,42.0,0.0,78.0,0.0,12,12
2022-08-02 22:11:00,12,19.0,0.0,2.3,42.0,0.0,78.0,0.0,12,12
2022-08-02 22:15:00,12,19.0,0.0,2.3,42.0,0.0,78.0,0.0,12,12
2022-08-02 22:21:00,12,19.0,0.0,2.3,42.0,0.0,78.0,0.0,12,13
2022-08-02 22:25:00,12,19.0,0.0,2.3,42.0,0.0,78.0,0.0,12,13
2022-08-02 22:31:00,12,18.3,0.0,2.4,59.0,0.0,87.0,0.0,12,13
2022-08-02 22:35:00,12,18.3,0.0,2.4,59.0,0.0,87.0,0.0,12,13
2022-08-02 22:41:00,12,18.3,0.0,2.4,59.0,0.0,87.0,0.0,12,13
2022-08-02 22:45:00,12,18.3,0.0,2.4,59.0,0.0,87.0,0.0,12,13
2022-08-02 22:51:00,12,18.3,0.0,2.4,59.0,0.0,87.0,0.0,12,13
2022-08-02 22:55:00,12,18.3,0.0,2.4,59.0,0.0,87.0,0.0,12,13
2022-08-02 23:01:00,12,18.3,0.0,2.4,59.0,0.0,87.0,0.0,12,12
2022-08-02 23:05:00,12,18.3,0.0,2.4,59.0,0.0,87.0,0.0,12,12
2022-08-02 23:11:00,12,18.3,0.0,2.4,59.0,0.0,87.0,0.0,12,12
2022-08-02 23:15:00,12,18.3,0.0,2.4,59.0,0.0,87.0,0.0,12,12
2022-08-02 23:25:00,13,18.3,0.0,2.4,59.0,0.0,87.0,0.0,12,12
2022-08-03 00:30:00,12,17.9,0.0,2.5,75.0,0.0,96.0,0.0,12,12
2022-08-03 00:34:00,12,18.0,0.0,2.3,53.0,0.0,96.0,0.0,12,12
2022-08-03 00:38:00,12,18.0,0.0,2.3,53.0,0.0,96.0,0.0,12,12
2022-08-03 00:42:00,12,18.0,0.0,2.3,53.0,0.0,96.0,0.0,12,12
2022-08-03 00:45:00,12,18.0,0.0,2.3,53.0,0.0,96.0,0.0,12,12
2022-08-03 00:49:00,12,18.0,0.0,2.3,53.0,0.0,96.0,0.0,12,12
2022-08-03 00:52:00,12,18.0,0.0,2.3,53.0,0.0,96.0,0.0,12,12
2022-08-03 00:55:00,12,18.0,0.0,2.3,53.0,0.0,96.0,0.0,12,12
2022-08-03 00:59:00,12,18.0,0.0,2.3,53.0,0.0,96.0,0.0,12,12
2022-08-03 01:02:00,12,18.0,0.0,2.3,53.0,0.0,96.0,0.0,12,12
2022-08-03 01:07:00,12,18.0,0.0,2.3,53.0,0.0,96.0,0.0,12,12
2022-08-03 01:12:00,12,18.0,0.0,2.3,53.0,0.0,96.0,0.0,12,12
2022-08-03 01:19:00,12,18.0,0.0,2.3,53.0,0.0,96.0,0.0,12,12
2022-08-03 01:24:00,12,18.0,0.0,2.3,53.0,0.0,96.0,0.0,12,12
2022-08-03 01:30:00,12,18.0,0.0,2.3,53.0,0.0,96.0,0.0,12,12
2022-08-03 01:34:00,12,18.1,0.0,2.0,31.0,0.0,96.0,0.0,12,12
2022-08-03 01:39:00,12,18.1,0.0,2.0,31.0,0.0,96.0,0.0,12,12
2022-08-03 01:45:00,12,18.1,0.0,2.0,31.0,0.0,96.0,0.0,12,12
2022-08-03 01:50:00,12,18.1,0.0,2.0,31.0,0.0,96.0,0.0,12,12
2022-08-03 01:54:00,12,18.1,0.0,2.0,31.0,0.0,96.0,0.0,12,12
2022-08-03 02:00:00,12,18.1,0.0,2.0,31.0,0.0,96.0,0.0,12,12
2022-08-03 02:04:00,12,18.1,0.0,2.0,31.0,0.0,96.0,0.0,12,12
2022-08-03 02:09:00,12,18.1,0.0,2.0,31.0,0.0,96.0,0.0,12,12
2022-08-03 02:14:00,12,18.1,0.0,2.0,31.0,0.0,96.0,0.0,12,12
2022-08-03 02:20:00,12,18.1,0.0,2.0,31.0,0.0,96.0,0.0,12,12
2022-08-03 02:24:00,12,18.1,0.0,2.0,31.0,0.0,96.0,0.0,12,12
2022-08-03 02:30:00,12,18.1,0.0,2.0,31.0,0.0,96.0,0.0,12,12
2022-08-03 02:35:00,12,18.2,0.0,1.8,8.0,0.0,96.0,0.0,12,12
2022-08-03 02:39:00,12,18.2,0.0,1.8,8.0,0.0,96.0,0.0,12,12
2022-08-03 02:45:00,12,18.2,0.0,1.8,8.0,0.0,96.0,0.0,12,12
2022-08-03 02:49:00,12,18.2,0.0,1.8,8.0,0.0,96.0,0.0,12,12
2022-08-03 02:54:00,12,18.2,0.0,1.8,8.0,0.0,96.0,0.0,12,12
2022-08-03 03:00:00,12,18.2,0.0,1.8,8.0,0.0,96.0,0.0,12,12
2022-08-03 03:05:00,12,18.2,0.0,1.8,8.0,0.0,96.0,0.0,12,12
2022-08-03 03:10:00,12,18.2,0.0,1.8,8.0,0.0,96.0,0.0,12,12
2022-08-03 03:15:00,12,18.2,0.0,1.8,8.0,0.0,96.0,0.0,12,12
2022-08-03 03:20:00,12,18.2,0.0,1.8,8.0,0.0,96.0,0.0,12,12
2022-08-03 03:25:00,12,18.2,0.0,1.8,8.0,0.0,96.0,0.0,12,12
2022-08-03 03:30:00,12,18.2,0.0,1.8,8.0,0.0,96.0,0.0,12,12
2022-08-03 03:35:00,12,18.1,0.0,1.6,9.0,0.0,95.0,0.0,12,12
2022-08-03 03:39:00,12,18.1,0.0,1.6,9.0,0.0,95.0,0.0,12,12
2022-08-03 03:45:00,12,18.1,0.0,1.6,9.0,0.0,95.0,0.0,12,12
2022-08-03 03:50:00,12,18.1,0.0,1.6,9.0,0.0,95.0,0.0,12,12
2022-08-03 03:55:00,12,18.1,0.0,1.6,9.0,0.0,95.0,0.0,12,12
2022-08-03 03:59:00,12,18.1,0.0,1.6,9.0,0.0,95.0,0.0,12,12
2022-08-03 04:05:00,12,18.1,0.0,1.6,9.0,0.0,95.0,0.0,12,12
2022-08-03 04:10:00,12,18.1,0.0,1.6,9.0,0.0,95.0,0.0,12,12
2022-08-03 04:15:00,12,18.1,0.0,1.6,9.0,0.0,95.0,0.0,12,12
2022-08-03 04:20:00,12,18.1,0.0,1.6,9.0,0.0,95.0,0.0,12,12
2022-08-03 04:25:00,12,18.1,0.0,1.6,9.0,0.0,95.0,0.0,12,12
2022-08-03 04:30:00,12,18.1,0.0,1.6,9.0,0.0,95.0,0.0,12,12
2022-08-03 04:35:00,12,18.0,0.0,1.3,9.0,0.0,95.0,0.0,12,12
2022-08-03 04:40:00,12,18.0,0.0,1.3,9.0,0.0,95.0,0.0,12,12
2022-08-03 04:45:00,12,18.0,0.0,1.3,9.0,0.0,95.0,0.0,12,12
2022-08-03 04:50:00,12,18.0,0.0,1.3,9.0,0.0,95.0,0.0,12,12
2022-08-03 04:55:00,12,18.0,0.0,1.3,9.0,0.0,95.0,0.0,12,12
2022-08-03 05:00:00,12,18.0,0.0,1.3,9.0,0.0,95.0,0.0,12,12
2022-08-03 05:05:00,12,18.0,0.0,1.3,9.0,0.0,95.0,0.0,12,12
2022-08-03 05:10:00,12,18.0,0.0,1.3,9.0,0.0,95.0,0.0,12,12
2022-08-03 05:15:00,12,18.0,0.0,1.3,9.0,0.0,95.0,0.0,12,12
2022-08-03 05:20:00,12,18.0,0.0,1.3,9.0,0.0,95.0,0.0,12,12
2022-08-03 05:25:00,12,18.0,0.0,1.3,9.0,0.0,95.0,0.0,12,12
2022-08-03 05:30:00,12,18.0,0.0,1.3,9.0,0.0,95.0,0.0,12,12
2022-08-03 05:35:00,12,17.0,1.0,1.1,9.0,0.0,95.0,0.0,12,12
2022-08-03 05:45:00,12,17.0,1.0,1.1,9.0,0.0,95.0,0.0,11,12
2022-08-03 05:50:00,12,17.0,1.0,1.1,9.0,0.0,95.0,0.0,11,12
2022-08-03 06:00:00,12,17.0,1.0,1.1,9.0,0.0,95.0,0.0,11,12
2022-08-03 06:05:00,12,17.0,1.0,1.1,9.0,0.0,95.0,0.0,11,12
2022-08-03 06:10:00,12,17.0,1.0,1.1,9.0,0.0,95.0,0.0,11,12
2022-08-03 06:15:00,12,17.0,1.0,1.1,9.0,0.0,95.0,0.0,10,12
2022-08-03 06:20:00,12,17.0,1.0,1.1,9.0,0.0,95.0,0.0,10,12
2022-08-03 06:25:00,12,17.0,1.0,1.1,9.0,0.0,95.0,0.0,10,12
2022-08-03 06:30:00,12,17.0,1.0,1.1,9.0,0.0,95.0,0.0,10,12
2022-08-03 06:35:00,12,19.5,1.0,1.7,8.0,0.0,84.0,0.0,10,12
2022-08-03 06:40:00,12,19.5,1.0,1.7,8.0,0.0,84.0,0.0,10,11
2022-08-03 06:45:00,12,19.5,1.0,1.7,8.0,0.0,84.0,0.0,9,11
2022-08-03 06:50:00,12,19.5,1.0,1.7,8.0,0.0,84.0,0.0,9,11
2022-08-03 06:55:00,12,19.5,1.0,1.7,8.0,0.0,84.0,0.0,9,11
2022-08-03 07:00:00,12,19.5,1.0,1.7,8.0,0.0,84.0,0.0,9,11
2022-08-03 07:05:00,12,19.5,1.0,1.7,8.0,0.0,84.0,0.0,8,11
2022-08-03 07:10:00,12,19.5,1.0,1.7,8.0,0.0,84.0,0.0,8,11
2022-08-03 07:15:00,12,19.5,1.0,1.7,8.0,0.0,84.0,0.0,7,10
2022-08-03 07:20:00,12,19.5,1.0,1.7,8.0,0.0,84.0,0.0,7,10
2022-08-03 07:25:00,12,19.5,1.0,1.7,8.0,0.0,84.0,0.0,7,10
2022-08-03 07:30:00,12,19.5,1.0,1.7,8.0,0.0,84.0,0.0,7,10
2022-08-03 07:35:00,12,21.9,1.0,2.3,6.0,0.0,74.0,0.0,7,10
2022-08-03 07:40:00,11,21.9,1.0,2.3,6.0,0.0,74.0,0.0,7,10
2022-08-03 07:45:00,11,21.9,1.0,2.3,6.0,0.0,74.0,0.0,7,9
2022-08-03 07:55:00,11,21.9,1.0,2.3,6.0,0.0,74.0,0.0,7,9
2022-08-03 08:00:00,11,21.9,1.0,2.3,6.0,0.0,74.0,0.0,7,9
2022-08-03 08:05:00,11,21.9,1.0,2.3,6.0,0.0,74.0,0.0,7,8
2022-08-03 08:15:00,10,21.9,1.0,2.3,6.0,0.0,74.0,0.0,7,7
2022-08-03 08:20:00,10,21.9,1.0,2.3,6.0,0.0,74.0,0.0,7,7
2022-08-03 08:25:00,10,21.9,1.0,2.3,6.0,0.0,74.0,0.0,7,7
2022-08-03 08:30:00,10,21.9,1.0,2.3,6.0,0.0,74.0,0.0,7,7
2022-08-03 08:35:00,10,24.4,1.0,2.9,5.0,0.0,64.0,0.0,7,7
2022-08-03 08:40:00,10,24.4,1.0,2.9,5.0,0.0,64.0,0.0,7,7
2022-08-03 08:45:00,9,24.4,1.0,2.9,5.0,0.0,64.0,0.0,7,7
2022-08-03 08:50:00,9,24.4,1.0,2.9,5.0,0.0,64.0,0.0,8,7
2022-08-03 09:00:00,9,24.4,1.0,2.9,5.0,0.0,64.0,0.0,8,7
2022-08-03 09:05:00,8,24.4,1.0,2.9,5.0,0.0,64.0,0.0,8,7
2022-08-03 09:10:00,8,24.4,1.0,2.9,5.0,0.0,64.0,0.0,8,7
2022-08-03 09:15:00,7,24.4,1.0,2.9,5.0,0.0,64.0,0.0,8,7
2022-08-03 09:20:00,7,24.4,1.0,2.9,5.0,0.0,64.0,0.0,9,7
2022-08-03 09:25:00,7,24.4,1.0,2.9,5.0,0.0,64.0,0.0,9,7
2022-08-03 09:30:00,7,24.4,1.0,2.9,5.0,0.0,64.0,0.0,9,7
2022-08-03 09:35:00,7,27.2,1.0,4.2,6.0,0.0,55.0,0.0,9,7
2022-08-03 09:40:00,7,27.2,1.0,4.2,6.0,0.0,55.0,0.0,9,7
2022-08-03 09:45:00,7,27.2,1.0,4.2,6.0,0.0,55.0,0.0,9,7
2022-08-03 09:50:00,7,27.2,1.0,4.2,6.0,0.0,55.0,0.0,9,8
2022-08-03 09:55:00,7,27.2,1.0,4.2,6.0,0.0,55.0,0.0,9,8
2022-08-03 10:00:00,7,27.2,1.0,4.2,6.0,0.0,55.0,0.0,8,8
2022-08-03 10:05:00,7,27.2,1.0,4.2,6.0,0.0,55.0,0.0,8,8
2022-08-03 10:10:00,7,27.2,1.0,4.2,6.0,0.0,55.0,0.0,8,8
2022-08-03 10:15:00,7,27.2,1.0,4.2,6.0,0.0,55.0,0.0,8,8
2022-08-03 10:20:00,7,27.2,1.0,4.2,6.0,0.0,55.0,0.0,8,9
2022-08-03 10:25:00,7,27.2,1.0,4.2,6.0,0.0,55.0,0.0,8,9
2022-08-03 10:30:00,7,27.2,1.0,4.2,6.0,0.0,55.0,0.0,7,9
2022-08-03 10:35:00,7,28.5,1.0,5.5,7.0,0.0,47.0,0.0,7,9
2022-08-03 10:40:00,7,28.5,1.0,5.5,7.0,0.0,47.0,0.0,7,9
2022-08-03 10:45:00,7,28.5,1.0,5.5,7.0,0.0,47.0,0.0,7,9
2022-08-03 10:50:00,8,28.5,1.0,5.5,7.0,0.0,47.0,0.0,7,9
2022-08-03 11:00:00,8,28.5,1.0,5.5,7.0,0.0,47.0,0.0,7,8
2022-08-03 11:05:00,8,28.5,1.0,5.5,7.0,0.0,47.0,0.0,7,8
2022-08-03 11:10:00,8,28.5,1.0,5.5,7.0,0.0,47.0,0.0,7,8
2022-08-03 11:20:00,9,28.5,1.0,5.5,7.0,0.0,47.0,0.0,7,8
2022-08-03 11:25:00,9,28.5,1.0,5.5,7.0,0.0,47.0,0.0,7,8
2022-08-03 11:30:00,9,28.5,1.0,5.5,7.0,0.0,47.0,0.0,7,7
2022-08-03 11:35:00,9,30.2,1.0,6.8,7.0,0.0,39.0,0.0,7,7
2022-08-03 11:40:00,9,30.2,1.0,6.8,7.0,0.0,39.0,0.0,6,7
2022-08-03 11:45:00,9,30.2,1.0,6.8,7.0,0.0,39.0,0.0,5,7
2022-08-03 11:50:00,9,30.2,1.0,6.8,7.0,0.0,39.0,0.0,4,7
2022-08-03 11:55:00,9,30.2,1.0,6.8,7.0,0.0,39.0,0.0,4,7
2022-08-03 12:00:00,8,30.2,1.0,6.8,7.0,0.0,39.0,0.0,5,7
2022-08-03 12:05:00,8,30.2,1.0,6.8,7.0,0.0,39.0,0.0,4,7
2022-08-03 12:10:00,8,30.2,1.0,6.8,7.0,0.0,39.0,0.0,4,7
2022-08-03 12:15:00,8,30.2,1.0,6.8,7.0,0.0,39.0,0.0,4,7
2022-08-03 12:20:00,8,30.2,1.0,6.8,7.0,0.0,39.0,0.0,4,7
2022-08-03 12:25:00,8,30.2,1.0,6.8,7.0,0.0,39.0,0.0,4,7
2022-08-03 12:30:00,7,30.2,1.0,6.8,7.0,0.0,39.0,0.0,4,7
2022-08-03 12:35:00,7,30.4,1.0,6.5,9.0,0.0,38.0,0.0,5,7
2022-08-03 12:40:00,7,30.4,1.0,6.5,9.0,0.0,38.0,0.0,5,6
2022-08-03 12:45:00,7,30.4,1.0,6.5,9.0,0.0,38.0,0.0,5,5
2022-08-03 12:50:00,7,30.4,1.0,6.5,9.0,0.0,38.0,0.0,5,4
2022-08-03 12:55:00,7,30.4,1.0,6.5,9.0,0.0,38.0,0.0,4,4
2022-08-03 13:00:00,7,30.4,1.0,6.5,9.0,0.0,38.0,0.0,4,5
2022-08-03 13:05:00,7,30.4,1.0,6.5,9.0,0.0,38.0,0.0,4,4
2022-08-03 13:10:00,7,30.4,1.0,6.5,9.0,0.0,38.0,0.0,4,4
2022-08-03 13:15:00,7,30.4,1.0,6.5,9.0,0.0,38.0,0.0,4,4
2022-08-03 13:20:00,7,30.4,1.0,6.5,9.0,0.0,38.0,0.0,4,4
2022-08-03 13:25:00,7,30.4,1.0,6.5,9.0,0.0,38.0,0.0,4,4
2022-08-03 13:30:00,7,30.4,1.0,6.5,9.0,0.0,38.0,0.0,5,4
2022-08-03 13:35:00,7,30.5,1.0,6.1,10.0,0.0,36.0,0.0,7,5
2022-08-03 13:40:00,6,30.5,1.0,6.1,10.0,0.0,36.0,0.0,7,5
2022-08-03 13:45:00,5,30.5,1.0,6.1,10.0,0.0,36.0,0.0,7,5
2022-08-03 13:50:00,4,30.5,1.0,6.1,10.0,0.0,36.0,0.0,7,5
2022-08-03 13:55:00,4,30.5,1.0,6.1,10.0,0.0,36.0,0.0,7,4
2022-08-03 14:00:00,5,30.5,1.0,6.1,10.0,0.0,36.0,0.0,8,4
2022-08-03 14:05:00,4,30.5,1.0,6.1,10.0,0.0,36.0,0.0,8,4
2022-08-03 14:10:00,4,30.5,1.0,6.1,10.0,0.0,36.0,0.0,8,4
2022-08-03 14:15:00,4,30.5,1.0,6.1,10.0,0.0,36.0,0.0,7,4
2022-08-03 14:20:00,4,30.5,1.0,6.1,10.0,0.0,36.0,0.0,7,4
2022-08-03 14:30:00,4,30.5,1.0,6.1,10.0,0.0,36.0,0.0,7,5
2022-08-03 14:35:00,5,30.6,1.0,5.8,11.0,0.0,35.0,0.0,7,7
2022-08-03 14:40:00,5,30.6,1.0,5.8,11.0,0.0,35.0,0.0,7,7
2022-08-03 14:45:00,5,30.6,1.0,5.8,11.0,0.0,35.0,0.0,7,7
2022-08-03 14:50:00,5,30.6,1.0,5.8,11.0,0.0,35.0,0.0,7,7
2022-08-03 14:55:00,4,30.6,1.0,5.8,11.0,0.0,35.0,0.0,6,7
2022-08-03 15:00:00,4,30.6,1.0,5.8,11.0,0.0,35.0,0.0,7,8
2022-08-03 15:05:00,4,30.6,1.0,5.8,11.0,0.0,35.0,0.0,7,8
2022-08-03 15:10:00,4,30.6,1.0,5.8,11.0,0.0,35.0,0.0,9,8
2022-08-03 15:15:00,4,30.6,1.0,5.8,11.0,0.0,35.0,0.0,9,7
2022-08-03 15:20:00,4,30.6,1.0,5.8,11.0,0.0,35.0,0.0,9,7
2022-08-03 15:25:00,4,30.6,1.0,5.8,11.0,0.0,35.0,0.0,9,7
2022-08-03 15:30:00,5,30.6,1.0,5.8,11.0,0.0,35.0,0.0,9,7
2022-08-03 15:35:00,7,30.1,1.0,5.8,15.0,0.0,41.0,0.0,9,7
2022-08-03 15:40:00,7,30.1,1.0,5.8,15.0,0.0,41.0,0.0,10,7
2022-08-03 15:45:00,7,30.1,1.0,5.8,15.0,0.0,41.0,0.0,10,7
2022-08-03 15:50:00,7,30.1,1.0,5.8,15.0,0.0,41.0,0.0,10,7
2022-08-03 15:55:00,7,30.1,1.0,5.8,15.0,0.0,41.0,0.0,10,6
2022-08-03 16:00:00,8,30.1,1.0,5.8,15.0,0.0,41.0,0.0,10,7
2022-08-03 16:06:00,8,30.1,1.0,5.8,15.0,0.0,41.0,0.0,10,9
2022-08-03 16:10:00,8,30.1,1.0,5.8,15.0,0.0,41.0,0.0,10,9
2022-08-03 16:15:00,7,30.1,1.0,5.8,15.0,0.0,41.0,0.0,10,9
2022-08-03 16:20:00,7,30.1,1.0,5.8,15.0,0.0,41.0,0.0,10,9
2022-08-03 16:25:00,7,30.1,1.0,5.8,15.0,0.0,41.0,0.0,10,9
2022-08-03 16:30:00,7,30.1,1.0,5.8,15.0,0.0,41.0,0.0,10,9
2022-08-03 16:38:00,7,27.8,1.0,5.8,20.0,0.0,48.0,0.0,10,10
2022-08-03 16:48:00,7,27.8,1.0,5.8,20.0,0.0,48.0,0.0,10,10
2022-08-03 16:53:00,6,27.8,1.0,5.8,20.0,0.0,48.0,0.0,10,10
2022-08-03 16:58:00,7,27.8,1.0,5.8,20.0,0.0,48.0,0.0,10,10
2022-08-03 17:03:00,7,27.8,1.0,5.8,20.0,0.0,48.0,0.0,10,10
2022-08-03 17:08:00,9,27.8,1.0,5.8,20.0,0.0,48.0,0.0,10,10
2022-08-03 17:13:00,9,27.8,1.0,5.8,20.0,0.0,48.0,0.0,10,10
2022-08-03 17:18:00,9,27.8,1.0,5.8,20.0,0.0,48.0,0.0,9,10
2022-08-03 17:23:00,9,27.8,1.0,5.8,20.0,0.0,48.0,0.0,8,10
2022-08-03 17:28:00,9,27.8,1.0,5.8,20.0,0.0,48.0,0.0,8,10
2022-08-03 17:33:00,9,25.4,1.0,5.8,24.0,0.0,55.0,0.0,10,10
2022-08-03 17:38:00,10,25.4,1.0,5.8,24.0,0.0,55.0,0.0,9,10
2022-08-03 17:43:00,10,25.4,1.0,5.8,24.0,0.0,55.0,0.0,9,10
2022-08-03 17:48:00,10,25.4,1.0,5.8,24.0,0.0,55.0,0.0,8,10
2022-08-03 17:53:00,10,25.4,1.0,5.8,24.0,0.0,55.0,0.0,8,10
2022-08-03 17:58:00,10,25.4,1.0,5.8,24.0,0.0,55.0,0.0,8,10
2022-08-03 18:03:00,10,25.4,1.0,5.8,24.0,0.0,55.0,0.0,8,10
2022-08-03 18:13:00,10,25.4,1.0,5.8,24.0,0.0,55.0,0.0,8,10
2022-08-03 18:18:00,10,25.4,1.0,5.8,24.0,0.0,55.0,0.0,8,9
2022-08-03 18:23:00,10,25.4,1.0,5.8,24.0,0.0,55.0,0.0,9,8
2022-08-03 18:28:00,10,25.4,1.0,5.8,24.0,0.0,55.0,0.0,9,8
2022-08-03 18:33:00,10,24.7,1.0,4.4,23.0,0.0,60.0,0.0,9,10
2022-08-03 18:38:00,10,24.7,1.0,4.4,23.0,0.0,60.0,0.0,9,9
2022-08-03 18:43:00,10,24.7,1.0,4.4,23.0,0.0,60.0,0.0,9,9
2022-08-03 18:48:00,10,24.7,1.0,4.4,23.0,0.0,60.0,0.0,9,8
2022-08-03 18:53:00,10,24.7,1.0,4.4,23.0,0.0,60.0,0.0,9,8
2022-08-03 18:58:00,10,24.7,1.0,4.4,23.0,0.0,60.0,0.0,9,8
2022-08-03 19:03:00,10,24.7,1.0,4.4,23.0,0.0,60.0,0.0,11,8
2022-08-03 19:08:00,10,24.7,1.0,4.4,23.0,0.0,60.0,0.0,10,8
2022-08-03 19:13:00,10,24.7,1.0,4.4,23.0,0.0,60.0,0.0,10,8
2022-08-03 19:18:00,9,24.7,1.0,4.4,23.0,0.0,60.0,0.0,10,8
2022-08-03 19:23:00,8,24.7,1.0,4.4,23.0,0.0,60.0,0.0,10,9
2022-08-03 19:28:00,8,24.7,1.0,4.4,23.0,0.0,60.0,0.0,10,9
2022-08-03 19:33:00,10,22.8,1.0,3.1,22.0,0.0,65.0,0.0,10,9
2022-08-03 19:38:00,9,22.8,1.0,3.1,22.0,0.0,65.0,0.0,11,9
2022-08-03 19:43:00,9,22.8,1.0,3.1,22.0,0.0,65.0,0.0,11,9
2022-08-03 19:48:00,8,22.8,1.0,3.1,22.0,0.0,65.0,0.0,12,9
2022-08-03 20:03:00,8,22.8,1.0,3.1,22.0,0.0,65.0,0.0,12,11
2022-08-03 20:08:00,8,22.8,1.0,3.1,22.0,0.0,65.0,0.0,12,10
2022-08-03 20:18:00,8,22.8,1.0,3.1,22.0,0.0,65.0,0.0,12,10
2022-08-03 20:24:00,9,22.8,1.0,3.1,22.0,0.0,65.0,0.0,12,10
2022-08-03 20:28:00,9,22.8,1.0,3.1,22.0,0.0,65.0,0.0,12,10
2022-08-03 20:33:00,9,20.9,0.0,1.8,21.0,0.0,70.0,0.0,11,10
2022-08-03 20:38:00,9,20.9,0.0,1.8,21.0,0.0,70.0,0.0,11,11
2022-08-03 20:43:00,9,20.9,0.0,1.8,21.0,0.0,70.0,0.0,11,11
2022-08-03 20:48:00,9,20.9,0.0,1.8,21.0,0.0,70.0,0.0,11,12
2022-08-03 20:53:00,9,20.9,0.0,1.8,21.0,0.0,70.0,0.0,11,12
2022-08-03 20:58:00,9,20.9,0.0,1.8,21.0,0.0,70.0,0.0,11,12
2022-08-03 21:03:00,11,20.9,0.0,1.8,21.0,0.0,70.0,0.0,12,12
2022-08-03 21:08:00,10,20.9,0.0,1.8,21.0,0.0,70.0,0.0,12,12
2022-08-03 21:13:00,10,20.9,0.0,1.8,21.0,0.0,70.0,0.0,12,12
2022-08-03 21:18:00,10,20.9,0.0,1.8,21.0,0.0,70.0,0.0,12,12
2022-08-03 21:23:00,10,20.9,0.0,1.8,21.0,0.0,70.0,0.0,12,12
2022-08-03 21:28:00,10,20.9,0.0,1.8,21.0,0.0,70.0,0.0,12,12
2022-08-03 21:34:00,10,20.8,0.0,2.3,17.0,0.0,72.0,0.0,12,11
2022-08-03 21:38:00,11,20.8,0.0,2.3,17.0,0.0,72.0,0.0,12,11
2022-08-03 21:43:00,11,20.8,0.0,2.3,17.0,0.0,72.0,0.0,12,11
2022-08-03 21:48:00,12,20.8,0.0,2.3,17.0,0.0,72.0,0.0,12,11
2022-08-03 21:58:00,12,20.8,0.0,2.3,17.0,0.0,72.0,0.0,12,11
2022-08-03 22:03:00,12,20.8,0.0,2.3,17.0,0.0,72.0,0.0,12,12
2022-08-03 22:08:00,12,20.8,0.0,2.3,17.0,0.0,72.0,0.0,12,12
2022-08-03 22:13:00,12,20.8,0.0,2.3,17.0,0.0,72.0,0.0,12,12
2022-08-03 22:18:00,12,20.8,0.0,2.3,17.0,0.0,72.0,0.0,11,12
2022-08-03 22:23:00,12,20.8,0.0,2.3,17.0,0.0,72.0,0.0,11,12
2022-08-03 22:28:00,12,20.8,0.0,2.3,17.0,0.0,72.0,0.0,11,12
2022-08-03 22:33:00,11,20.8,0.0,2.8,14.0,0.0,75.0,0.0,11,12
2022-08-03 22:38:00,11,20.8,0.0,2.8,14.0,0.0,75.0,0.0,11,12
2022-08-03 22:44:00,11,20.8,0.0,2.8,14.0,0.0,75.0,0.0,11,12
2022-08-03 22:48:00,11,20.8,0.0,2.8,14.0,0.0,75.0,0.0,11,12
2022-08-03 22:53:00,11,20.8,0.0,2.8,14.0,0.0,75.0,0.0,11,12
2022-08-03 22:58:00,11,20.8,0.0,2.8,14.0,0.0,75.0,0.0,11,12
2022-08-03 23:03:00,12,20.8,0.0,2.8,14.0,0.0,75.0,0.0,11,12
2022-08-03 23:08:00,12,20.8,0.0,2.8,14.0,0.0,75.0,0.0,11,12
2022-08-03 23:13:00,12,20.8,0.0,2.8,14.0,0.0,75.0,0.0,11,12
2022-08-03 23:18:00,12,20.8,0.0,2.8,14.0,0.0,75.0,0.0,11,11
2022-08-03 23:28:00,12,20.8,0.0,2.8,14.0,0.0,75.0,0.0,12,11
2022-08-03 23:33:00,12,20.8,0.0,2.8,14.0,0.0,75.0,0.0,12,11
2022-08-03 23:38:00,12,20.8,0.0,2.8,14.0,0.0,75.0,0.0,12,11
2022-08-03 23:43:00,12,20.8,0.0,2.8,14.0,0.0,75.0,0.0,12,11
2022-08-03 23:53:00,12,20.8,0.0,2.8,14.0,0.0,75.0,0.0,12,11
2022-08-03 23:58:00,12,20.8,0.0,2.8,14.0,0.0,75.0,0.0,12,11
2022-08-04 00:03:00,12,21.0,0.0,3.2,10.0,0.0,77.0,0.0,12,11
2022-08-04 00:08:00,12,21.0,0.0,3.2,10.0,0.0,77.0,0.0,12,11
2022-08-04 00:13:00,12,21.0,0.0,3.2,10.0,0.0,77.0,0.0,12,11
2022-08-04 00:18:00,11,21.0,0.0,3.2,10.0,0.0,77.0,0.0,12,11
2022-08-04 00:23:00,11,21.0,0.0,3.2,10.0,0.0,77.0,0.0,12,11
2022-08-04 00:28:00,11,21.0,0.0,3.2,10.0,0.0,77.0,0.0,12,12
2022-08-04 00:33:00,11,20.7,0.0,2.8,9.0,0.0,78.0,0.0,13,12
2022-08-04 00:38:00,11,20.7,0.0,2.8,9.0,0.0,78.0,0.0,13,12
2022-08-04 00:43:00,11,20.7,0.0,2.8,9.0,0.0,78.0,0.0,13,12
2022-08-04 00:48:00,11,20.7,0.0,2.8,9.0,0.0,78.0,0.0,13,12
2022-08-04 00:58:00,11,20.7,0.0,2.8,9.0,0.0,78.0,0.0,13,12
2022-08-04 01:04:00,11,20.7,0.0,2.8,9.0,0.0,78.0,0.0,13,12
2022-08-04 01:08:00,11,20.7,0.0,2.8,9.0,0.0,78.0,0.0,13,12
2022-08-04 01:13:00,11,20.7,0.0,2.8,9.0,0.0,78.0,0.0,13,12
2022-08-04 01:18:00,11,20.7,0.0,2.8,9.0,0.0,78.0,0.0,13,12
2022-08-04 01:23:00,11,20.7,0.0,2.8,9.0,0.0,78.0,0.0,13,12
2022-08-04 01:28:00,12,20.7,0.0,2.8,9.0,0.0,78.0,0.0,13,12
2022-08-04 01:33:00,12,20.4,0.0,2.3,7.0,0.0,80.0,0.0,13,13
2022-08-04 01:38:00,12,20.4,0.0,2.3,7.0,0.0,80.0,0.0,13,13
2022-08-04 01:43:00,12,20.4,0.0,2.3,7.0,0.0,80.0,0.0,13,13
2022-08-04 01:48:00,12,20.4,0.0,2.3,7.0,0.0,80.0,0.0,13,13
2022-08-04 01:53:00,12,20.4,0.0,2.3,7.0,0.0,80.0,0.0,13,13
2022-08-04 01:58:00,12,20.4,0.0,2.3,7.0,0.0,80.0,0.0,13,13
2022-08-04 02:04:00,12,20.4,0.0,2.3,7.0,0.0,80.0,0.0,13,13
2022-08-04 02:08:00,12,20.4,0.0,2.3,7.0,0.0,80.0,0.0,13,13
2022-08-04 02:13:00,12,20.4,0.0,2.3,7.0,0.0,80.0,0.0,13,13
2022-08-04 02:18:00,12,20.4,0.0,2.3,7.0,0.0,80.0,0.0,13,13
2022-08-04 02:23:00,12,20.4,0.0,2.3,7.0,0.0,80.0,0.0,13,13
2022-08-04 02:28:00,12,20.4,0.0,2.3,7.0,0.0,80.0,0.0,13,13
2022-08-04 02:33:00,13,20.1,0.0,1.8,6.0,0.0,81.0,0.0,13,13
2022-08-04 02:38:00,13,20.1,0.0,1.8,6.0,0.0,81.0,0.0,13,13
2022-08-04 02:43:00,13,20.1,0.0,1.8,6.0,0.0,81.0,0.0,13,13
2022-08-04 02:48:00,13,20.1,0.0,1.8,6.0,0.0,81.0,0.0,13,13
2022-08-04 02:53:00,13,20.1,0.0,1.8,6.0,0.0,81.0,0.0,13,13
2022-08-04 02:58:00,13,20.1,0.0,1.8,6.0,0.0,81.0,0.0,13,13
2022-08-04 03:04:00,13,20.1,0.0,1.8,6.0,0.0,81.0,0.0,13,13
2022-08-04 03:08:00,13,20.1,0.0,1.8,6.0,0.0,81.0,0.0,13,13
2022-08-04 03:13:00,13,20.1,0.0,1.8,6.0,0.0,81.0,0.0,13,13
2022-08-04 03:18:00,13,20.1,0.0,1.8,6.0,0.0,81.0,0.0,13,13
2022-08-04 03:23:00,13,20.1,0.0,1.8,6.0,0.0,81.0,0.0,13,13
2022-08-04 03:28:00,13,20.1,0.0,1.8,6.0,0.0,81.0,0.0,13,13
2022-08-04 03:33:00,13,20.1,0.0,1.8,6.0,0.0,81.0,0.0,13,13
2022-08-04 03:38:00,13,20.1,0.0,1.8,6.0,0.0,81.0,0.0,13,13
2022-08-04 03:43:00,13,20.1,0.0,1.8,6.0,0.0,81.0,0.0,13,13
2022-08-04 03:48:00,13,20.1,0.0,1.8,6.0,0.0,81.0,0.0,13,13
2022-08-04 03:53:00,13,20.1,0.0,1.8,6.0,0.0,81.0,0.0,13,13
2022-08-04 03:58:00,13,20.1,0.0,1.8,6.0,0.0,81.0,0.0,13,13
2022-08-04 04:03:00,13,20.1,0.0,1.8,6.0,0.0,81.0,0.0,13,13
2022-08-04 04:08:00,13,20.1,0.0,1.8,6.0,0.0,81.0,0.0,13,13
2022-08-04 04:13:00,13,20.1,0.0,1.8,6.0,0.0,81.0,0.0,12,13
2022-08-04 04:18:00,13,20.1,0.0,1.8,6.0,0.0,81.0,0.0,12,13
2022-08-04 04:23:00,13,20.1,0.0,1.8,6.0,0.0,81.0,0.0,12,13
2022-08-04 04:33:00,13,20.0,0.0,1.8,7.0,0.0,81.0,0.0,12,13
2022-08-04 04:43:00,13,20.0,0.0,1.8,7.0,0.0,81.0,0.0,12,13
2022-08-04 04:54:00,13,20.0,0.0,1.8,7.0,0.0,81.0,0.0,12,13
2022-08-04 05:04:00,13,20.0,0.0,1.8,7.0,0.0,81.0,0.0,12,13
2022-08-04 05:08:00,13,20.0,0.0,1.8,7.0,0.0,81.0,0.0,12,13
2022-08-04 05:14:00,13,20.0,0.0,1.8,7.0,0.0,81.0,0.0,12,12
2022-08-04 05:18:00,13,20.0,0.0,1.8,7.0,0.0,81.0,0.0,12,12
2022-08-04 05:28:00,13,20.0,0.0,1.8,7.0,0.0,81.0,0.0,12,12
2022-08-04 05:33:00,13,19.9,1.0,1.8,7.0,0.0,80.0,0.0,12,12
2022-08-04 05:38:00,13,19.9,1.0,1.8,7.0,0.0,80.0,0.0,12,12
2022-08-04 05:44:00,13,19.9,1.0,1.8,7.0,0.0,80.0,0.0,12,12
2022-08-04 05:48:00,13,19.9,1.0,1.8,7.0,0.0,80.0,0.0,11,12
2022-08-04 05:53:00,13,19.9,1.0,1.8,7.0,0.0,80.0,0.0,11,12
2022-08-04 05:58:00,13,19.9,1.0,1.8,7.0,0.0,80.0,0.0,11,12
2022-08-04 06:04:00,13,19.9,1.0,1.8,7.0,0.0,80.0,0.0,11,12
2022-08-04 06:08:00,13,19.9,1.0,1.8,7.0,0.0,80.0,0.0,11,12
2022-08-04 06:14:00,12,19.9,1.0,1.8,7.0,0.0,80.0,0.0,11,12
2022-08-04 06:18:00,12,19.9,1.0,1.8,7.0,0.0,80.0,0.0,10,12
2022-08-04 06:24:00,12,19.9,1.0,1.8,7.0,0.0,80.0,0.0,9,12
2022-08-04 06:28:00,12,19.9,1.0,1.8,7.0,0.0,80.0,0.0,9,12
2022-08-04 06:34:00,12,21.1,1.0,2.0,7.0,0.0,70.0,0.0,9,12
2022-08-04 06:38:00,12,21.1,1.0,2.0,7.0,0.0,70.0,0.0,9,12
2022-08-04 06:44:00,12,21.1,1.0,2.0,7.0,0.0,70.0,0.0,8,12
2022-08-04 06:48:00,12,21.1,1.0,2.0,7.0,0.0,70.0,0.0,8,11
2022-08-04 06:54:00,12,21.1,1.0,2.0,7.0,0.0,70.0,0.0,8,11
2022-08-04 06:59:00,12,21.1,1.0,2.0,7.0,0.0,70.0,0.0,8,11
2022-08-04 07:04:00,12,21.1,1.0,2.0,7.0,0.0,70.0,0.0,8,11
2022-08-04 07:08:00,12,21.1,1.0,2.0,7.0,0.0,70.0,0.0,8,11
2022-08-04 07:14:00,12,21.1,1.0,2.0,7.0,0.0,70.0,0.0,8,11
2022-08-04 07:18:00,12,21.1,1.0,2.0,7.0,0.0,70.0,0.0,8,10
2022-08-04 07:29:00,12,21.1,1.0,2.0,7.0,0.0,70.0,0.0,7,9
2022-08-04 07:34:00,12,23.9,1.0,2.3,7.0,0.0,60.0,0.0,7,9
2022-08-04 07:39:00,12,23.9,1.0,2.3,7.0,0.0,60.0,0.0,6,9
2022-08-04 07:44:00,12,23.9,1.0,2.3,7.0,0.0,60.0,0.0,5,8
2022-08-04 07:48:00,11,23.9,1.0,2.3,7.0,0.0,60.0,0.0,5,8
2022-08-04 07:54:00,11,23.9,1.0,2.3,7.0,0.0,60.0,0.0,5,8
2022-08-04 07:58:00,11,23.9,1.0,2.3,7.0,0.0,60.0,0.0,5,8
2022-08-04 08:04:00,11,23.9,1.0,2.3,7.0,0.0,60.0,0.0,5,8
2022-08-04 08:08:00,11,23.9,1.0,2.3,7.0,0.0,60.0,0.0,5,8
2022-08-04 08:14:00,11,23.9,1.0,2.3,7.0,0.0,60.0,0.0,5,8
2022-08-04 08:18:00,10,23.9,1.0,2.3,7.0,0.0,60.0,0.0,5,8
2022-08-04 08:24:00,9,23.9,1.0,2.3,7.0,0.0,60.0,0.0,5,7
2022-08-04 08:34:00,9,26.7,1.0,2.5,7.0,0.0,49.0,0.0,5,7
2022-08-04 08:38:00,9,26.7,1.0,2.5,7.0,0.0,49.0,0.0,5,6
2022-08-04 08:44:00,8,26.7,1.0,2.5,7.0,0.0,49.0,0.0,5,5
2022-08-04 08:48:00,8,26.7,1.0,2.5,7.0,0.0,49.0,0.0,5,5
2022-08-04 08:54:00,8,26.7,1.0,2.5,7.0,0.0,49.0,0.0,5,5
2022-08-04 08:59:00,8,26.7,1.0,2.5,7.0,0.0,49.0,0.0,5,5
2022-08-04 09:04:00,8,26.7,1.0,2.5,7.0,0.0,49.0,0.0,3,5
2022-08-04 09:09:00,8,26.7,1.0,2.5,7.0,0.0,49.0,0.0,3,5
2022-08-04 09:14:00,8,26.7,1.0,2.5,7.0,0.0,49.0,0.0,3,5
2022-08-04 09:19:00,8,26.7,1.0,2.5,7.0,0.0,49.0,0.0,3,5
2022-08-04 09:24:00,7,26.7,1.0,2.5,7.0,0.0,49.0,0.0,3,5
2022-08-04 09:28:00,7,26.7,1.0,2.5,7.0,0.0,49.0,0.0,3,5
2022-08-04 09:34:00,7,29.3,1.0,3.7,7.0,0.0,44.0,0.0,3,5
2022-08-04 09:39:00,6,29.3,1.0,3.7,7.0,0.0,44.0,0.0,3,5
2022-08-04 09:44:00,5,29.3,1.0,3.7,7.0,0.0,44.0,0.0,3,5
2022-08-04 09:49:00,5,29.3,1.0,3.7,7.0,0.0,44.0,0.0,3,5
2022-08-04 09:54:00,5,29.3,1.0,3.7,7.0,0.0,44.0,0.0,3,5
2022-08-04 09:59:00,5,29.3,1.0,3.7,7.0,0.0,44.0,0.0,3,5
2022-08-04 10:04:00,5,29.3,1.0,3.7,7.0,0.0,44.0,0.0,3,3
2022-08-04 10:08:00,5,29.3,1.0,3.7,7.0,0.0,44.0,0.0,3,3
2022-08-04 10:14:00,5,29.3,1.0,3.7,7.0,0.0,44.0,0.0,3,3
2022-08-04 10:19:00,5,29.3,1.0,3.7,7.0,0.0,44.0,0.0,3,3
2022-08-04 10:24:00,5,29.3,1.0,3.7,7.0,0.0,44.0,0.0,3,3
2022-08-04 10:29:00,5,29.3,1.0,3.7,7.0,0.0,44.0,0.0,4,3
2022-08-04 10:34:00,5,30.6,1.0,4.9,7.0,0.0,38.0,0.0,4,3
2022-08-04 10:44:00,5,30.6,1.0,4.9,7.0,0.0,38.0,0.0,3,3
2022-08-04 10:49:00,5,30.6,1.0,4.9,7.0,0.0,38.0,0.0,3,3
2022-08-04 10:54:00,5,30.6,1.0,4.9,7.0,0.0,38.0,0.0,3,3
2022-08-04 10:59:00,5,30.6,1.0,4.9,7.0,0.0,38.0,0.0,3,3
2022-08-04 11:04:00,3,30.6,1.0,4.9,7.0,0.0,38.0,0.0,3,3
2022-08-04 11:09:00,3,30.6,1.0,4.9,7.0,0.0,38.0,0.0,3,3
2022-08-04 11:14:00,3,30.6,1.0,4.9,7.0,0.0,38.0,0.0,3,3
2022-08-04 11:19:00,3,30.6,1.0,4.9,7.0,0.0,38.0,0.0,3,3
2022-08-04 11:24:00,3,30.6,1.0,4.9,7.0,0.0,38.0,0.0,3,3
2022-08-04 11:29:00,3,30.6,1.0,4.9,7.0,0.0,38.0,0.0,3,4
2022-08-04 11:34:00,3,32.4,1.0,6.1,7.0,0.0,32.0,0.0,3,4
2022-08-04 11:39:00,3,32.4,1.0,6.1,7.0,0.0,32.0,0.0,3,3
2022-08-04 11:44:00,3,32.4,1.0,6.1,7.0,0.0,32.0,0.0,3,3
2022-08-04 11:49:00,3,32.4,1.0,6.1,7.0,0.0,32.0,0.0,3,3
2022-08-04 11:54:00,3,32.4,1.0,6.1,7.0,0.0,32.0,0.0,3,3
2022-08-04 11:59:00,3,32.4,1.0,6.1,7.0,0.0,32.0,0.0,3,3
2022-08-04 12:04:00,3,32.4,1.0,6.1,7.0,0.0,32.0,0.0,2,3
2022-08-04 12:09:00,3,32.4,1.0,6.1,7.0,0.0,32.0,0.0,3,3
2022-08-04 12:14:00,3,32.4,1.0,6.1,7.0,0.0,32.0,0.0,2,3
2022-08-04 12:19:00,3,32.4,1.0,6.1,7.0,0.0,32.0,0.0,2,3
2022-08-04 12:24:00,3,32.4,1.0,6.1,7.0,0.0,32.0,0.0,2,3
2022-08-04 12:29:00,4,32.4,1.0,6.1,7.0,0.0,32.0,0.0,2,3
2022-08-04 12:34:00,4,32.6,1.0,6.0,6.0,0.0,31.0,0.0,2,3
2022-08-04 12:39:00,3,32.6,1.0,6.0,6.0,0.0,31.0,0.0,2,3
2022-08-04 12:44:00,3,32.6,1.0,6.0,6.0,0.0,31.0,0.0,2,3
2022-08-04 12:49:00,3,32.6,1.0,6.0,6.0,0.0,31.0,0.0,2,3
2022-08-04 12:54:00,3,32.6,1.0,6.0,6.0,0.0,31.0,0.0,2,3
2022-08-04 12:59:00,3,32.6,1.0,6.0,6.0,0.0,31.0,0.0,2,3
2022-08-04 13:04:00,3,32.6,1.0,6.0,6.0,0.0,31.0,0.0,2,2
2022-08-04 13:09:00,3,32.6,1.0,6.0,6.0,0.0,31.0,0.0,2,3
2022-08-04 13:14:00,3,32.6,1.0,6.0,6.0,0.0,31.0,0.0,2,2
2022-08-04 13:19:00,3,32.6,1.0,6.0,6.0,0.0,31.0,0.0,2,2
2022-08-04 13:24:00,3,32.6,1.0,6.0,6.0,0.0,31.0,0.0,3,2
2022-08-04 13:29:00,3,32.6,1.0,6.0,6.0,0.0,31.0,0.0,2,2
2022-08-04 13:39:00,3,32.7,1.0,5.9,6.0,0.0,30.0,0.0,1,2
2022-08-04 13:44:00,3,32.7,1.0,5.9,6.0,0.0,30.0,0.0,1,2
2022-08-04 13:49:00,3,32.7,1.0,5.9,6.0,0.0,30.0,0.0,2,2
2022-08-04 13:54:00,3,32.7,1.0,5.9,6.0,0.0,30.0,0.0,2,2
2022-08-04 13:59:00,3,32.7,1.0,5.9,6.0,0.0,30.0,0.0,2,2
2022-08-04 14:04:00,2,32.7,1.0,5.9,6.0,0.0,30.0,0.0,1,2
2022-08-04 14:09:00,3,32.7,1.0,5.9,6.0,0.0,30.0,0.0,2,2
2022-08-04 14:14:00,2,32.7,1.0,5.9,6.0,0.0,30.0,0.0,2,2
2022-08-04 14:19:00,2,32.7,1.0,5.9,6.0,0.0,30.0,0.0,4,2
2022-08-04 14:24:00,2,32.7,1.0,5.9,6.0,0.0,30.0,0.0,4,3
2022-08-04 14:29:00,2,32.7,1.0,5.9,6.0,0.0,30.0,0.0,4,2
2022-08-04 14:34:00,2,32.4,1.0,5.8,6.0,0.0,30.0,0.0,4,3
2022-08-04 14:39:00,2,32.4,1.0,5.8,6.0,0.0,30.0,0.0,4,1
2022-08-04 14:44:00,2,32.4,1.0,5.8,6.0,0.0,30.0,0.0,4,1
2022-08-04 14:49:00,2,32.4,1.0,5.8,6.0,0.0,30.0,0.0,4,2
2022-08-04 14:54:00,2,32.4,1.0,5.8,6.0,0.0,30.0,0.0,4,2
2022-08-04 14:59:00,2,32.4,1.0,5.8,6.0,0.0,30.0,0.0,4,2
2022-08-04 15:04:00,2,32.4,1.0,5.8,6.0,0.0,30.0,0.0,4,1
2022-08-04 15:09:00,2,32.4,1.0,5.8,6.0,0.0,30.0,0.0,4,2
2022-08-04 15:14:00,2,32.4,1.0,5.8,6.0,0.0,30.0,0.0,4,2
2022-08-04 15:19:00,2,32.4,1.0,5.8,6.0,0.0,30.0,0.0,4,4
2022-08-04 15:24:00,3,32.4,1.0,5.8,6.0,0.0,30.0,0.0,4,4
2022-08-04 15:29:00,2,32.4,1.0,5.8,6.0,0.0,30.0,0.0,4,4
2022-08-04 15:34:00,3,32.0,1.0,5.4,5.0,0.0,36.0,0.0,4,4
2022-08-04 15:39:00,1,32.0,1.0,5.4,5.0,0.0,36.0,0.0,4,4
2022-08-04 15:44:00,1,32.0,1.0,5.4,5.0,0.0,36.0,0.0,4,4
2022-08-04 15:49:00,2,32.0,1.0,5.4,5.0,0.0,36.0,0.0,4,4
2022-08-04 15:54:00,2,32.0,1.0,5.4,5.0,0.0,36.0,0.0,4,4
2022-08-04 15:59:00,2,32.0,1.0,5.4,5.0,0.0,36.0,0.0,4,4
2022-08-04 16:04:00,1,32.0,1.0,5.4,5.0,0.0,36.0,0.0,4,4
2022-08-04 16:09:00,2,32.0,1.0,5.4,5.0,0.0,36.0,0.0,4,4
2022-08-04 16:14:00,2,32.0,1.0,5.4,5.0,0.0,36.0,0.0,4,4
2022-08-04 16:19:00,4,32.0,1.0,5.4,5.0,0.0,36.0,0.0,4,4
2022-08-04 16:24:00,4,32.0,1.0,5.4,5.0,0.0,36.0,0.0,4,4
2022-08-04 16:29:00,4,32.0,1.0,5.4,5.0,0.0,36.0,0.0,4,4
2022-08-04 16:34:00,4,30.6,1.0,5.0,4.0,0.0,43.0,0.0,3,4
2022-08-04 16:39:00,4,30.6,1.0,5.0,4.0,0.0,43.0,0.0,1,4
2022-08-04 16:44:00,4,30.6,1.0,5.0,4.0,0.0,43.0,0.0,1,4
2022-08-04 16:49:00,4,30.6,1.0,5.0,4.0,0.0,43.0,0.0,1,4
2022-08-04 16:54:00,4,30.6,1.0,5.0,4.0,0.0,43.0,0.0,1,4
2022-08-04 16:59:00,4,30.6,1.0,5.0,4.0,0.0,43.0,0.0,1,4
2022-08-04 17:04:00,4,30.6,1.0,5.0,4.0,0.0,43.0,0.0,1,4
2022-08-04 17:09:00,4,30.6,1.0,5.0,4.0,0.0,43.0,0.0,3,4
2022-08-04 17:14:00,4,30.6,1.0,5.0,4.0,0.0,43.0,0.0,4,4
2022-08-04 17:19:00,4,30.6,1.0,5.0,4.0,0.0,43.0,0.0,5,4
2022-08-04 17:24:00,4,30.6,1.0,5.0,4.0,0.0,43.0,0.0,5,4
2022-08-04 17:29:00,4,30.6,1.0,5.0,4.0,0.0,43.0,0.0,5,4
2022-08-04 17:34:00,4,29.2,1.0,4.7,4.0,0.0,50.0,0.0,5,3
2022-08-04 17:39:00,4,29.2,1.0,4.7,4.0,0.0,50.0,0.0,4,1
2022-08-04 17:44:00,4,29.2,1.0,4.7,4.0,0.0,50.0,0.0,3,1
2022-08-04 17:49:00,4,29.2,1.0,4.7,4.0,0.0,50.0,0.0,3,1
2022-08-04 17:54:00,4,29.2,1.0,4.7,4.0,0.0,50.0,0.0,3,1
2022-08-04 17:59:00,4,29.2,1.0,4.7,4.0,0.0,50.0,0.0,3,1
2022-08-04 18:04:00,4,29.2,1.0,4.7,4.0,0.0,50.0,0.0,3,1
2022-08-04 18:09:00,4,29.2,1.0,4.7,4.0,0.0,50.0,0.0,3,3
2022-08-04 18:19:00,4,29.2,1.0,4.7,4.0,0.0,50.0,0.0,3,5
2022-08-04 18:24:00,4,29.2,1.0,4.7,4.0,0.0,50.0,0.0,3,5
2022-08-04 18:29:00,4,29.2,1.0,4.7,4.0,0.0,50.0,0.0,3,5
2022-08-04 18:34:00,3,26.7,1.0,4.2,7.0,0.0,53.0,0.0,3,5
2022-08-04 18:39:00,1,26.7,1.0,4.2,7.0,0.0,53.0,0.0,3,4
2022-08-04 18:44:00,1,26.7,1.0,4.2,7.0,0.0,53.0,0.0,3,3
2022-08-04 18:49:00,1,26.7,1.0,4.2,7.0,0.0,53.0,0.0,3,3
2022-08-04 18:54:00,1,26.7,1.0,4.2,7.0,0.0,53.0,0.0,3,3
2022-08-04 18:59:00,1,26.7,1.0,4.2,7.0,0.0,53.0,0.0,3,3
2022-08-04 19:04:00,1,26.7,1.0,4.2,7.0,0.0,53.0,0.0,5,3
2022-08-04 19:09:00,3,26.7,1.0,4.2,7.0,0.0,53.0,0.0,5,3
2022-08-04 19:14:00,4,26.7,1.0,4.2,7.0,0.0,53.0,0.0,5,3
2022-08-04 19:19:00,5,26.7,1.0,4.2,7.0,0.0,53.0,0.0,5,3
2022-08-04 19:24:00,5,26.7,1.0,4.2,7.0,0.0,53.0,0.0,6,3
2022-08-04 19:34:00,5,25.5,1.0,3.7,11.0,0.0,57.0,0.0,7,3
2022-08-04 19:39:00,4,25.5,1.0,3.7,11.0,0.0,57.0,0.0,7,3
2022-08-04 19:44:00,3,25.5,1.0,3.7,11.0,0.0,57.0,0.0,7,3
2022-08-04 19:49:00,3,25.5,1.0,3.7,11.0,0.0,57.0,0.0,7,3
2022-08-04 19:54:00,3,25.5,1.0,3.7,11.0,0.0,57.0,0.0,7,3
2022-08-04 20:04:00,3,25.5,1.0,3.7,11.0,0.0,57.0,0.0,7,5
2022-08-04 20:09:00,3,25.5,1.0,3.7,11.0,0.0,57.0,0.0,7,5
2022-08-04 20:14:00,3,25.5,1.0,3.7,11.0,0.0,57.0,0.0,7,5
2022-08-04 20:19:00,3,25.5,1.0,3.7,11.0,0.0,57.0,0.0,7,5
2022-08-04 20:24:00,3,25.5,1.0,3.7,11.0,0.0,57.0,0.0,7,6
2022-08-04 20:29:00,3,25.5,1.0,3.7,11.0,0.0,57.0,0.0,7,7
2022-08-04 20:34:00,3,24.3,0.0,3.2,15.0,0.0,61.0,0.0,7,7
2022-08-04 20:39:00,3,24.3,0.0,3.2,15.0,0.0,61.0,0.0,7,7
2022-08-04 20:44:00,3,24.3,0.0,3.2,15.0,0.0,61.0,0.0,7,7
2022-08-04 20:49:00,3,24.3,0.0,3.2,15.0,0.0,61.0,0.0,7,7
2022-08-04 20:54:00,3,24.3,0.0,3.2,15.0,0.0,61.0,0.0,7,7
2022-08-04 20:59:00,3,24.3,0.0,3.2,15.0,0.0,61.0,0.0,7,7
2022-08-04 21:04:00,5,24.3,0.0,3.2,15.0,0.0,61.0,0.0,7,7
2022-08-04 21:09:00,5,24.3,0.0,3.2,15.0,0.0,61.0,0.0,7,7
2022-08-04 21:14:00,5,24.3,0.0,3.2,15.0,0.0,61.0,0.0,7,7
2022-08-04 21:24:00,6,24.3,0.0,3.2,15.0,0.0,61.0,0.0,7,7
2022-08-04 21:29:00,7,24.3,0.0,3.2,15.0,0.0,61.0,0.0,7,7
2022-08-04 21:34:00,7,23.8,0.0,3.1,12.0,0.0,65.0,0.0,7,7
2022-08-04 21:39:00,7,23.8,0.0,3.1,12.0,0.0,65.0,0.0,7,7
2022-08-04 21:44:00,7,23.8,0.0,3.1,12.0,0.0,65.0,0.0,7,7
2022-08-04 21:49:00,7,23.8,0.0,3.1,12.0,0.0,65.0,0.0,7,7
2022-08-04 21:54:00,7,23.8,0.0,3.1,12.0,0.0,65.0,0.0,7,7
2022-08-04 21:59:00,7,23.8,0.0,3.1,12.0,0.0,65.0,0.0,7,7
2022-08-04 22:09:00,7,23.8,0.0,3.1,12.0,0.0,65.0,0.0,7,7
2022-08-04 22:14:00,7,23.8,0.0,3.1,12.0,0.0,65.0,0.0,7,7
2022-08-04 22:19:00,7,23.8,0.0,3.1,12.0,0.0,65.0,0.0,7,7
2022-08-06 12:26:00,7,32.3,1.0,13.7,17.0,0.0,41.0,0.0,8,8
2022-08-06 12:31:00,7,31.8,1.0,13.9,74.0,0.1,40.0,0.0,8,8
2022-08-06 12:36:00,7,31.8,1.0,13.9,74.0,0.1,40.0,0.0,8,8
2022-08-06 12:41:00,7,31.8,1.0,13.9,74.0,0.1,40.0,0.0,8,8
2022-08-06 12:46:00,7,31.8,1.0,13.9,74.0,0.1,40.0,0.0,8,8
2022-08-06 12:51:00,6,31.8,1.0,13.9,74.0,0.1,40.0,0.0,8,8
2022-08-06 12:56:00,6,31.8,1.0,13.9,74.0,0.1,40.0,0.0,8,8
2022-08-06 13:01:00,6,31.8,1.0,13.9,74.0,0.1,40.0,0.0,8,8
2022-08-06 13:06:00,6,31.8,1.0,13.9,74.0,0.1,40.0,0.0,8,8
2022-08-06 13:11:00,5,31.8,1.0,13.9,74.0,0.1,40.0,0.0,7,8
2022-08-06 13:16:00,5,31.8,1.0,13.9,74.0,0.1,40.0,0.0,6,8
2022-08-06 13:21:00,5,31.8,1.0,13.9,74.0,0.1,40.0,0.0,6,8
2022-08-06 13:26:00,8,31.8,1.0,13.9,74.0,0.1,40.0,0.0,6,8
2022-08-06 13:31:00,8,31.2,1.0,14.2,76.0,0.1,39.0,0.0,6,8
2022-08-06 13:36:00,8,31.2,1.0,14.2,76.0,0.1,39.0,0.0,6,8
2022-08-06 13:41:00,8,31.2,1.0,14.2,76.0,0.1,39.0,0.0,6,8
2022-08-06 13:47:00,8,31.2,1.0,14.2,76.0,0.1,39.0,0.0,7,8
2022-08-06 13:51:00,8,31.2,1.0,14.2,76.0,0.1,39.0,0.0,7,8
2022-08-06 13:57:00,8,31.2,1.0,14.2,76.0,0.1,39.0,0.0,7,8
2022-08-06 14:01:00,8,31.2,1.0,14.2,76.0,0.1,39.0,0.0,7,8
2022-08-06 14:06:00,8,31.2,1.0,14.2,76.0,0.1,39.0,0.0,8,8
2022-08-06 14:11:00,8,31.2,1.0,14.2,76.0,0.1,39.0,0.0,8,7
2022-08-06 14:16:00,8,31.2,1.0,14.2,76.0,0.1,39.0,0.0,8,6
2022-08-06 14:21:00,8,31.2,1.0,14.2,76.0,0.1,39.0,0.0,8,6
2022-08-06 14:26:00,8,31.2,1.0,14.2,76.0,0.1,39.0,0.0,8,6
2022-08-06 14:31:00,8,30.7,1.0,14.4,89.0,0.1,38.0,0.0,8,6
2022-08-06 14:37:00,8,30.7,1.0,14.4,89.0,0.1,38.0,0.0,8,6
2022-08-06 14:41:00,8,30.7,1.0,14.4,89.0,0.1,38.0,0.0,8,6
2022-08-06 14:47:00,8,30.7,1.0,14.4,89.0,0.1,38.0,0.0,8,7
2022-08-06 14:51:00,8,30.7,1.0,14.4,89.0,0.1,38.0,0.0,8,7
2022-08-06 14:57:00,8,30.7,1.0,14.4,89.0,0.1,38.0,0.0,8,7
2022-08-06 15:01:00,8,30.7,1.0,14.4,89.0,0.1,38.0,0.0,8,7
2022-08-06 15:06:00,8,30.7,1.0,14.4,89.0,0.1,38.0,0.0,8,8
2022-08-06 15:11:00,7,30.7,1.0,14.4,89.0,0.1,38.0,0.0,8,8
2022-08-06 15:16:00,6,30.7,1.0,14.4,89.0,0.1,38.0,0.0,8,8
2022-08-06 15:21:00,6,30.7,1.0,14.4,89.0,0.1,38.0,0.0,10,8
2022-08-06 15:26:00,6,30.7,1.0,14.4,89.0,0.1,38.0,0.0,10,8
2022-08-06 15:31:00,6,29.1,1.0,14.4,19.0,0.0,41.0,0.0,10,8
2022-08-06 15:41:00,6,29.1,1.0,14.4,19.0,0.0,41.0,0.0,10,8
2022-08-06 15:46:00,7,29.1,1.0,14.4,19.0,0.0,41.0,0.0,10,8
2022-08-06 15:51:00,7,29.1,1.0,14.4,19.0,0.0,41.0,0.0,10,8
2022-08-06 15:57:00,7,29.1,1.0,14.4,19.0,0.0,41.0,0.0,10,8
2022-08-06 16:01:00,7,29.1,1.0,14.4,19.0,0.0,41.0,0.0,10,8
2022-08-06 16:06:00,8,29.1,1.0,14.4,19.0,0.0,41.0,0.0,10,8
2022-08-06 16:11:00,8,29.1,1.0,14.4,19.0,0.0,41.0,0.0,10,8
2022-08-06 16:21:00,8,29.1,1.0,14.4,19.0,0.0,41.0,0.0,10,10
2022-08-06 16:27:00,8,29.1,1.0,14.4,19.0,0.0,41.0,0.0,10,10
2022-08-06 16:31:00,8,27.5,1.0,14.4,22.0,0.0,45.0,0.0,10,10
2022-08-06 16:37:00,8,27.5,1.0,14.4,22.0,0.0,45.0,0.0,10,10
2022-08-06 16:41:00,8,27.5,1.0,14.4,22.0,0.0,45.0,0.0,10,10
2022-08-06 16:47:00,8,27.5,1.0,14.4,22.0,0.0,45.0,0.0,10,10
2022-08-06 16:51:00,8,27.5,1.0,14.4,22.0,0.0,45.0,0.0,10,10
2022-08-06 16:57:00,8,27.5,1.0,14.4,22.0,0.0,45.0,0.0,10,10
2022-08-06 17:01:00,8,27.5,1.0,14.4,22.0,0.0,45.0,0.0,10,10
2022-08-06 17:07:00,8,27.5,1.0,14.4,22.0,0.0,45.0,0.0,10,10
2022-08-06 17:11:00,8,27.5,1.0,14.4,22.0,0.0,45.0,0.0,10,10
2022-08-06 17:17:00,8,27.5,1.0,14.4,22.0,0.0,45.0,0.0,10,10
2022-08-06 17:21:00,10,27.5,1.0,14.4,22.0,0.0,45.0,0.0,10,10
2022-08-06 17:27:00,10,27.5,1.0,14.4,22.0,0.0,45.0,0.0,10,10
2022-08-06 17:31:00,10,25.9,1.0,14.4,25.0,0.0,49.0,0.0,10,10
2022-08-06 17:37:00,10,25.9,1.0,14.4,25.0,0.0,49.0,0.0,11,10
2022-08-06 17:42:00,10,25.9,1.0,14.4,25.0,0.0,49.0,0.0,11,10
2022-08-06 17:46:00,10,25.9,1.0,14.4,25.0,0.0,49.0,0.0,11,10
2022-08-06 17:52:00,10,25.9,1.0,14.4,25.0,0.0,49.0,0.0,12,10
2022-08-06 17:56:00,10,25.9,1.0,14.4,25.0,0.0,49.0,0.0,12,10
2022-08-06 18:02:00,10,25.9,1.0,14.4,25.0,0.0,49.0,0.0,11,10
2022-08-06 18:07:00,10,25.9,1.0,14.4,25.0,0.0,49.0,0.0,10,10
2022-08-06 18:12:00,10,25.9,1.0,14.4,25.0,0.0,49.0,0.0,10,10
2022-08-06 18:17:00,10,25.9,1.0,14.4,25.0,0.0,49.0,0.0,10,10
2022-08-06 18:21:00,10,25.9,1.0,14.4,25.0,0.0,49.0,0.0,10,10
2022-08-06 18:27:00,10,25.9,1.0,14.4,25.0,0.0,49.0,0.0,10,10
2022-08-06 18:31:00,10,24.6,1.0,10.1,44.0,0.0,59.0,0.0,10,10
2022-08-06 18:37:00,10,24.6,1.0,10.1,44.0,0.0,59.0,0.0,10,11
2022-08-06 18:41:00,10,24.6,1.0,10.1,44.0,0.0,59.0,0.0,10,11
2022-08-06 18:47:00,10,24.6,1.0,10.1,44.0,0.0,59.0,0.0,10,11
2022-08-06 18:51:00,10,24.6,1.0,10.1,44.0,0.0,59.0,0.0,10,12
2022-08-06 18:57:00,10,24.6,1.0,10.1,44.0,0.0,59.0,0.0,10,12
2022-08-06 19:01:00,10,24.6,1.0,10.1,44.0,0.0,59.0,0.0,10,11
2022-08-06 19:07:00,10,24.6,1.0,10.1,44.0,0.0,59.0,0.0,10,10
2022-08-06 19:17:00,10,24.6,1.0,10.1,44.0,0.0,59.0,0.0,9,10
2022-08-06 19:21:00,10,24.6,1.0,10.1,44.0,0.0,59.0,0.0,9,10
2022-08-06 19:27:00,10,24.6,1.0,10.1,44.0,0.0,59.0,0.0,9,10
2022-08-06 19:31:00,10,22.8,1.0,5.8,62.0,0.0,69.0,0.0,10,10
2022-08-06 19:41:00,11,22.8,1.0,5.8,62.0,0.0,69.0,0.0,10,10
2022-08-06 19:47:00,11,22.8,1.0,5.8,62.0,0.0,69.0,0.0,10,10
2022-08-06 19:52:00,12,22.8,1.0,5.8,62.0,0.0,69.0,0.0,10,10
2022-08-06 19:57:00,12,22.8,1.0,5.8,62.0,0.0,69.0,0.0,10,10
2022-08-06 20:01:00,11,22.8,1.0,5.8,62.0,0.0,69.0,0.0,9,10
2022-08-06 20:07:00,10,22.8,1.0,5.8,62.0,0.0,69.0,0.0,9,10
2022-08-06 20:11:00,10,22.8,1.0,5.8,62.0,0.0,69.0,0.0,9,10
2022-08-06 20:17:00,10,22.8,1.0,5.8,62.0,0.0,69.0,0.0,9,9
2022-08-06 20:22:00,10,22.8,1.0,5.8,62.0,0.0,69.0,0.0,9,9
2022-08-06 20:27:00,10,22.8,1.0,5.8,62.0,0.0,69.0,0.0,9,9
2022-08-06 20:32:00,10,21.0,0.0,5.8,80.0,0.0,79.0,0.0,9,10
2022-08-06 20:37:00,10,21.0,0.0,5.8,80.0,0.0,79.0,0.0,9,10
2022-08-06 20:41:00,10,21.0,0.0,5.8,80.0,0.0,79.0,0.0,9,10
2022-08-06 20:47:00,10,21.0,0.0,5.8,80.0,0.0,79.0,0.0,9,10
2022-08-06 20:52:00,10,21.0,0.0,5.8,80.0,0.0,79.0,0.0,9,10
2022-08-06 20:57:00,10,21.0,0.0,5.8,80.0,0.0,79.0,0.0,9,10
2022-08-06 21:02:00,10,21.0,0.0,5.8,80.0,0.0,79.0,0.0,9,9
2022-08-06 21:07:00,10,21.0,0.0,5.8,80.0,0.0,79.0,0.0,9,9
2022-08-06 21:12:00,10,21.0,0.0,5.8,80.0,0.0,79.0,0.0,9,9
2022-08-06 21:17:00,9,21.0,0.0,5.8,80.0,0.0,79.0,0.0,9,9
2022-08-06 21:22:00,9,21.0,0.0,5.8,80.0,0.0,79.0,0.0,9,9
2022-08-06 21:27:00,9,21.0,0.0,5.8,80.0,0.0,79.0,0.0,9,9
2022-08-06 21:32:00,10,20.1,0.0,6.2,81.0,0.0,84.0,0.0,9,9
2022-08-06 21:37:00,10,20.1,0.0,6.2,81.0,0.0,84.0,0.0,9,9
2022-08-06 21:42:00,10,20.1,0.0,6.2,81.0,0.0,84.0,0.0,9,9
2022-08-06 21:47:00,10,20.1,0.0,6.2,81.0,0.0,84.0,0.0,9,9
2022-08-06 21:52:00,10,20.1,0.0,6.2,81.0,0.0,84.0,0.0,9,9
2022-08-06 21:57:00,10,20.1,0.0,6.2,81.0,0.0,84.0,0.0,9,9
2022-08-06 22:02:00,9,20.1,0.0,6.2,81.0,0.0,84.0,0.0,9,9
2022-08-06 22:07:00,9,20.1,0.0,6.2,81.0,0.0,84.0,0.0,9,9
2022-08-06 22:12:00,9,20.1,0.0,6.2,81.0,0.0,84.0,0.0,9,9
2022-08-06 22:17:00,9,20.1,0.0,6.2,81.0,0.0,84.0,0.0,9,9
2022-08-06 22:22:00,9,20.1,0.0,6.2,81.0,0.0,84.0,0.0,8,9
2022-08-06 22:27:00,9,20.1,0.0,6.2,81.0,0.0,84.0,0.0,10,9
2022-08-06 22:32:00,9,19.2,0.0,7.0,81.0,0.0,89.0,0.0,10,9
2022-08-06 22:37:00,9,19.2,0.0,7.0,81.0,0.0,89.0,0.0,10,9
2022-08-06 22:42:00,9,19.2,0.0,7.0,81.0,0.0,89.0,0.0,10,9
2022-08-06 22:47:00,9,19.2,0.0,7.0,81.0,0.0,89.0,0.0,10,9
2022-08-06 22:52:00,9,19.2,0.0,7.0,81.0,0.0,89.0,0.0,10,9
2022-08-06 22:57:00,9,19.2,0.0,7.0,81.0,0.0,89.0,0.0,10,9
2022-08-06 23:02:00,9,19.2,0.0,7.0,81.0,0.0,89.0,0.0,10,9
2022-08-06 23:07:00,9,19.2,0.0,7.0,81.0,0.0,89.0,0.0,10,9
2022-08-06 23:12:00,9,19.2,0.0,7.0,81.0,0.0,89.0,0.0,10,9
2022-08-06 23:17:00,9,19.2,0.0,7.0,81.0,0.0,89.0,0.0,10,9
2022-08-06 23:22:00,9,19.2,0.0,7.0,81.0,0.0,89.0,0.0,10,8
2022-08-06 23:27:00,9,19.2,0.0,7.0,81.0,0.0,89.0,0.0,10,10
2022-08-06 23:32:00,9,19.2,0.0,7.0,81.0,0.0,89.0,0.0,10,10
2022-08-06 23:37:00,9,19.2,0.0,7.0,81.0,0.0,89.0,0.0,10,10
2022-08-06 23:42:00,9,19.2,0.0,7.0,81.0,0.0,89.0,0.0,10,10
2022-08-06 23:47:00,9,19.2,0.0,7.0,81.0,0.0,89.0,0.0,10,10
2022-08-06 23:52:00,9,19.2,0.0,7.0,81.0,0.0,89.0,0.0,10,10
2022-08-06 23:57:00,9,19.2,0.0,7.0,81.0,0.0,89.0,0.0,10,10
2022-08-07 00:02:00,9,18.3,0.0,4.0,82.0,0.0,94.0,0.0,10,10
2022-08-07 00:07:00,9,18.3,0.0,4.0,82.0,0.0,94.0,0.0,10,10
2022-08-07 00:12:00,9,18.3,0.0,4.0,82.0,0.0,94.0,0.0,10,10
2022-08-07 00:17:00,9,18.3,0.0,4.0,82.0,0.0,94.0,0.0,10,10
2022-08-07 00:22:00,8,18.3,0.0,4.0,82.0,0.0,94.0,0.0,10,10
2022-08-07 00:27:00,10,18.3,0.0,4.0,82.0,0.0,94.0,0.0,10,10
2022-08-07 00:32:00,10,18.2,0.0,4.1,66.0,0.0,94.0,0.0,10,10
2022-08-07 00:37:00,10,18.2,0.0,4.1,66.0,0.0,94.0,0.0,10,10
2022-08-07 00:42:00,10,18.2,0.0,4.1,66.0,0.0,94.0,0.0,10,10
2022-08-07 00:47:00,10,18.2,0.0,4.1,66.0,0.0,94.0,0.0,10,10
2022-08-07 00:52:00,10,18.2,0.0,4.1,66.0,0.0,94.0,0.0,10,10
2022-08-07 00:57:00,10,18.2,0.0,4.1,66.0,0.0,94.0,0.0,10,10
2022-08-07 01:02:00,10,18.2,0.0,4.1,66.0,0.0,94.0,0.0,10,10
2022-08-07 01:07:00,10,18.2,0.0,4.1,66.0,0.0,94.0,0.0,10,10
2022-08-07 01:12:00,10,18.2,0.0,4.1,66.0,0.0,94.0,0.0,10,10
2022-08-07 01:17:00,10,18.2,0.0,4.1,66.0,0.0,94.0,0.0,10,10
2022-08-07 01:22:00,10,18.2,0.0,4.1,66.0,0.0,94.0,0.0,10,10
2022-08-07 01:27:00,10,18.2,0.0,4.1,66.0,0.0,94.0,0.0,10,10
2022-08-07 01:32:00,10,18.2,0.0,8.3,50.0,0.0,94.0,0.0,10,10
2022-08-07 01:37:00,10,18.2,0.0,8.3,50.0,0.0,94.0,0.0,10,10
2022-08-07 01:42:00,10,18.2,0.0,8.3,50.0,0.0,94.0,0.0,10,10
2022-08-07 01:47:00,10,18.2,0.0,8.3,50.0,0.0,94.0,0.0,10,10
2022-08-07 01:52:00,10,18.2,0.0,8.3,50.0,0.0,94.0,0.0,10,10
2022-08-07 01:57:00,10,18.2,0.0,8.3,50.0,0.0,94.0,0.0,10,10
2022-08-07 02:02:00,10,18.2,0.0,8.3,50.0,0.0,94.0,0.0,10,10
2022-08-07 02:07:00,10,18.2,0.0,8.3,50.0,0.0,94.0,0.0,10,10
2022-08-07 02:12:00,10,18.2,0.0,8.3,50.0,0.0,94.0,0.0,10,10
2022-08-07 02:18:00,10,18.2,0.0,8.3,50.0,0.0,94.0,0.0,10,10
2022-08-07 02:22:00,10,18.2,0.0,8.3,50.0,0.0,94.0,0.0,10,10
2022-08-07 02:27:00,10,18.2,0.0,8.3,50.0,0.0,94.0,0.0,10,10
2022-08-07 02:32:00,10,18.2,0.0,8.0,33.0,0.0,94.0,0.0,10,10
2022-08-07 02:37:00,10,18.2,0.0,8.0,33.0,0.0,94.0,0.0,10,10
2022-08-07 02:42:00,10,18.2,0.0,8.0,33.0,0.0,94.0,0.0,10,10
2022-08-07 02:57:00,10,18.2,0.0,8.0,33.0,0.0,94.0,0.0,10,10
2022-08-07 03:02:00,10,18.2,0.0,8.0,33.0,0.0,94.0,0.0,10,10
2022-08-07 03:07:00,10,18.2,0.0,8.0,33.0,0.0,94.0,0.0,10,10
2022-08-07 03:12:00,10,18.2,0.0,8.0,33.0,0.0,94.0,0.0,10,10
2022-08-07 03:22:00,10,18.2,0.0,8.0,33.0,0.0,94.0,0.0,10,10
2022-08-07 03:27:00,10,18.2,0.0,8.0,33.0,0.0,94.0,0.0,10,10
2022-08-07 03:32:00,10,17.9,0.0,4.1,37.0,0.0,94.0,0.0,10,10
2022-08-07 03:37:00,10,17.9,0.0,4.1,37.0,0.0,94.0,0.0,10,10
2022-08-07 03:42:00,10,17.9,0.0,4.1,37.0,0.0,94.0,0.0,10,10
2022-08-07 03:47:00,10,17.9,0.0,4.1,37.0,0.0,94.0,0.0,10,10
2022-08-07 03:52:00,10,17.9,0.0,4.1,37.0,0.0,94.0,0.0,10,10
2022-08-07 03:57:00,10,17.9,0.0,4.1,37.0,0.0,94.0,0.0,10,10
2022-08-07 04:02:00,10,17.9,0.0,4.1,37.0,0.0,94.0,0.0,10,10
2022-08-07 04:07:00,10,17.9,0.0,4.1,37.0,0.0,94.0,0.0,10,10
2022-08-07 04:12:00,10,17.9,0.0,4.1,37.0,0.0,94.0,0.0,10,10
2022-08-07 04:17:00,10,17.9,0.0,4.1,37.0,0.0,94.0,0.0,10,10
2022-08-07 04:27:00,10,17.9,0.0,4.1,37.0,0.0,94.0,0.0,10,10
2022-08-07 04:32:00,10,17.7,0.0,3.8,41.0,0.0,93.0,0.0,10,10
2022-08-07 04:37:00,10,17.7,0.0,3.8,41.0,0.0,93.0,0.0,10,10
2022-08-07 04:42:00,10,17.7,0.0,3.8,41.0,0.0,93.0,0.0,10,10
2022-08-07 04:47:00,10,17.7,0.0,3.8,41.0,0.0,93.0,0.0,10,10
2022-08-07 04:52:00,10,17.7,0.0,3.8,41.0,0.0,93.0,0.0,10,10
2022-08-07 04:57:00,10,17.7,0.0,3.8,41.0,0.0,93.0,0.0,10,10
2022-08-07 05:02:00,10,17.7,0.0,3.8,41.0,0.0,93.0,0.0,8,10
2022-08-07 05:07:00,10,17.7,0.0,3.8,41.0,0.0,93.0,0.0,8,10
2022-08-07 05:12:00,10,17.7,0.0,3.8,41.0,0.0,93.0,0.0,8,10
2022-08-07 05:17:00,10,17.7,0.0,3.8,41.0,0.0,93.0,0.0,8,10
2022-08-07 05:22:00,10,17.7,0.0,3.8,41.0,0.0,93.0,0.0,8,10
2022-08-07 05:27:00,10,17.7,0.0,3.8,41.0,0.0,93.0,0.0,10,10
2022-08-07 05:32:00,10,17.8,1.0,3.6,45.0,0.0,93.0,0.0,10,10
2022-08-07 05:37:00,10,17.8,1.0,3.6,45.0,0.0,93.0,0.0,10,10
2022-08-07 05:42:00,10,17.8,1.0,3.6,45.0,0.0,93.0,0.0,10,10
2022-08-07 05:47:00,10,17.8,1.0,3.6,45.0,0.0,93.0,0.0,10,10
2022-08-07 06:02:00,10,17.8,1.0,3.6,45.0,0.0,93.0,0.0,9,8
2022-08-07 06:07:00,10,17.8,1.0,3.6,45.0,0.0,93.0,0.0,9,8
2022-08-07 06:12:00,10,17.8,1.0,3.6,45.0,0.0,93.0,0.0,9,8
2022-08-07 06:17:00,10,17.8,1.0,3.6,45.0,0.0,93.0,0.0,7,8
2022-08-07 06:22:00,10,17.8,1.0,3.6,45.0,0.0,93.0,0.0,7,8
2022-08-07 06:27:00,10,17.8,1.0,3.6,45.0,0.0,93.0,0.0,7,10
2022-08-07 06:32:00,10,18.6,1.0,5.5,44.0,0.0,80.0,0.0,7,10
2022-08-07 06:37:00,10,18.6,1.0,5.5,44.0,0.0,80.0,0.0,7,10
2022-08-07 06:42:00,10,18.6,1.0,5.5,44.0,0.0,80.0,0.0,7,10
2022-08-07 06:47:00,10,18.6,1.0,5.5,44.0,0.0,80.0,0.0,7,10
2022-08-07 06:52:00,10,18.6,1.0,5.5,44.0,0.0,80.0,0.0,7,9
2022-08-07 06:57:00,10,18.6,1.0,5.5,44.0,0.0,80.0,0.0,7,9
2022-08-07 07:02:00,8,18.6,1.0,5.5,44.0,0.0,80.0,0.0,7,9
2022-08-07 07:12:00,8,18.6,1.0,5.5,44.0,0.0,80.0,0.0,7,9
2022-08-07 07:18:00,8,18.6,1.0,5.5,44.0,0.0,80.0,0.0,6,7
2022-08-07 07:22:00,8,18.6,1.0,5.5,44.0,0.0,80.0,0.0,6,7
2022-08-07 07:27:00,10,18.6,1.0,5.5,44.0,0.0,80.0,0.0,6,7
2022-08-07 07:32:00,10,20.5,1.0,7.4,43.0,0.0,68.0,0.0,7,7
2022-08-07 07:37:00,10,20.5,1.0,7.4,43.0,0.0,68.0,0.0,7,7
2022-08-07 07:57:00,9,20.5,1.0,7.4,43.0,0.0,68.0,0.0,7,7
2022-08-07 08:02:00,9,20.5,1.0,7.4,43.0,0.0,68.0,0.0,7,7
2022-08-07 08:07:00,9,20.5,1.0,7.4,43.0,0.0,68.0,0.0,7,7
2022-08-07 08:12:00,9,20.5,1.0,7.4,43.0,0.0,68.0,0.0,7,7
2022-08-07 08:18:00,7,20.5,1.0,7.4,43.0,0.0,68.0,0.0,6,6
2022-08-07 08:22:00,7,20.5,1.0,7.4,43.0,0.0,68.0,0.0,6,6
2022-08-07 08:27:00,7,20.5,1.0,7.4,43.0,0.0,68.0,0.0,6,6
2022-08-07 08:32:00,7,22.5,1.0,9.4,41.0,0.0,55.0,0.0,6,7
2022-08-07 08:37:00,7,22.5,1.0,9.4,41.0,0.0,55.0,0.0,8,7
2022-08-07 08:42:00,7,22.5,1.0,9.4,41.0,0.0,55.0,0.0,8,7
2022-08-07 08:48:00,7,22.5,1.0,9.4,41.0,0.0,55.0,0.0,8,7
2022-08-07 08:57:00,7,22.5,1.0,9.4,41.0,0.0,55.0,0.0,7,7
2022-08-07 09:02:00,7,22.5,1.0,9.4,41.0,0.0,55.0,0.0,7,7
2022-08-07 09:07:00,7,22.5,1.0,9.4,41.0,0.0,55.0,0.0,7,7
2022-08-07 09:12:00,7,22.5,1.0,9.4,41.0,0.0,55.0,0.0,7,7
2022-08-07 09:17:00,6,22.5,1.0,9.4,41.0,0.0,55.0,0.0,7,6
2022-08-07 09:22:00,6,22.5,1.0,9.4,41.0,0.0,55.0,0.0,7,6
2022-08-07 09:27:00,6,22.5,1.0,9.4,41.0,0.0,55.0,0.0,7,6
2022-08-07 09:32:00,7,23.1,1.0,11.9,34.0,0.0,49.0,0.0,7,6
2022-08-07 09:37:00,7,23.1,1.0,11.9,34.0,0.0,49.0,0.0,7,8
2022-08-07 09:42:00,7,23.1,1.0,11.9,34.0,0.0,49.0,0.0,7,8
2022-08-07 09:47:00,7,23.1,1.0,11.9,34.0,0.0,49.0,0.0,7,8
2022-08-07 09:52:00,7,23.1,1.0,11.9,34.0,0.0,49.0,0.0,7,7
2022-08-07 09:57:00,7,23.1,1.0,11.9,34.0,0.0,49.0,0.0,7,7
2022-08-07 10:02:00,7,23.1,1.0,11.9,34.0,0.0,49.0,0.0,7,7
2022-08-07 10:07:00,7,23.1,1.0,11.9,34.0,0.0,49.0,0.0,9,7
2022-08-07 10:17:00,6,23.1,1.0,11.9,34.0,0.0,49.0,0.0,9,7
2022-08-07 10:22:00,6,23.1,1.0,11.9,34.0,0.0,49.0,0.0,9,7
2022-08-07 10:27:00,6,23.1,1.0,11.9,34.0,0.0,49.0,0.0,9,7
2022-08-07 10:32:00,6,24.0,1.0,14.4,26.0,0.0,43.0,0.0,9,7
2022-08-07 10:37:00,8,24.0,1.0,14.4,26.0,0.0,43.0,0.0,9,7
2022-08-07 10:47:00,8,24.0,1.0,14.4,26.0,0.0,43.0,0.0,9,7
2022-08-07 10:52:00,7,24.0,1.0,14.4,26.0,0.0,43.0,0.0,9,7
2022-08-07 10:57:00,7,24.0,1.0,14.4,26.0,0.0,43.0,0.0,9,7
2022-08-07 11:02:00,7,24.0,1.0,14.4,26.0,0.0,43.0,0.0,9,7
2022-08-07 11:07:00,7,24.0,1.0,14.4,26.0,0.0,43.0,0.0,9,9
2022-08-07 11:12:00,7,24.0,1.0,14.4,26.0,0.0,43.0,0.0,9,9
2022-08-07 11:17:00,7,24.0,1.0,14.4,26.0,0.0,43.0,0.0,9,9
2022-08-07 11:22:00,7,24.0,1.0,14.4,26.0,0.0,43.0,0.0,9,9
2022-08-07 11:27:00,7,24.0,1.0,14.4,26.0,0.0,43.0,0.0,9,9
2022-08-07 11:37:00,7,25.2,1.0,16.9,19.0,0.0,37.0,0.0,8,9
2022-08-07 11:42:00,7,25.2,1.0,16.9,19.0,0.0,37.0,0.0,8,9
2022-08-07 11:48:00,7,25.2,1.0,16.9,19.0,0.0,37.0,0.0,8,9
2022-08-07 11:52:00,7,25.2,1.0,16.9,19.0,0.0,37.0,0.0,8,9
2022-08-07 11:57:00,7,25.2,1.0,16.9,19.0,0.0,37.0,0.0,8,9
2022-08-07 12:02:00,7,25.2,1.0,16.9,19.0,0.0,37.0,0.0,9,9
2022-08-07 12:07:00,9,25.2,1.0,16.9,19.0,0.0,37.0,0.0,9,9
2022-08-07 12:12:00,9,25.2,1.0,16.9,19.0,0.0,37.0,0.0,9,9
2022-08-07 12:17:00,9,25.2,1.0,16.9,19.0,0.0,37.0,0.0,9,9
2022-08-07 12:28:00,9,25.2,1.0,16.9,19.0,0.0,37.0,0.0,9,9
2022-08-07 12:32:00,9,25.5,1.0,16.4,17.0,0.0,36.0,0.0,9,9
2022-08-07 12:37:00,9,25.5,1.0,16.4,17.0,0.0,36.0,0.0,9,8
2022-08-07 12:42:00,9,25.5,1.0,16.4,17.0,0.0,36.0,0.0,9,8
2022-08-07 12:47:00,9,25.5,1.0,16.4,17.0,0.0,36.0,0.0,9,8
2022-08-07 12:52:00,9,25.5,1.0,16.4,17.0,0.0,36.0,0.0,9,8
2022-08-07 12:57:00,9,25.5,1.0,16.4,17.0,0.0,36.0,0.0,9,8
2022-08-07 13:02:00,9,25.5,1.0,16.4,17.0,0.0,36.0,0.0,9,9
2022-08-07 13:08:00,9,25.5,1.0,16.4,17.0,0.0,36.0,0.0,9,9
2022-08-07 13:18:00,9,25.5,1.0,16.4,17.0,0.0,36.0,0.0,9,9
2022-08-07 13:22:00,9,25.5,1.0,16.4,17.0,0.0,36.0,0.0,9,9
2022-08-07 13:27:00,9,25.5,1.0,16.4,17.0,0.0,36.0,0.0,10,9
2022-08-07 13:32:00,9,26.0,1.0,16.0,16.0,0.0,35.0,0.0,9,9
2022-08-07 13:38:00,8,26.0,1.0,16.0,16.0,0.0,35.0,0.0,9,9
2022-08-07 13:42:00,8,26.0,1.0,16.0,16.0,0.0,35.0,0.0,9,9
2022-08-07 13:47:00,8,26.0,1.0,16.0,16.0,0.0,35.0,0.0,9,9
2022-08-07 13:52:00,8,26.0,1.0,16.0,16.0,0.0,35.0,0.0,10,9
2022-08-07 13:58:00,8,26.0,1.0,16.0,16.0,0.0,35.0,0.0,9,9
2022-08-07 14:03:00,9,26.0,1.0,16.0,16.0,0.0,35.0,0.0,8,9
2022-08-07 14:08:00,9,26.0,1.0,16.0,16.0,0.0,35.0,0.0,8,9
2022-08-07 14:12:00,9,26.0,1.0,16.0,16.0,0.0,35.0,0.0,8,9
2022-08-07 14:18:00,9,26.0,1.0,16.0,16.0,0.0,35.0,0.0,8,9
2022-08-07 14:22:00,9,26.0,1.0,16.0,16.0,0.0,35.0,0.0,8,9
2022-08-07 14:28:00,9,26.0,1.0,16.0,16.0,0.0,35.0,0.0,8,10
2022-08-07 14:32:00,9,26.8,1.0,15.5,14.0,0.0,34.0,0.0,8,9
2022-08-07 14:38:00,9,26.8,1.0,15.5,14.0,0.0,34.0,0.0,8,9
2022-08-07 14:42:00,9,26.8,1.0,15.5,14.0,0.0,34.0,0.0,7,9
2022-08-07 14:47:00,9,26.8,1.0,15.5,14.0,0.0,34.0,0.0,9,9
2022-08-07 14:52:00,9,26.8,1.0,15.5,14.0,0.0,34.0,0.0,9,10
2022-08-07 14:58:00,9,26.8,1.0,15.5,14.0,0.0,34.0,0.0,9,9
2022-08-07 15:02:00,9,26.8,1.0,15.5,14.0,0.0,34.0,0.0,9,8
2022-08-07 15:08:00,9,26.8,1.0,15.5,14.0,0.0,34.0,0.0,10,8
2022-08-07 15:12:00,9,26.8,1.0,15.5,14.0,0.0,34.0,0.0,10,8
2022-08-07 15:18:00,9,26.8,1.0,15.5,14.0,0.0,34.0,0.0,10,8
2022-08-07 15:22:00,9,26.8,1.0,15.5,14.0,0.0,34.0,0.0,10,8
2022-08-07 15:28:00,10,26.8,1.0,15.5,14.0,0.0,34.0,0.0,10,8
2022-08-07 15:32:00,9,27.1,1.0,14.4,14.0,0.0,36.0,0.0,10,8
2022-08-07 15:38:00,9,27.1,1.0,14.4,14.0,0.0,36.0,0.0,11,8
2022-08-07 15:42:00,9,27.1,1.0,14.4,14.0,0.0,36.0,0.0,11,7
2022-08-07 15:48:00,9,27.1,1.0,14.4,14.0,0.0,36.0,0.0,11,9
2022-08-07 15:52:00,10,27.1,1.0,14.4,14.0,0.0,36.0,0.0,11,9
2022-08-07 15:58:00,9,27.1,1.0,14.4,14.0,0.0,36.0,0.0,11,9
2022-08-07 16:03:00,8,27.1,1.0,14.4,14.0,0.0,36.0,0.0,11,9
2022-08-07 16:08:00,8,27.1,1.0,14.4,14.0,0.0,36.0,0.0,11,10
2022-08-07 16:12:00,8,27.1,1.0,14.4,14.0,0.0,36.0,0.0,10,10
2022-08-07 16:18:00,8,27.1,1.0,14.4,14.0,0.0,36.0,0.0,10,10
2022-08-07 16:22:00,8,27.1,1.0,14.4,14.0,0.0,36.0,0.0,10,10
2022-08-07 16:28:00,8,27.1,1.0,14.4,14.0,0.0,36.0,0.0,10,10
2022-08-07 16:33:00,8,25.5,1.0,13.3,13.0,0.0,39.0,0.0,10,10
2022-08-07 16:38:00,8,25.5,1.0,13.3,13.0,0.0,39.0,0.0,10,11
2022-08-07 16:43:00,7,25.5,1.0,13.3,13.0,0.0,39.0,0.0,10,11
2022-08-07 16:48:00,9,25.5,1.0,13.3,13.0,0.0,39.0,0.0,10,11
2022-08-07 16:53:00,9,25.5,1.0,13.3,13.0,0.0,39.0,0.0,10,11
2022-08-07 16:58:00,9,25.5,1.0,13.3,13.0,0.0,39.0,0.0,10,11
2022-08-07 17:03:00,9,25.5,1.0,13.3,13.0,0.0,39.0,0.0,10,11
2022-08-07 17:08:00,10,25.5,1.0,13.3,13.0,0.0,39.0,0.0,10,11
2022-08-07 17:12:00,10,25.5,1.0,13.3,13.0,0.0,39.0,0.0,12,10
2022-08-07 17:18:00,10,25.5,1.0,13.3,13.0,0.0,39.0,0.0,12,10
2022-08-07 17:23:00,10,25.5,1.0,13.3,13.0,0.0,39.0,0.0,12,10
2022-08-07 17:28:00,10,25.5,1.0,13.3,13.0,0.0,39.0,0.0,12,10
2022-08-07 17:33:00,10,24.0,1.0,12.2,13.0,0.0,41.0,0.0,13,10
2022-08-07 17:38:00,11,24.0,1.0,12.2,13.0,0.0,41.0,0.0,13,10
2022-08-07 17:43:00,11,24.0,1.0,12.2,13.0,0.0,41.0,0.0,13,10
2022-08-07 17:48:00,11,24.0,1.0,12.2,13.0,0.0,41.0,0.0,13,10
2022-08-07 17:53:00,11,24.0,1.0,12.2,13.0,0.0,41.0,0.0,13,10
2022-08-07 17:58:00,11,24.0,1.0,12.2,13.0,0.0,41.0,0.0,13,10
2022-08-07 18:03:00,11,24.0,1.0,12.2,13.0,0.0,41.0,0.0,13,10
2022-08-07 18:08:00,11,24.0,1.0,12.2,13.0,0.0,41.0,0.0,13,10
2022-08-07 18:13:00,10,24.0,1.0,12.2,13.0,0.0,41.0,0.0,13,12
2022-08-07 18:18:00,10,24.0,1.0,12.2,13.0,0.0,41.0,0.0,13,12
2022-08-07 18:23:00,10,24.0,1.0,12.2,13.0,0.0,41.0,0.0,14,12
2022-08-07 18:28:00,10,24.0,1.0,12.2,13.0,0.0,41.0,0.0,14,12
2022-08-07 18:33:00,10,21.4,1.0,8.5,13.0,0.0,49.0,0.0,14,13
2022-08-07 18:38:00,10,21.4,1.0,8.5,13.0,0.0,49.0,0.0,14,13
2022-08-07 18:43:00,10,21.4,1.0,8.5,13.0,0.0,49.0,0.0,14,13
2022-08-07 18:48:00,10,21.4,1.0,8.5,13.0,0.0,49.0,0.0,14,13
2022-08-07 18:53:00,10,21.4,1.0,8.5,13.0,0.0,49.0,0.0,14,13
2022-08-07 18:58:00,10,21.4,1.0,8.5,13.0,0.0,49.0,0.0,14,13
2022-08-07 19:03:00,10,21.4,1.0,8.5,13.0,0.0,49.0,0.0,14,13
2022-08-07 19:08:00,10,21.4,1.0,8.5,13.0,0.0,49.0,0.0,14,13
2022-08-07 19:13:00,12,21.4,1.0,8.5,13.0,0.0,49.0,0.0,14,13
2022-08-07 19:18:00,12,21.4,1.0,8.5,13.0,0.0,49.0,0.0,14,13
2022-08-07 19:23:00,12,21.4,1.0,8.5,13.0,0.0,49.0,0.0,14,14
2022-08-07 19:28:00,12,21.4,1.0,8.5,13.0,0.0,49.0,0.0,14,14
2022-08-07 19:33:00,13,20.8,1.0,4.8,14.0,0.0,57.0,0.0,14,14
2022-08-07 19:38:00,13,20.8,1.0,4.8,14.0,0.0,57.0,0.0,14,14
2022-08-07 19:43:00,13,20.8,1.0,4.8,14.0,0.0,57.0,0.0,14,14
2022-08-07 19:48:00,13,20.8,1.0,4.8,14.0,0.0,57.0,0.0,14,14
2022-08-07 19:53:00,13,20.8,1.0,4.8,14.0,0.0,57.0,0.0,13,14
2022-08-07 19:58:00,13,20.8,1.0,4.8,14.0,0.0,57.0,0.0,13,14
2022-08-07 20:03:00,13,20.8,1.0,4.8,14.0,0.0,57.0,0.0,12,14
2022-08-07 20:08:00,13,20.8,1.0,4.8,14.0,0.0,57.0,0.0,12,14
2022-08-07 20:13:00,13,20.8,1.0,4.8,14.0,0.0,57.0,0.0,12,14
2022-08-07 20:18:00,13,20.8,1.0,4.8,14.0,0.0,57.0,0.0,12,14
2022-08-07 20:23:00,14,20.8,1.0,4.8,14.0,0.0,57.0,0.0,12,14
2022-08-07 20:28:00,14,20.8,1.0,4.8,14.0,0.0,57.0,0.0,12,14
2022-08-07 20:33:00,14,19.2,0.0,6.0,14.0,0.0,64.0,0.0,12,14
2022-08-07 20:38:00,14,19.2,0.0,6.0,14.0,0.0,64.0,0.0,12,14
2022-08-07 20:43:00,14,19.2,0.0,6.0,14.0,0.0,64.0,0.0,12,14
2022-08-07 20:48:00,14,19.2,0.0,6.0,14.0,0.0,64.0,0.0,12,14
2022-08-07 20:53:00,14,19.2,0.0,6.0,14.0,0.0,64.0,0.0,12,13
2022-08-07 21:03:00,14,19.2,0.0,6.0,14.0,0.0,64.0,0.0,11,12
2022-08-07 21:08:00,14,19.2,0.0,6.0,14.0,0.0,64.0,0.0,11,12
2022-08-07 21:13:00,14,19.2,0.0,6.0,14.0,0.0,64.0,0.0,11,12
2022-08-07 21:18:00,14,19.2,0.0,6.0,14.0,0.0,64.0,0.0,12,12
2022-08-07 21:23:00,14,19.2,0.0,6.0,14.0,0.0,64.0,0.0,12,12
2022-08-07 21:28:00,14,19.2,0.0,6.0,14.0,0.0,64.0,0.0,12,12
2022-08-07 21:33:00,14,18.6,0.0,6.5,17.0,0.0,64.0,0.0,12,12
2022-08-07 21:38:00,14,18.6,0.0,6.5,17.0,0.0,64.0,0.0,12,12
2022-08-07 21:48:00,14,18.6,0.0,6.5,17.0,0.0,64.0,0.0,12,12
2022-08-07 21:53:00,13,18.6,0.0,6.5,17.0,0.0,64.0,0.0,12,12
2022-08-07 21:58:00,13,18.6,0.0,6.5,17.0,0.0,64.0,0.0,12,11
2022-08-07 22:03:00,12,18.6,0.0,6.5,17.0,0.0,64.0,0.0,12,11
2022-08-07 22:08:00,12,18.6,0.0,6.5,17.0,0.0,64.0,0.0,12,11
2022-08-07 22:13:00,12,18.6,0.0,6.5,17.0,0.0,64.0,0.0,12,11
2022-08-07 22:18:00,12,18.6,0.0,6.5,17.0,0.0,64.0,0.0,12,12
2022-08-07 22:23:00,12,18.6,0.0,6.5,17.0,0.0,64.0,0.0,13,12
2022-08-07 22:28:00,12,18.6,0.0,6.5,17.0,0.0,64.0,0.0,14,12
2022-08-07 22:33:00,12,18.0,0.0,7.0,20.0,0.0,65.0,0.0,14,12
2022-08-07 22:38:00,12,18.0,0.0,7.0,20.0,0.0,65.0,0.0,14,12
2022-08-07 22:43:00,12,18.0,0.0,7.0,20.0,0.0,65.0,0.0,14,12
2022-08-07 22:48:00,12,18.0,0.0,7.0,20.0,0.0,65.0,0.0,15,12
2022-08-07 22:53:00,12,18.0,0.0,7.0,20.0,0.0,65.0,0.0,15,12
2022-08-07 22:58:00,11,18.0,0.0,7.0,20.0,0.0,65.0,0.0,15,12
2022-08-07 23:03:00,11,18.0,0.0,7.0,20.0,0.0,65.0,0.0,15,12
2022-08-07 23:13:00,11,18.0,0.0,7.0,20.0,0.0,65.0,0.0,15,12
2022-08-07 23:18:00,12,18.0,0.0,7.0,20.0,0.0,65.0,0.0,15,12
2022-08-07 23:23:00,12,18.0,0.0,7.0,20.0,0.0,65.0,0.0,15,13
2022-08-07 23:28:00,12,18.0,0.0,7.0,20.0,0.0,65.0,0.0,15,14
2022-08-07 23:33:00,12,18.0,0.0,7.0,20.0,0.0,65.0,0.0,15,14
2022-08-07 23:38:00,12,18.0,0.0,7.0,20.0,0.0,65.0,0.0,15,14
2022-08-07 23:43:00,12,18.0,0.0,7.0,20.0,0.0,65.0,0.0,15,14
2022-08-07 23:48:00,12,18.0,0.0,7.0,20.0,0.0,65.0,0.0,16,15
2022-08-07 23:53:00,12,18.0,0.0,7.0,20.0,0.0,65.0,0.0,15,15
2022-08-07 23:58:00,12,18.0,0.0,7.0,20.0,0.0,65.0,0.0,15,15
2022-08-08 00:03:00,12,17.6,0.0,3.2,23.0,0.0,65.0,0.0,15,15
2022-08-08 00:08:00,12,17.6,0.0,3.2,23.0,0.0,65.0,0.0,15,15
2022-08-08 00:13:00,12,17.6,0.0,3.2,23.0,0.0,65.0,0.0,15,15
2022-08-08 00:18:00,12,17.6,0.0,3.2,23.0,0.0,65.0,0.0,15,15
2022-08-08 00:23:00,13,17.6,0.0,3.2,23.0,0.0,65.0,0.0,15,15
2022-08-08 00:28:00,14,17.6,0.0,3.2,23.0,0.0,65.0,0.0,15,15
2022-08-08 00:33:00,14,17.5,0.0,3.1,23.0,0.0,66.0,0.0,15,15
2022-08-08 00:38:00,14,17.5,0.0,3.1,23.0,0.0,66.0,0.0,15,15
2022-08-08 00:43:00,14,17.5,0.0,3.1,23.0,0.0,66.0,0.0,15,15
2022-08-08 00:48:00,15,17.5,0.0,3.1,23.0,0.0,66.0,0.0,15,16
2022-08-08 00:53:00,15,17.5,0.0,3.1,23.0,0.0,66.0,0.0,15,15
2022-08-08 00:58:00,15,17.5,0.0,3.1,23.0,0.0,66.0,0.0,15,15
2022-08-08 01:03:00,15,17.5,0.0,3.1,23.0,0.0,66.0,0.0,15,15
2022-08-08 01:08:00,15,17.5,0.0,3.1,23.0,0.0,66.0,0.0,15,15
2022-08-08 01:13:00,15,17.5,0.0,3.1,23.0,0.0,66.0,0.0,15,15
2022-08-08 01:23:00,15,17.5,0.0,3.1,23.0,0.0,66.0,0.0,15,15
2022-08-08 01:28:00,15,17.5,0.0,3.1,23.0,0.0,66.0,0.0,15,15
2022-08-08 01:33:00,15,17.5,0.0,3.0,24.0,0.0,68.0,0.0,15,15
2022-08-08 01:38:00,15,17.5,0.0,3.0,24.0,0.0,68.0,0.0,15,15
2022-08-08 01:43:00,15,17.5,0.0,3.0,24.0,0.0,68.0,0.0,15,15
2022-08-08 01:48:00,16,17.5,0.0,3.0,24.0,0.0,68.0,0.0,15,15
2022-08-08 01:53:00,15,17.5,0.0,3.0,24.0,0.0,68.0,0.0,15,15
2022-08-08 01:58:00,15,17.5,0.0,3.0,24.0,0.0,68.0,0.0,15,15
2022-08-08 02:03:00,15,17.5,0.0,3.0,24.0,0.0,68.0,0.0,15,15
2022-08-08 02:08:00,15,17.5,0.0,3.0,24.0,0.0,68.0,0.0,15,15
2022-08-08 02:13:00,15,17.5,0.0,3.0,24.0,0.0,68.0,0.0,15,15
2022-08-08 02:18:00,15,17.5,0.0,3.0,24.0,0.0,68.0,0.0,15,15
2022-08-08 02:28:00,15,17.5,0.0,3.0,24.0,0.0,68.0,0.0,15,15
2022-08-08 02:33:00,15,17.5,0.0,2.9,24.0,0.0,70.0,0.0,15,15
2022-08-08 02:38:00,15,17.5,0.0,2.9,24.0,0.0,70.0,0.0,15,15
2022-08-08 02:43:00,15,17.5,0.0,2.9,24.0,0.0,70.0,0.0,15,15
2022-08-08 02:48:00,15,17.5,0.0,2.9,24.0,0.0,70.0,0.0,15,15
2022-08-08 02:53:00,15,17.5,0.0,2.9,24.0,0.0,70.0,0.0,15,15
2022-08-08 02:58:00,15,17.5,0.0,2.9,24.0,0.0,70.0,0.0,15,15
2022-08-08 03:03:00,15,17.5,0.0,2.9,24.0,0.0,70.0,0.0,15,15
2022-08-08 03:08:00,15,17.5,0.0,2.9,24.0,0.0,70.0,0.0,15,15
2022-08-08 03:13:00,15,17.5,0.0,2.9,24.0,0.0,70.0,0.0,15,15
2022-08-08 03:18:00,15,17.5,0.0,2.9,24.0,0.0,70.0,0.0,15,15
2022-08-08 03:23:00,15,17.5,0.0,2.9,24.0,0.0,70.0,0.0,15,15
2022-08-08 03:28:00,15,17.5,0.0,2.9,24.0,0.0,70.0,0.0,15,15
2022-08-08 03:33:00,15,17.4,0.0,2.4,25.0,0.0,72.0,0.0,15,15
2022-08-08 03:38:00,15,17.4,0.0,2.4,25.0,0.0,72.0,0.0,15,15
2022-08-08 03:43:00,15,17.4,0.0,2.4,25.0,0.0,72.0,0.0,15,15
2022-08-08 03:48:00,15,17.4,0.0,2.4,25.0,0.0,72.0,0.0,15,15
2022-08-08 03:53:00,15,17.4,0.0,2.4,25.0,0.0,72.0,0.0,15,15
2022-08-09 18:00:00,10,24.7,1.0,14.4,21.0,0.0,43.0,0.0,16,17
2022-08-09 18:05:00,12,24.7,1.0,14.4,21.0,0.0,43.0,0.0,16,17
2022-08-09 18:11:00,14,24.7,1.0,14.4,21.0,0.0,43.0,0.0,16,15
2022-08-09 18:15:00,16,24.7,1.0,14.4,21.0,0.0,43.0,0.0,17,15
2022-08-09 18:21:00,18,24.7,1.0,14.4,21.0,0.0,43.0,0.0,16,14
2022-08-09 18:25:00,18,24.7,1.0,14.4,21.0,0.0,43.0,0.0,16,14
2022-08-09 18:31:00,17,23.0,1.0,11.9,23.0,0.0,48.0,0.0,16,14
2022-08-09 18:35:00,18,23.0,1.0,11.9,23.0,0.0,48.0,0.0,16,14
2022-08-09 18:41:00,17,23.0,1.0,11.9,23.0,0.0,48.0,0.0,16,14
2022-08-09 18:45:00,18,23.0,1.0,11.9,23.0,0.0,48.0,0.0,16,14
2022-08-09 18:50:00,18,23.0,1.0,11.9,23.0,0.0,48.0,0.0,14,14
2022-08-09 18:55:00,18,23.0,1.0,11.9,23.0,0.0,48.0,0.0,14,15
2022-08-09 19:01:00,17,23.0,1.0,11.9,23.0,0.0,48.0,0.0,13,16
2022-08-09 19:05:00,17,23.0,1.0,11.9,23.0,0.0,48.0,0.0,15,16
2022-08-09 19:11:00,15,23.0,1.0,11.9,23.0,0.0,48.0,0.0,15,16
2022-08-09 19:15:00,15,23.0,1.0,11.9,23.0,0.0,48.0,0.0,15,17
2022-08-09 19:21:00,14,23.0,1.0,11.9,23.0,0.0,48.0,0.0,15,16
2022-08-09 19:25:00,14,23.0,1.0,11.9,23.0,0.0,48.0,0.0,16,16
2022-08-09 19:31:00,14,21.0,1.0,9.4,24.0,0.0,53.0,0.0,16,16
2022-08-09 19:35:00,14,21.0,1.0,9.4,24.0,0.0,53.0,0.0,16,16
2022-08-09 19:45:00,14,21.0,1.0,9.4,24.0,0.0,53.0,0.0,16,16
2022-08-09 19:51:00,14,21.0,1.0,9.4,24.0,0.0,53.0,0.0,17,14
2022-08-09 19:55:00,15,21.0,1.0,9.4,24.0,0.0,53.0,0.0,17,14
2022-08-09 20:01:00,16,21.0,1.0,9.4,24.0,0.0,53.0,0.0,17,13
2022-08-09 20:05:00,16,21.0,1.0,9.4,24.0,0.0,53.0,0.0,17,15
2022-08-09 20:11:00,16,21.0,1.0,9.4,24.0,0.0,53.0,0.0,17,15
2022-08-09 20:15:00,17,21.0,1.0,9.4,24.0,0.0,53.0,0.0,19,15
2022-08-09 20:25:00,16,21.0,1.0,9.4,24.0,0.0,53.0,0.0,19,16
2022-08-09 20:31:00,16,19.1,0.0,6.8,26.0,0.0,58.0,0.0,19,16
2022-08-09 20:35:00,16,19.1,0.0,6.8,26.0,0.0,58.0,0.0,19,16
2022-08-09 20:41:00,16,19.1,0.0,6.8,26.0,0.0,58.0,0.0,19,16
2022-08-09 20:46:00,16,19.1,0.0,6.8,26.0,0.0,58.0,0.0,18,16
2022-08-09 20:51:00,14,19.1,0.0,6.8,26.0,0.0,58.0,0.0,18,17
2022-08-09 20:56:00,14,19.1,0.0,6.8,26.0,0.0,58.0,0.0,18,17
2022-08-09 21:01:00,13,19.1,0.0,6.8,26.0,0.0,58.0,0.0,18,17
2022-08-09 21:05:00,15,19.1,0.0,6.8,26.0,0.0,58.0,0.0,18,17
2022-08-09 21:11:00,15,19.1,0.0,6.8,26.0,0.0,58.0,0.0,18,17
2022-08-09 21:15:00,15,19.1,0.0,6.8,26.0,0.0,58.0,0.0,18,19
2022-08-09 21:21:00,15,19.1,0.0,6.8,26.0,0.0,58.0,0.0,18,19
2022-08-09 21:25:00,16,19.1,0.0,6.8,26.0,0.0,58.0,0.0,18,19
2022-08-09 21:31:00,16,17.8,0.0,4.9,19.0,0.0,63.0,0.0,18,19
2022-08-09 21:35:00,16,17.8,0.0,4.9,19.0,0.0,63.0,0.0,18,19
2022-08-09 21:41:00,16,17.8,0.0,4.9,19.0,0.0,63.0,0.0,18,19
2022-08-09 21:45:00,16,17.8,0.0,4.9,19.0,0.0,63.0,0.0,18,18
2022-08-09 21:51:00,17,17.8,0.0,4.9,19.0,0.0,63.0,0.0,18,18
2022-08-09 21:55:00,17,17.8,0.0,4.9,19.0,0.0,63.0,0.0,18,18
2022-08-09 22:01:00,17,17.8,0.0,4.9,19.0,0.0,63.0,0.0,18,18
2022-08-09 22:05:00,17,17.8,0.0,4.9,19.0,0.0,63.0,0.0,18,18
2022-08-09 22:11:00,17,17.8,0.0,4.9,19.0,0.0,63.0,0.0,18,18
2022-08-09 22:15:00,19,17.8,0.0,4.9,19.0,0.0,63.0,0.0,18,18
2022-08-09 22:21:00,19,17.8,0.0,4.9,19.0,0.0,63.0,0.0,18,18
2022-08-09 22:25:00,19,17.8,0.0,4.9,19.0,0.0,63.0,0.0,19,18
2022-08-09 22:31:00,19,16.7,0.0,3.0,12.0,0.0,67.0,0.0,19,18
2022-08-09 22:41:00,19,16.7,0.0,3.0,12.0,0.0,67.0,0.0,20,18
2022-08-09 22:45:00,18,16.7,0.0,3.0,12.0,0.0,67.0,0.0,20,18
2022-08-09 22:51:00,18,16.7,0.0,3.0,12.0,0.0,67.0,0.0,20,18
2022-08-09 22:56:00,18,16.7,0.0,3.0,12.0,0.0,67.0,0.0,20,18
2022-08-09 23:00:00,18,16.7,0.0,3.0,12.0,0.0,67.0,0.0,20,18
2022-08-09 23:05:00,18,16.7,0.0,3.0,12.0,0.0,67.0,0.0,20,18
2022-08-09 23:10:00,18,16.7,0.0,3.0,12.0,0.0,67.0,0.0,20,18
2022-08-09 23:15:00,18,16.7,0.0,3.0,12.0,0.0,67.0,0.0,20,18
2022-08-09 23:20:00,18,16.7,0.0,3.0,12.0,0.0,67.0,0.0,20,18
2022-08-09 23:25:00,18,16.7,0.0,3.0,12.0,0.0,67.0,0.0,20,19
2022-08-09 23:31:00,18,16.7,0.0,3.0,12.0,0.0,67.0,0.0,20,19
2022-08-09 23:36:00,18,16.7,0.0,3.0,12.0,0.0,67.0,0.0,20,19
2022-08-09 23:41:00,18,16.7,0.0,3.0,12.0,0.0,67.0,0.0,20,20
2022-08-09 23:51:00,18,16.7,0.0,3.0,12.0,0.0,67.0,0.0,20,20
2022-08-09 23:56:00,18,16.7,0.0,3.0,12.0,0.0,67.0,0.0,20,20
2022-08-10 00:01:00,18,15.9,0.0,4.9,5.0,0.0,72.0,0.0,20,20
2022-08-10 00:06:00,18,15.9,0.0,4.9,5.0,0.0,72.0,0.0,20,20
2022-08-10 00:11:00,18,15.9,0.0,4.9,5.0,0.0,72.0,0.0,20,20
2022-08-10 00:15:00,18,15.9,0.0,4.9,5.0,0.0,72.0,0.0,20,20
2022-08-10 00:21:00,18,15.9,0.0,4.9,5.0,0.0,72.0,0.0,20,20
2022-08-10 00:26:00,19,15.9,0.0,4.9,5.0,0.0,72.0,0.0,20,20
2022-08-10 00:31:00,19,15.6,0.0,0.8,6.0,0.0,74.0,0.0,20,20
2022-08-10 00:35:00,19,15.6,0.0,0.8,6.0,0.0,74.0,0.0,20,20
2022-08-10 00:41:00,20,15.6,0.0,0.8,6.0,0.0,74.0,0.0,20,20
2022-08-10 00:45:00,20,15.6,0.0,0.8,6.0,0.0,74.0,0.0,20,20
2022-08-10 00:51:00,20,15.6,0.0,0.8,6.0,0.0,74.0,0.0,20,20
2022-08-10 00:56:00,20,15.6,0.0,0.8,6.0,0.0,74.0,0.0,20,20
2022-08-10 01:01:00,20,15.6,0.0,0.8,6.0,0.0,74.0,0.0,20,20
2022-08-10 01:06:00,20,15.6,0.0,0.8,6.0,0.0,74.0,0.0,20,20
2022-08-10 01:11:00,20,15.6,0.0,0.8,6.0,0.0,74.0,0.0,20,20
2022-08-10 01:16:00,20,15.6,0.0,0.8,6.0,0.0,74.0,0.0,20,20
2022-08-10 01:21:00,20,15.6,0.0,0.8,6.0,0.0,74.0,0.0,20,20
2022-08-10 01:26:00,20,15.6,0.0,0.8,6.0,0.0,74.0,0.0,20,20
2022-08-10 01:31:00,20,15.2,0.0,0.6,6.0,0.0,76.0,0.0,20,20
2022-08-10 01:36:00,20,15.2,0.0,0.6,6.0,0.0,76.0,0.0,20,20
2022-08-10 01:41:00,20,15.2,0.0,0.6,6.0,0.0,76.0,0.0,20,20
2022-08-10 01:46:00,20,15.2,0.0,0.6,6.0,0.0,76.0,0.0,20,20
2022-08-10 01:51:00,20,15.2,0.0,0.6,6.0,0.0,76.0,0.0,20,20
2022-08-10 01:56:00,20,15.2,0.0,0.6,6.0,0.0,76.0,0.0,20,20
2022-08-10 02:01:00,20,15.2,0.0,0.6,6.0,0.0,76.0,0.0,20,20
2022-08-10 02:06:00,20,15.2,0.0,0.6,6.0,0.0,76.0,0.0,20,20
2022-08-10 02:11:00,20,15.2,0.0,0.6,6.0,0.0,76.0,0.0,20,20
2022-08-10 02:16:00,20,15.2,0.0,0.6,6.0,0.0,76.0,0.0,20,20
2022-08-10 02:21:00,20,15.2,0.0,0.6,6.0,0.0,76.0,0.0,20,20
2022-08-10 02:26:00,20,15.2,0.0,0.6,6.0,0.0,76.0,0.0,20,20
2022-08-10 02:31:00,20,15.2,0.0,0.4,7.0,0.0,78.0,0.0,20,20
2022-08-10 02:36:00,20,15.2,0.0,0.4,7.0,0.0,78.0,0.0,20,20
2022-08-10 02:46:00,20,15.2,0.0,0.4,7.0,0.0,78.0,0.0,20,20
2022-08-10 02:51:00,20,15.2,0.0,0.4,7.0,0.0,78.0,0.0,20,20
2022-08-10 02:56:00,20,15.2,0.0,0.4,7.0,0.0,78.0,0.0,20,20
2022-08-10 03:01:00,20,15.2,0.0,0.4,7.0,0.0,78.0,0.0,20,20
2022-08-10 03:06:00,20,15.2,0.0,0.4,7.0,0.0,78.0,0.0,20,20
2022-08-10 03:16:00,20,15.2,0.0,0.4,7.0,0.0,78.0,0.0,20,20
2022-08-10 03:21:00,20,15.2,0.0,0.4,7.0,0.0,78.0,0.0,20,20
2022-08-10 03:26:00,20,15.2,0.0,0.4,7.0,0.0,78.0,0.0,20,20
2022-08-10 03:31:00,20,15.1,0.0,0.8,10.0,0.0,77.0,0.0,20,20
2022-08-10 03:36:00,20,15.1,0.0,0.8,10.0,0.0,77.0,0.0,20,20
2022-08-10 03:41:00,20,15.1,0.0,0.8,10.0,0.0,77.0,0.0,20,20
2022-08-10 03:46:00,20,15.1,0.0,0.8,10.0,0.0,77.0,0.0,20,20
2022-08-10 03:51:00,20,15.1,0.0,0.8,10.0,0.0,77.0,0.0,20,20
2022-08-10 03:56:00,20,15.1,0.0,0.8,10.0,0.0,77.0,0.0,20,20
2022-08-10 04:01:00,20,15.1,0.0,0.8,10.0,0.0,77.0,0.0,20,20
2022-08-10 04:06:00,20,15.1,0.0,0.8,10.0,0.0,77.0,0.0,20,20
2022-08-10 04:11:00,20,15.1,0.0,0.8,10.0,0.0,77.0,0.0,20,20
2022-08-10 04:16:00,20,15.1,0.0,0.8,10.0,0.0,77.0,0.0,20,20
2022-08-10 04:21:00,20,15.1,0.0,0.8,10.0,0.0,77.0,0.0,20,20
2022-08-10 04:26:00,20,15.1,0.0,0.8,10.0,0.0,77.0,0.0,20,20
2022-08-10 04:31:00,20,15.0,0.0,1.3,14.0,0.0,77.0,0.0,20,20
2022-08-10 04:36:00,20,15.0,0.0,1.3,14.0,0.0,77.0,0.0,19,20
2022-08-10 04:41:00,20,15.0,0.0,1.3,14.0,0.0,77.0,0.0,19,20
2022-08-10 04:46:00,20,15.0,0.0,1.3,14.0,0.0,77.0,0.0,19,20
2022-08-10 04:51:00,20,15.0,0.0,1.3,14.0,0.0,77.0,0.0,19,20
2022-08-10 04:56:00,20,15.0,0.0,1.3,14.0,0.0,77.0,0.0,19,20
2022-08-10 05:01:00,20,15.0,0.0,1.3,14.0,0.0,77.0,0.0,19,20
2022-08-10 05:06:00,20,15.0,0.0,1.3,14.0,0.0,77.0,0.0,19,20
2022-08-10 05:11:00,20,15.0,0.0,1.3,14.0,0.0,77.0,0.0,19,20
2022-08-10 05:16:00,20,15.0,0.0,1.3,14.0,0.0,77.0,0.0,18,20
2022-08-10 05:21:00,20,15.0,0.0,1.3,14.0,0.0,77.0,0.0,18,20
2022-08-10 05:26:00,20,15.0,0.0,1.3,14.0,0.0,77.0,0.0,18,20
2022-08-10 05:31:00,20,14.3,1.0,1.8,17.0,0.0,76.0,0.0,18,20
2022-08-10 05:36:00,20,14.3,1.0,1.8,17.0,0.0,76.0,0.0,18,19
2022-08-10 05:41:00,20,14.3,1.0,1.8,17.0,0.0,76.0,0.0,17,19
2022-08-10 05:46:00,20,14.3,1.0,1.8,17.0,0.0,76.0,0.0,17,19
2022-08-10 05:51:00,20,14.3,1.0,1.8,17.0,0.0,76.0,0.0,17,19
2022-08-10 05:56:00,20,14.3,1.0,1.8,17.0,0.0,76.0,0.0,16,19
2022-08-10 06:01:00,20,14.3,1.0,1.8,17.0,0.0,76.0,0.0,16,19
2022-08-10 06:06:00,20,14.3,1.0,1.8,17.0,0.0,76.0,0.0,16,19
2022-08-10 06:11:00,20,14.3,1.0,1.8,17.0,0.0,76.0,0.0,16,19
2022-08-10 06:16:00,20,14.3,1.0,1.8,17.0,0.0,76.0,0.0,16,18
2022-08-10 06:21:00,20,14.3,1.0,1.8,17.0,0.0,76.0,0.0,16,18
2022-08-10 06:26:00,20,14.3,1.0,1.8,17.0,0.0,76.0,0.0,16,18
2022-08-10 06:31:00,20,18.4,1.0,5.9,16.0,0.0,65.0,0.0,15,18
2022-08-10 06:36:00,19,18.4,1.0,5.9,16.0,0.0,65.0,0.0,15,18
2022-08-10 06:41:00,19,18.4,1.0,5.9,16.0,0.0,65.0,0.0,14,17
2022-08-10 06:46:00,19,18.4,1.0,5.9,16.0,0.0,65.0,0.0,14,17
2022-08-10 06:51:00,19,18.4,1.0,5.9,16.0,0.0,65.0,0.0,14,17
2022-08-10 06:56:00,19,18.4,1.0,5.9,16.0,0.0,65.0,0.0,14,16
2022-08-10 07:01:00,19,18.4,1.0,5.9,16.0,0.0,65.0,0.0,14,16
2022-08-10 07:06:00,19,18.4,1.0,5.9,16.0,0.0,65.0,0.0,14,16
2022-08-10 07:11:00,19,18.4,1.0,5.9,16.0,0.0,65.0,0.0,14,16
2022-08-10 07:16:00,18,18.4,1.0,5.9,16.0,0.0,65.0,0.0,13,16
2022-08-10 07:21:00,18,18.4,1.0,5.9,16.0,0.0,65.0,0.0,13,16
2022-08-10 07:26:00,18,18.4,1.0,5.9,16.0,0.0,65.0,0.0,13,16
2022-08-10 07:31:00,18,20.0,1.0,10.0,15.0,0.0,54.0,0.0,13,15
2022-08-10 07:36:00,18,20.0,1.0,10.0,15.0,0.0,54.0,0.0,13,15
2022-08-10 07:41:00,17,20.0,1.0,10.0,15.0,0.0,54.0,0.0,13,14
2022-08-10 07:46:00,17,20.0,1.0,10.0,15.0,0.0,54.0,0.0,13,14
2022-08-10 07:51:00,17,20.0,1.0,10.0,15.0,0.0,54.0,0.0,13,14
2022-08-10 07:56:00,16,20.0,1.0,10.0,15.0,0.0,54.0,0.0,13,14
2022-08-10 08:01:00,16,20.0,1.0,10.0,15.0,0.0,54.0,0.0,13,14
2022-08-10 08:06:00,16,20.0,1.0,10.0,15.0,0.0,54.0,0.0,13,14
2022-08-10 08:11:00,16,20.0,1.0,10.0,15.0,0.0,54.0,0.0,13,14
2022-08-10 08:16:00,16,20.0,1.0,10.0,15.0,0.0,54.0,0.0,13,13
2022-08-10 08:21:00,16,20.0,1.0,10.0,15.0,0.0,54.0,0.0,13,13
2022-08-10 08:26:00,16,20.0,1.0,10.0,15.0,0.0,54.0,0.0,13,13
2022-08-10 08:31:00,15,22.8,1.0,14.0,14.0,0.0,43.0,0.0,13,13
2022-08-10 08:36:00,15,22.8,1.0,14.0,14.0,0.0,43.0,0.0,13,13
2022-08-10 08:41:00,14,22.8,1.0,14.0,14.0,0.0,43.0,0.0,13,13
2022-08-10 08:46:00,14,22.8,1.0,14.0,14.0,0.0,43.0,0.0,13,13
2022-08-10 08:51:00,14,22.8,1.0,14.0,14.0,0.0,43.0,0.0,13,13
2022-08-10 08:56:00,14,22.8,1.0,14.0,14.0,0.0,43.0,0.0,13,13
2022-08-10 09:01:00,14,22.8,1.0,14.0,14.0,0.0,43.0,0.0,13,13
2022-08-10 09:06:00,14,22.8,1.0,14.0,14.0,0.0,43.0,0.0,13,13
2022-08-10 09:11:00,14,22.8,1.0,14.0,14.0,0.0,43.0,0.0,13,13
2022-08-10 09:16:00,13,22.8,1.0,14.0,14.0,0.0,43.0,0.0,13,13
2022-08-10 09:21:00,13,22.8,1.0,14.0,14.0,0.0,43.0,0.0,13,13
2022-08-10 09:26:00,13,22.8,1.0,14.0,14.0,0.0,43.0,0.0,13,13
2022-08-10 09:31:00,13,24.1,1.0,15.5,17.0,0.0,42.0,0.0,13,13
2022-08-10 09:41:00,13,24.1,1.0,15.5,17.0,0.0,42.0,0.0,13,13
2022-08-10 09:46:00,13,24.1,1.0,15.5,17.0,0.0,42.0,0.0,13,13
2022-08-10 09:51:00,13,24.1,1.0,15.5,17.0,0.0,42.0,0.0,13,13
2022-08-10 09:56:00,13,24.1,1.0,15.5,17.0,0.0,42.0,0.0,13,13
2022-08-10 10:01:00,13,24.1,1.0,15.5,17.0,0.0,42.0,0.0,13,13
2022-08-10 10:06:00,13,24.1,1.0,15.5,17.0,0.0,42.0,0.0,13,13
2022-08-10 10:11:00,13,24.1,1.0,15.5,17.0,0.0,42.0,0.0,13,13
2022-08-10 10:16:00,13,24.1,1.0,15.5,17.0,0.0,42.0,0.0,14,13
2022-08-10 10:21:00,13,24.1,1.0,15.5,17.0,0.0,42.0,0.0,14,13
2022-08-10 10:26:00,13,24.1,1.0,15.5,17.0,0.0,42.0,0.0,14,13
2022-08-10 10:31:00,13,25.3,1.0,16.9,20.0,0.0,40.0,0.0,14,13
2022-08-10 10:36:00,13,25.3,1.0,16.9,20.0,0.0,40.0,0.0,14,13
2022-08-10 10:41:00,13,25.3,1.0,16.9,20.0,0.0,40.0,0.0,14,13
2022-08-10 10:46:00,13,25.3,1.0,16.9,20.0,0.0,40.0,0.0,14,13
2022-08-10 10:51:00,13,25.3,1.0,16.9,20.0,0.0,40.0,0.0,14,13
2022-08-10 10:56:00,13,25.3,1.0,16.9,20.0,0.0,40.0,0.0,14,13
2022-08-10 11:01:00,13,25.3,1.0,16.9,20.0,0.0,40.0,0.0,14,13
2022-08-10 11:06:00,13,25.3,1.0,16.9,20.0,0.0,40.0,0.0,14,13
2022-08-10 11:11:00,13,25.3,1.0,16.9,20.0,0.0,40.0,0.0,14,13
2022-08-10 11:16:00,13,25.3,1.0,16.9,20.0,0.0,40.0,0.0,14,14
2022-08-10 11:21:00,13,25.3,1.0,16.9,20.0,0.0,40.0,0.0,14,14
2022-08-10 11:26:00,13,25.3,1.0,16.9,20.0,0.0,40.0,0.0,14,14
2022-08-10 11:31:00,13,26.6,1.0,18.4,23.0,0.0,38.0,0.0,14,14
2022-08-10 11:36:00,13,26.6,1.0,18.4,23.0,0.0,38.0,0.0,14,14
2022-08-10 11:41:00,13,26.6,1.0,18.4,23.0,0.0,38.0,0.0,14,14
2022-08-10 11:46:00,13,26.6,1.0,18.4,23.0,0.0,38.0,0.0,14,14
2022-08-10 11:51:00,13,26.6,1.0,18.4,23.0,0.0,38.0,0.0,14,14
2022-08-10 11:56:00,13,26.6,1.0,18.4,23.0,0.0,38.0,0.0,14,14
2022-08-10 12:06:00,13,26.6,1.0,18.4,23.0,0.0,38.0,0.0,14,14
2022-08-10 12:16:00,14,26.6,1.0,18.4,23.0,0.0,38.0,0.0,14,14
2022-08-10 12:21:00,14,26.6,1.0,18.4,23.0,0.0,38.0,0.0,14,14
2022-08-10 12:26:00,14,26.6,1.0,18.4,23.0,0.0,38.0,0.0,14,14
2022-08-10 12:31:00,14,26.4,1.0,18.1,18.0,0.0,36.0,0.0,14,14
2022-08-10 12:36:00,14,26.4,1.0,18.1,18.0,0.0,36.0,0.0,14,14
2022-08-10 12:41:00,14,26.4,1.0,18.1,18.0,0.0,36.0,0.0,14,14
2022-08-10 12:46:00,14,26.4,1.0,18.1,18.0,0.0,36.0,0.0,14,14
2022-08-10 12:52:00,14,26.4,1.0,18.1,18.0,0.0,36.0,0.0,14,14
2022-08-10 12:56:00,14,26.4,1.0,18.1,18.0,0.0,36.0,0.0,14,14
2022-08-10 13:01:00,14,26.4,1.0,18.1,18.0,0.0,36.0,0.0,14,14
2022-08-10 13:06:00,14,26.4,1.0,18.1,18.0,0.0,36.0,0.0,14,14
2022-08-10 13:11:00,14,26.4,1.0,18.1,18.0,0.0,36.0,0.0,14,14
2022-08-10 13:16:00,14,26.4,1.0,18.1,18.0,0.0,36.0,0.0,14,14
2022-08-10 13:21:00,14,26.4,1.0,18.1,18.0,0.0,36.0,0.0,14,14
2022-08-10 13:26:00,14,26.4,1.0,18.1,18.0,0.0,36.0,0.0,14,14
2022-08-10 13:32:00,14,26.3,1.0,17.9,13.0,0.0,34.0,0.0,14,14
2022-08-10 13:36:00,14,26.3,1.0,17.9,13.0,0.0,34.0,0.0,14,14
2022-08-10 13:41:00,14,26.3,1.0,17.9,13.0,0.0,34.0,0.0,14,14
2022-08-10 13:46:00,14,26.3,1.0,17.9,13.0,0.0,34.0,0.0,14,14
2022-08-10 13:51:00,14,26.3,1.0,17.9,13.0,0.0,34.0,0.0,14,14
2022-08-10 13:56:00,14,26.3,1.0,17.9,13.0,0.0,34.0,0.0,14,14
2022-08-10 14:02:00,14,26.3,1.0,17.9,13.0,0.0,34.0,0.0,14,14
2022-08-10 14:06:00,14,26.3,1.0,17.9,13.0,0.0,34.0,0.0,14,14
2022-08-10 14:16:00,14,26.3,1.0,17.9,13.0,0.0,34.0,0.0,14,14
2022-08-10 14:26:00,14,26.3,1.0,17.9,13.0,0.0,34.0,0.0,14,14
2022-08-10 14:31:00,14,26.1,1.0,17.6,8.0,0.0,32.0,0.0,14,14
2022-08-10 14:36:00,14,26.1,1.0,17.6,8.0,0.0,32.0,0.0,14,14
2022-08-10 14:42:00,14,26.1,1.0,17.6,8.0,0.0,32.0,0.0,14,14
2022-08-10 14:46:00,14,26.1,1.0,17.6,8.0,0.0,32.0,0.0,15,14
2022-08-10 14:51:00,14,26.1,1.0,17.6,8.0,0.0,32.0,0.0,16,14
2022-08-10 14:56:00,14,26.1,1.0,17.6,8.0,0.0,32.0,0.0,16,14
2022-08-10 15:02:00,14,26.1,1.0,17.6,8.0,0.0,32.0,0.0,16,14
2022-08-10 15:06:00,14,26.1,1.0,17.6,8.0,0.0,32.0,0.0,16,14
2022-08-10 15:12:00,14,26.1,1.0,17.6,8.0,0.0,32.0,0.0,16,14
2022-08-10 15:16:00,14,26.1,1.0,17.6,8.0,0.0,32.0,0.0,15,14
2022-08-10 15:21:00,14,26.1,1.0,17.6,8.0,0.0,32.0,0.0,15,14
2022-08-10 15:26:00,14,26.1,1.0,17.6,8.0,0.0,32.0,0.0,14,14
2022-08-10 15:31:00,14,25.1,1.0,15.7,7.0,0.0,35.0,0.0,14,14
2022-08-10 15:36:00,14,25.1,1.0,15.7,7.0,0.0,35.0,0.0,14,14
2022-08-10 15:42:00,14,25.1,1.0,15.7,7.0,0.0,35.0,0.0,13,14
2022-08-10 15:46:00,14,25.1,1.0,15.7,7.0,0.0,35.0,0.0,13,15
2022-08-10 15:52:00,14,25.1,1.0,15.7,7.0,0.0,35.0,0.0,14,16
2022-08-10 15:56:00,14,25.1,1.0,15.7,7.0,0.0,35.0,0.0,14,16
2022-08-10 16:02:00,14,25.1,1.0,15.7,7.0,0.0,35.0,0.0,15,16
2022-08-10 16:12:00,14,25.1,1.0,15.7,7.0,0.0,35.0,0.0,15,16
2022-08-10 16:16:00,14,25.1,1.0,15.7,7.0,0.0,35.0,0.0,15,15
2022-08-10 16:22:00,14,25.1,1.0,15.7,7.0,0.0,35.0,0.0,15,15
2022-08-10 16:26:00,14,25.1,1.0,15.7,7.0,0.0,35.0,0.0,15,14
2022-08-10 16:32:00,14,24.2,1.0,13.8,6.0,0.0,39.0,0.0,15,14
2022-08-10 16:36:00,14,24.2,1.0,13.8,6.0,0.0,39.0,0.0,15,14
2022-08-10 16:42:00,14,24.2,1.0,13.8,6.0,0.0,39.0,0.0,15,13
2022-08-10 16:46:00,15,24.2,1.0,13.8,6.0,0.0,39.0,0.0,15,13
2022-08-10 16:52:00,16,24.2,1.0,13.8,6.0,0.0,39.0,0.0,14,14
2022-08-10 16:56:00,16,24.2,1.0,13.8,6.0,0.0,39.0,0.0,14,14
2022-08-10 17:02:00,16,24.2,1.0,13.8,6.0,0.0,39.0,0.0,14,15
2022-08-10 17:06:00,16,24.2,1.0,13.8,6.0,0.0,39.0,0.0,13,15
2022-08-10 17:12:00,16,24.2,1.0,13.8,6.0,0.0,39.0,0.0,13,15
2022-08-10 17:16:00,15,24.2,1.0,13.8,6.0,0.0,39.0,0.0,13,15
2022-08-10 17:22:00,15,24.2,1.0,13.8,6.0,0.0,39.0,0.0,13,15
2022-08-10 17:26:00,14,24.2,1.0,13.8,6.0,0.0,39.0,0.0,13,15
2022-08-10 17:32:00,14,23.2,1.0,11.9,6.0,0.0,43.0,0.0,14,15
2022-08-10 17:36:00,14,23.2,1.0,11.9,6.0,0.0,43.0,0.0,14,15
2022-08-10 17:42:00,13,23.2,1.0,11.9,6.0,0.0,43.0,0.0,14,15
2022-08-10 17:46:00,13,23.2,1.0,11.9,6.0,0.0,43.0,0.0,14,15
2022-08-10 17:52:00,14,23.2,1.0,11.9,6.0,0.0,43.0,0.0,14,14
2022-08-10 18:02:00,15,23.2,1.0,11.9,6.0,0.0,43.0,0.0,15,14
2022-08-10 18:07:00,15,23.2,1.0,11.9,6.0,0.0,43.0,0.0,17,13
2022-08-10 18:12:00,15,23.2,1.0,11.9,6.0,0.0,43.0,0.0,18,13
2022-08-10 18:16:00,15,23.2,1.0,11.9,6.0,0.0,43.0,0.0,18,13
2022-08-10 18:22:00,15,23.2,1.0,11.9,6.0,0.0,43.0,0.0,18,13
2022-08-10 18:26:00,15,23.2,1.0,11.9,6.0,0.0,43.0,0.0,18,13
2022-08-10 18:32:00,15,21.8,1.0,9.1,5.0,0.0,48.0,0.0,18,14
2022-08-10 18:36:00,15,21.8,1.0,9.1,5.0,0.0,48.0,0.0,18,14
2022-08-10 18:42:00,15,21.8,1.0,9.1,5.0,0.0,48.0,0.0,18,14
2022-08-10 18:46:00,15,21.8,1.0,9.1,5.0,0.0,48.0,0.0,19,14
2022-08-10 18:52:00,14,21.8,1.0,9.1,5.0,0.0,48.0,0.0,19,14
2022-08-10 18:56:00,14,21.8,1.0,9.1,5.0,0.0,48.0,0.0,19,14
2022-08-10 19:02:00,14,21.8,1.0,9.1,5.0,0.0,48.0,0.0,18,15
2022-08-10 19:07:00,13,21.8,1.0,9.1,5.0,0.0,48.0,0.0,18,17
2022-08-10 19:12:00,13,21.8,1.0,9.1,5.0,0.0,48.0,0.0,18,18
2022-08-10 19:17:00,13,21.8,1.0,9.1,5.0,0.0,48.0,0.0,18,18
2022-08-10 19:22:00,13,21.8,1.0,9.1,5.0,0.0,48.0,0.0,19,18
2022-08-10 19:26:00,13,21.8,1.0,9.1,5.0,0.0,48.0,0.0,19,18
2022-08-10 19:37:00,14,19.6,1.0,6.4,4.0,0.0,53.0,0.0,19,18
2022-08-10 19:42:00,14,19.6,1.0,6.4,4.0,0.0,53.0,0.0,19,18
2022-08-10 19:47:00,14,19.6,1.0,6.4,4.0,0.0,53.0,0.0,19,19
2022-08-10 19:52:00,14,19.6,1.0,6.4,4.0,0.0,53.0,0.0,19,19
2022-08-10 19:57:00,14,19.6,1.0,6.4,4.0,0.0,53.0,0.0,19,19
2022-08-10 20:02:00,15,19.6,1.0,6.4,4.0,0.0,53.0,0.0,19,18
2022-08-10 20:07:00,17,19.6,1.0,6.4,4.0,0.0,53.0,0.0,19,18
2022-08-10 20:12:00,18,19.6,1.0,6.4,4.0,0.0,53.0,0.0,19,18
2022-08-10 20:16:00,18,19.6,1.0,6.4,4.0,0.0,53.0,0.0,19,18
2022-08-10 20:22:00,18,19.6,1.0,6.4,4.0,0.0,53.0,0.0,19,19
2022-08-10 20:27:00,18,19.6,1.0,6.4,4.0,0.0,53.0,0.0,19,19
2022-08-10 20:32:00,18,17.2,0.0,3.6,3.0,0.0,59.0,0.0,19,19
2022-08-10 20:37:00,18,17.2,0.0,3.6,3.0,0.0,59.0,0.0,19,19
2022-08-10 20:42:00,18,17.2,0.0,3.6,3.0,0.0,59.0,0.0,19,19
2022-08-10 20:47:00,19,17.2,0.0,3.6,3.0,0.0,59.0,0.0,19,19
2022-08-10 20:52:00,19,17.2,0.0,3.6,3.0,0.0,59.0,0.0,19,19
2022-08-10 21:02:00,18,17.2,0.0,3.6,3.0,0.0,59.0,0.0,19,19
2022-08-10 21:07:00,18,17.2,0.0,3.6,3.0,0.0,59.0,0.0,20,19
2022-08-10 21:12:00,18,17.2,0.0,3.6,3.0,0.0,59.0,0.0,20,19
2022-08-10 21:17:00,18,17.2,0.0,3.6,3.0,0.0,59.0,0.0,20,19
2022-08-10 21:22:00,19,17.2,0.0,3.6,3.0,0.0,59.0,0.0,20,19
2022-08-10 21:27:00,19,17.2,0.0,3.6,3.0,0.0,59.0,0.0,19,19
2022-08-10 21:32:00,19,16.3,0.0,3.4,3.0,0.0,61.0,0.0,19,19
2022-08-10 21:37:00,19,16.3,0.0,3.4,3.0,0.0,61.0,0.0,19,19
2022-08-10 21:42:00,19,16.3,0.0,3.4,3.0,0.0,61.0,0.0,19,19
2022-08-10 21:47:00,19,16.3,0.0,3.4,3.0,0.0,61.0,0.0,19,19
2022-08-10 21:52:00,19,16.3,0.0,3.4,3.0,0.0,61.0,0.0,19,19
2022-08-10 21:57:00,19,16.3,0.0,3.4,3.0,0.0,61.0,0.0,19,19
2022-08-10 22:02:00,19,16.3,0.0,3.4,3.0,0.0,61.0,0.0,20,19
2022-08-10 22:07:00,19,16.3,0.0,3.4,3.0,0.0,61.0,0.0,20,20
2022-08-10 22:12:00,19,16.3,0.0,3.4,3.0,0.0,61.0,0.0,20,20
2022-08-10 22:17:00,19,16.3,0.0,3.4,3.0,0.0,61.0,0.0,20,20
2022-08-10 22:22:00,19,16.3,0.0,3.4,3.0,0.0,61.0,0.0,20,20
2022-08-10 22:27:00,19,16.3,0.0,3.4,3.0,0.0,61.0,0.0,20,19
2022-08-10 22:32:00,19,15.7,0.0,3.1,4.0,0.0,64.0,0.0,20,19
2022-08-10 22:37:00,19,15.7,0.0,3.1,4.0,0.0,64.0,0.0,20,19
2022-08-10 22:42:00,19,15.7,0.0,3.1,4.0,0.0,64.0,0.0,20,19
2022-08-10 22:47:00,19,15.7,0.0,3.1,4.0,0.0,64.0,0.0,20,19
2022-08-10 22:52:00,19,15.7,0.0,3.1,4.0,0.0,64.0,0.0,20,19
2022-08-10 22:57:00,19,15.7,0.0,3.1,4.0,0.0,64.0,0.0,20,19
2022-08-10 23:02:00,19,15.7,0.0,3.1,4.0,0.0,64.0,0.0,20,20
2022-08-10 23:07:00,20,15.7,0.0,3.1,4.0,0.0,64.0,0.0,20,20
2022-08-10 23:12:00,20,15.7,0.0,3.1,4.0,0.0,64.0,0.0,20,20
2022-08-10 23:17:00,20,15.7,0.0,3.1,4.0,0.0,64.0,0.0,20,20
2022-08-10 23:22:00,20,15.7,0.0,3.1,4.0,0.0,64.0,0.0,20,20
2022-08-10 23:27:00,19,15.7,0.0,3.1,4.0,0.0,64.0,0.0,20,20
2022-08-10 23:32:00,19,15.7,0.0,3.1,4.0,0.0,64.0,0.0,20,20
2022-08-10 23:37:00,19,15.7,0.0,3.1,4.0,0.0,64.0,0.0,20,20
2022-08-10 23:42:00,19,15.7,0.0,3.1,4.0,0.0,64.0,0.0,20,20
2022-08-10 23:47:00,19,15.7,0.0,3.1,4.0,0.0,64.0,0.0,20,20
2022-08-10 23:52:00,19,15.7,0.0,3.1,4.0,0.0,64.0,0.0,20,20
2022-08-10 23:57:00,19,15.7,0.0,3.1,4.0,0.0,64.0,0.0,20,20
2022-08-11 00:02:00,20,14.8,0.0,2.9,4.0,0.0,67.0,0.0,20,20
2022-08-11 00:07:00,20,14.8,0.0,2.9,4.0,0.0,67.0,0.0,20,20
2022-08-11 00:12:00,20,14.8,0.0,2.9,4.0,0.0,67.0,0.0,20,20
2022-08-11 00:17:00,20,14.8,0.0,2.9,4.0,0.0,67.0,0.0,20,20
2022-08-11 00:22:00,20,14.8,0.0,2.9,4.0,0.0,67.0,0.0,20,20
2022-08-11 00:27:00,20,14.8,0.0,2.9,4.0,0.0,67.0,0.0,20,20
2022-08-11 00:32:00,20,14.7,0.0,2.3,5.0,0.0,68.0,0.0,20,20
2022-08-11 00:37:00,20,14.7,0.0,2.3,5.0,0.0,68.0,0.0,20,20
2022-08-11 00:42:00,20,14.7,0.0,2.3,5.0,0.0,68.0,0.0,20,20
2022-08-11 00:47:00,20,14.7,0.0,2.3,5.0,0.0,68.0,0.0,20,20
2022-08-11 00:52:00,20,14.7,0.0,2.3,5.0,0.0,68.0,0.0,20,20
2022-08-11 00:57:00,20,14.7,0.0,2.3,5.0,0.0,68.0,0.0,20,20
2022-08-11 01:02:00,20,14.7,0.0,2.3,5.0,0.0,68.0,0.0,20,20
2022-08-11 01:07:00,20,14.7,0.0,2.3,5.0,0.0,68.0,0.0,20,20
2022-08-11 01:12:00,20,14.7,0.0,2.3,5.0,0.0,68.0,0.0,20,20
2022-08-11 01:17:00,20,14.7,0.0,2.3,5.0,0.0,68.0,0.0,20,20
2022-08-11 01:22:00,20,14.7,0.0,2.3,5.0,0.0,68.0,0.0,20,20
2022-08-11 01:27:00,20,14.7,0.0,2.3,5.0,0.0,68.0,0.0,20,20
2022-08-11 01:32:00,20,14.6,0.0,1.7,5.0,0.0,69.0,0.0,20,20
2022-08-11 01:42:00,20,14.6,0.0,1.7,5.0,0.0,69.0,0.0,20,20
2022-08-11 01:47:00,20,14.6,0.0,1.7,5.0,0.0,69.0,0.0,20,20
2022-08-11 01:52:00,20,14.6,0.0,1.7,5.0,0.0,69.0,0.0,20,20
2022-08-11 01:57:00,20,14.6,0.0,1.7,5.0,0.0,69.0,0.0,20,20
2022-08-11 02:02:00,20,14.6,0.0,1.7,5.0,0.0,69.0,0.0,20,20
2022-08-11 02:07:00,20,14.6,0.0,1.7,5.0,0.0,69.0,0.0,20,20
2022-08-11 02:12:00,20,14.6,0.0,1.7,5.0,0.0,69.0,0.0,20,20
2022-08-11 02:17:00,20,14.6,0.0,1.7,5.0,0.0,69.0,0.0,20,20
2022-08-11 02:22:00,20,14.6,0.0,1.7,5.0,0.0,69.0,0.0,20,20
2022-08-11 02:27:00,20,14.6,0.0,1.7,5.0,0.0,69.0,0.0,20,20
2022-08-11 02:32:00,20,14.7,0.0,1.1,5.0,0.0,71.0,0.0,20,20
2022-08-11 02:37:00,20,14.7,0.0,1.1,5.0,0.0,71.0,0.0,20,20
2022-08-11 02:42:00,20,14.7,0.0,1.1,5.0,0.0,71.0,0.0,20,20
2022-08-11 02:47:00,20,14.7,0.0,1.1,5.0,0.0,71.0,0.0,20,20
2022-08-11 02:52:00,20,14.7,0.0,1.1,5.0,0.0,71.0,0.0,20,20
2022-08-11 02:57:00,20,14.7,0.0,1.1,5.0,0.0,71.0,0.0,20,20
2022-08-11 03:02:00,20,14.7,0.0,1.1,5.0,0.0,71.0,0.0,20,20
2022-08-11 03:07:00,20,14.7,0.0,1.1,5.0,0.0,71.0,0.0,20,20
2022-08-11 03:12:00,20,14.7,0.0,1.1,5.0,0.0,71.0,0.0,20,20
2022-08-11 03:17:00,20,14.7,0.0,1.1,5.0,0.0,71.0,0.0,20,20
2022-08-11 03:22:00,20,14.7,0.0,1.1,5.0,0.0,71.0,0.0,20,20
2022-08-11 03:27:00,20,14.7,0.0,1.1,5.0,0.0,71.0,0.0,20,20
2022-08-11 03:32:00,20,14.7,0.0,1.1,5.0,0.0,71.0,0.0,20,20
2022-08-11 03:37:00,20,14.7,0.0,1.1,5.0,0.0,71.0,0.0,20,20
2022-08-11 03:42:00,20,14.7,0.0,1.1,5.0,0.0,71.0,0.0,20,20
2022-08-11 03:47:00,20,14.7,0.0,1.1,5.0,0.0,71.0,0.0,20,20
2022-08-11 03:52:00,20,14.7,0.0,1.1,5.0,0.0,71.0,0.0,20,20
2022-08-11 03:57:00,20,14.7,0.0,1.1,5.0,0.0,71.0,0.0,20,20
2022-08-11 04:02:00,20,14.7,0.0,1.1,5.0,0.0,71.0,0.0,20,20
2022-08-11 04:12:00,20,14.7,0.0,1.1,5.0,0.0,71.0,0.0,20,20
2022-08-11 04:17:00,20,14.7,0.0,1.1,5.0,0.0,71.0,0.0,20,20
2022-08-11 04:22:00,20,14.7,0.0,1.1,5.0,0.0,71.0,0.0,20,20
2022-08-11 04:27:00,20,14.7,0.0,1.1,5.0,0.0,71.0,0.0,20,20
2022-08-11 04:32:00,20,14.8,0.0,1.1,6.0,0.0,72.0,0.0,19,20
2022-08-11 04:37:00,20,14.8,0.0,1.1,6.0,0.0,72.0,0.0,18,20
2022-08-11 04:42:00,20,14.8,0.0,1.1,6.0,0.0,72.0,0.0,18,20
2022-08-11 04:47:00,20,14.8,0.0,1.1,6.0,0.0,72.0,0.0,18,20
2022-08-11 04:52:00,20,14.8,0.0,1.1,6.0,0.0,72.0,0.0,18,20
2022-08-11 04:57:00,20,14.8,0.0,1.1,6.0,0.0,72.0,0.0,18,20
2022-08-11 05:02:00,20,14.8,0.0,1.1,6.0,0.0,72.0,0.0,18,20
2022-08-11 05:07:00,20,14.8,0.0,1.1,6.0,0.0,72.0,0.0,18,20
2022-08-11 05:12:00,20,14.8,0.0,1.1,6.0,0.0,72.0,0.0,18,20
2022-08-11 05:17:00,20,14.8,0.0,1.1,6.0,0.0,72.0,0.0,17,20
2022-08-11 05:22:00,20,14.8,0.0,1.1,6.0,0.0,72.0,0.0,17,20
2022-08-11 05:27:00,20,14.8,0.0,1.1,6.0,0.0,72.0,0.0,17,20
2022-08-11 05:32:00,20,15.0,1.0,1.1,6.0,0.0,73.0,0.0,17,19
2022-08-11 05:37:00,20,15.0,1.0,1.1,6.0,0.0,73.0,0.0,17,18
2022-08-11 05:42:00,20,15.0,1.0,1.1,6.0,0.0,73.0,0.0,17,18
2022-08-11 05:47:00,20,15.0,1.0,1.1,6.0,0.0,73.0,0.0,16,18
2022-08-11 05:52:00,20,15.0,1.0,1.1,6.0,0.0,73.0,0.0,16,18
2022-08-11 05:57:00,20,15.0,1.0,1.1,6.0,0.0,73.0,0.0,16,18
2022-08-11 06:02:00,20,15.0,1.0,1.1,6.0,0.0,73.0,0.0,16,18
2022-08-11 06:07:00,20,15.0,1.0,1.1,6.0,0.0,73.0,0.0,16,18
2022-08-11 06:13:00,20,15.0,1.0,1.1,6.0,0.0,73.0,0.0,16,17
2022-08-11 06:17:00,20,15.0,1.0,1.1,6.0,0.0,73.0,0.0,16,17
2022-08-11 06:22:00,20,15.0,1.0,1.1,6.0,0.0,73.0,0.0,16,17
2022-08-11 06:27:00,20,15.0,1.0,1.1,6.0,0.0,73.0,0.0,17,17
2022-08-11 06:32:00,19,17.5,1.0,2.6,6.0,0.0,65.0,0.0,17,17
2022-08-11 06:37:00,18,17.5,1.0,2.6,6.0,0.0,65.0,0.0,17,17
2022-08-11 06:42:00,18,17.5,1.0,2.6,6.0,0.0,65.0,0.0,17,17
2022-08-11 06:47:00,18,17.5,1.0,2.6,6.0,0.0,65.0,0.0,17,16
2022-08-11 06:52:00,18,17.5,1.0,2.6,6.0,0.0,65.0,0.0,17,16
2022-08-11 06:57:00,18,17.5,1.0,2.6,6.0,0.0,65.0,0.0,17,16
2022-08-11 07:02:00,18,17.5,1.0,2.6,6.0,0.0,65.0,0.0,17,16
2022-08-11 07:07:00,18,17.5,1.0,2.6,6.0,0.0,65.0,0.0,17,16
2022-08-11 07:17:00,17,17.5,1.0,2.6,6.0,0.0,65.0,0.0,16,16
2022-08-11 07:22:00,17,17.5,1.0,2.6,6.0,0.0,65.0,0.0,16,16
2022-08-11 07:27:00,17,17.5,1.0,2.6,6.0,0.0,65.0,0.0,16,17
2022-08-11 07:32:00,17,20.0,1.0,4.2,7.0,0.0,56.0,0.0,15,17
2022-08-11 07:37:00,17,20.0,1.0,4.2,7.0,0.0,56.0,0.0,15,17
2022-08-11 07:42:00,17,20.0,1.0,4.2,7.0,0.0,56.0,0.0,15,17
2022-08-11 07:47:00,16,20.0,1.0,4.2,7.0,0.0,56.0,0.0,15,17
2022-08-11 07:52:00,16,20.0,1.0,4.2,7.0,0.0,56.0,0.0,15,17
2022-08-11 07:57:00,16,20.0,1.0,4.2,7.0,0.0,56.0,0.0,15,17
2022-08-11 08:02:00,16,20.0,1.0,4.2,7.0,0.0,56.0,0.0,15,17
2022-08-11 08:07:00,16,20.0,1.0,4.2,7.0,0.0,56.0,0.0,15,17
2022-08-11 08:12:00,16,20.0,1.0,4.2,7.0,0.0,56.0,0.0,11,16
2022-08-11 08:17:00,16,20.0,1.0,4.2,7.0,0.0,56.0,0.0,11,16
2022-08-11 08:22:00,16,20.0,1.0,4.2,7.0,0.0,56.0,0.0,11,16
2022-08-11 08:27:00,17,20.0,1.0,4.2,7.0,0.0,56.0,0.0,10,16
2022-08-11 08:32:00,17,21.6,1.0,5.8,7.0,0.0,47.0,0.0,10,15
2022-08-11 08:37:00,17,21.6,1.0,5.8,7.0,0.0,47.0,0.0,10,15
2022-08-11 08:42:00,17,21.6,1.0,5.8,7.0,0.0,47.0,0.0,9,15
2022-08-11 08:47:00,17,21.6,1.0,5.8,7.0,0.0,47.0,0.0,10,15
2022-08-11 08:53:00,17,21.6,1.0,5.8,7.0,0.0,47.0,0.0,9,15
2022-08-11 08:57:00,17,21.6,1.0,5.8,7.0,0.0,47.0,0.0,9,15
2022-08-11 09:02:00,17,21.6,1.0,5.8,7.0,0.0,47.0,0.0,9,15
2022-08-11 09:07:00,17,21.6,1.0,5.8,7.0,0.0,47.0,0.0,9,15
2022-08-11 09:13:00,16,21.6,1.0,5.8,7.0,0.0,47.0,0.0,9,11
2022-08-11 09:17:00,16,21.6,1.0,5.8,7.0,0.0,47.0,0.0,9,11
2022-08-11 09:23:00,16,21.6,1.0,5.8,7.0,0.0,47.0,0.0,9,11
2022-08-11 09:27:00,16,21.6,1.0,5.8,7.0,0.0,47.0,0.0,9,10
2022-08-11 09:33:00,15,23.3,1.0,8.2,10.0,0.0,43.0,0.0,9,10
2022-08-11 09:37:00,15,23.3,1.0,8.2,10.0,0.0,43.0,0.0,9,10
2022-08-11 09:42:00,15,23.3,1.0,8.2,10.0,0.0,43.0,0.0,9,9
2022-08-11 09:52:00,15,23.3,1.0,8.2,10.0,0.0,43.0,0.0,9,9
2022-08-11 09:57:00,15,23.3,1.0,8.2,10.0,0.0,43.0,0.0,9,9
2022-08-11 10:03:00,15,23.3,1.0,8.2,10.0,0.0,43.0,0.0,9,9
2022-08-11 10:07:00,15,23.3,1.0,8.2,10.0,0.0,43.0,0.0,9,9
2022-08-11 10:13:00,11,23.3,1.0,8.2,10.0,0.0,43.0,0.0,9,9
2022-08-11 10:17:00,11,23.3,1.0,8.2,10.0,0.0,43.0,0.0,9,9
2022-08-11 10:23:00,11,23.3,1.0,8.2,10.0,0.0,43.0,0.0,9,9
2022-08-11 10:27:00,10,23.3,1.0,8.2,10.0,0.0,43.0,0.0,9,9
2022-08-11 10:32:00,10,24.9,1.0,10.6,13.0,0.0,40.0,0.0,10,9
2022-08-11 10:37:00,10,24.9,1.0,10.6,13.0,0.0,40.0,0.0,10,9
2022-08-11 10:43:00,9,24.9,1.0,10.6,13.0,0.0,40.0,0.0,10,9
2022-08-11 10:47:00,10,24.9,1.0,10.6,13.0,0.0,40.0,0.0,10,9
2022-08-11 10:53:00,9,24.9,1.0,10.6,13.0,0.0,40.0,0.0,10,9
2022-08-11 10:57:00,9,24.9,1.0,10.6,13.0,0.0,40.0,0.0,10,9
2022-08-11 11:03:00,9,24.9,1.0,10.6,13.0,0.0,40.0,0.0,10,9
2022-08-11 11:07:00,9,24.9,1.0,10.6,13.0,0.0,40.0,0.0,10,9
2022-08-11 11:13:00,9,24.9,1.0,10.6,13.0,0.0,40.0,0.0,10,9
2022-08-11 11:17:00,9,24.9,1.0,10.6,13.0,0.0,40.0,0.0,10,9
2022-08-11 11:23:00,9,24.9,1.0,10.6,13.0,0.0,40.0,0.0,10,9
2022-08-11 11:27:00,9,24.9,1.0,10.6,13.0,0.0,40.0,0.0,10,9
2022-08-11 11:33:00,9,26.6,1.0,13.0,15.0,0.0,36.0,0.0,11,10
2022-08-11 11:37:00,9,26.6,1.0,13.0,15.0,0.0,36.0,0.0,11,10
2022-08-11 11:43:00,9,26.6,1.0,13.0,15.0,0.0,36.0,0.0,11,10
2022-08-11 11:47:00,9,26.6,1.0,13.0,15.0,0.0,36.0,0.0,11,10
2022-08-11 11:53:00,9,26.6,1.0,13.0,15.0,0.0,36.0,0.0,11,10
2022-08-11 11:57:00,9,26.6,1.0,13.0,15.0,0.0,36.0,0.0,11,10
2022-08-11 12:03:00,9,26.6,1.0,13.0,15.0,0.0,36.0,0.0,11,10
2022-08-11 12:07:00,9,26.6,1.0,13.0,15.0,0.0,36.0,0.0,11,10
2022-08-11 12:13:00,9,26.6,1.0,13.0,15.0,0.0,36.0,0.0,12,10
2022-08-11 12:17:00,9,26.6,1.0,13.0,15.0,0.0,36.0,0.0,12,10
2022-08-11 12:23:00,9,26.6,1.0,13.0,15.0,0.0,36.0,0.0,12,10
2022-08-11 12:27:00,9,26.6,1.0,13.0,15.0,0.0,36.0,0.0,13,10
2022-08-11 12:33:00,10,26.0,1.0,13.2,15.0,0.0,35.0,0.0,13,11
2022-08-11 12:37:00,10,26.0,1.0,13.2,15.0,0.0,35.0,0.0,13,11
2022-08-11 12:43:00,10,26.0,1.0,13.2,15.0,0.0,35.0,0.0,13,11
2022-08-11 12:47:00,10,26.0,1.0,13.2,15.0,0.0,35.0,0.0,13,11
2022-08-11 12:53:00,10,26.0,1.0,13.2,15.0,0.0,35.0,0.0,13,11
2022-08-11 12:57:00,10,26.0,1.0,13.2,15.0,0.0,35.0,0.0,13,11
2022-08-11 13:03:00,10,26.0,1.0,13.2,15.0,0.0,35.0,0.0,13,11
2022-08-11 13:13:00,10,26.0,1.0,13.2,15.0,0.0,35.0,0.0,13,12
2022-08-11 13:18:00,10,26.0,1.0,13.2,15.0,0.0,35.0,0.0,13,12
2022-08-11 13:23:00,10,26.0,1.0,13.2,15.0,0.0,35.0,0.0,13,12
2022-08-11 13:27:00,10,26.0,1.0,13.2,15.0,0.0,35.0,0.0,12,13
2022-08-11 13:38:00,11,25.5,1.0,13.4,15.0,0.0,34.0,0.0,12,13
2022-08-11 13:43:00,11,25.5,1.0,13.4,15.0,0.0,34.0,0.0,12,13
2022-08-11 13:47:00,11,25.5,1.0,13.4,15.0,0.0,34.0,0.0,12,13
2022-08-11 13:53:00,11,25.5,1.0,13.4,15.0,0.0,34.0,0.0,11,13
2022-08-11 13:57:00,11,25.5,1.0,13.4,15.0,0.0,34.0,0.0,10,13
2022-08-11 14:03:00,11,25.5,1.0,13.4,15.0,0.0,34.0,0.0,10,13
2022-08-11 14:08:00,11,25.5,1.0,13.4,15.0,0.0,34.0,0.0,9,13
2022-08-11 14:13:00,12,25.5,1.0,13.4,15.0,0.0,34.0,0.0,9,13
2022-08-11 14:18:00,12,25.5,1.0,13.4,15.0,0.0,34.0,0.0,9,13
2022-08-11 14:28:00,13,25.5,1.0,13.4,15.0,0.0,34.0,0.0,9,12
2022-08-11 14:33:00,13,24.9,1.0,13.7,15.0,0.0,33.0,0.0,9,12
2022-08-11 14:38:00,13,24.9,1.0,13.7,15.0,0.0,33.0,0.0,9,12
2022-08-11 14:43:00,13,24.9,1.0,13.7,15.0,0.0,33.0,0.0,9,12
2022-08-11 14:48:00,13,24.9,1.0,13.7,15.0,0.0,33.0,0.0,8,12
2022-08-11 14:53:00,13,24.9,1.0,13.7,15.0,0.0,33.0,0.0,9,11
2022-08-11 14:58:00,13,24.9,1.0,13.7,15.0,0.0,33.0,0.0,9,10
2022-08-11 15:03:00,13,24.9,1.0,13.7,15.0,0.0,33.0,0.0,9,10
2022-08-11 15:08:00,13,24.9,1.0,13.7,15.0,0.0,33.0,0.0,9,9
2022-08-11 15:13:00,13,24.9,1.0,13.7,15.0,0.0,33.0,0.0,9,9
2022-08-11 15:18:00,13,24.9,1.0,13.7,15.0,0.0,33.0,0.0,9,9
2022-08-11 15:23:00,13,24.9,1.0,13.7,15.0,0.0,33.0,0.0,10,9
2022-08-11 15:28:00,12,24.9,1.0,13.7,15.0,0.0,33.0,0.0,10,9
2022-08-11 15:33:00,12,24.9,1.0,11.4,14.0,0.0,39.0,0.0,10,9
2022-08-11 15:38:00,12,24.9,1.0,11.4,14.0,0.0,39.0,0.0,10,9
2022-08-11 15:43:00,12,24.9,1.0,11.4,14.0,0.0,39.0,0.0,10,9
2022-08-11 15:48:00,12,24.9,1.0,11.4,14.0,0.0,39.0,0.0,11,8
2022-08-11 15:53:00,11,24.9,1.0,11.4,14.0,0.0,39.0,0.0,11,9
2022-08-11 15:58:00,10,24.9,1.0,11.4,14.0,0.0,39.0,0.0,11,9
2022-08-11 16:03:00,10,24.9,1.0,11.4,14.0,0.0,39.0,0.0,11,9
2022-08-11 16:08:00,9,24.9,1.0,11.4,14.0,0.0,39.0,0.0,11,9
2022-08-11 16:13:00,9,24.9,1.0,11.4,14.0,0.0,39.0,0.0,10,9
2022-08-11 16:18:00,9,24.9,1.0,11.4,14.0,0.0,39.0,0.0,10,9
2022-08-11 16:23:00,9,24.9,1.0,11.4,14.0,0.0,39.0,0.0,12,10
2022-08-11 16:28:00,9,24.9,1.0,11.4,14.0,0.0,39.0,0.0,13,10
2022-08-11 16:33:00,9,23.8,1.0,9.1,13.0,0.0,44.0,0.0,13,10
2022-08-11 16:38:00,9,23.8,1.0,9.1,13.0,0.0,44.0,0.0,13,10
2022-08-11 16:48:00,8,23.8,1.0,9.1,13.0,0.0,44.0,0.0,12,11
2022-08-11 16:53:00,9,23.8,1.0,9.1,13.0,0.0,44.0,0.0,12,11
2022-08-11 16:58:00,9,23.8,1.0,9.1,13.0,0.0,44.0,0.0,14,11
2022-08-11 17:03:00,9,23.8,1.0,9.1,13.0,0.0,44.0,0.0,16,11
2022-08-11 17:08:00,9,23.8,1.0,9.1,13.0,0.0,44.0,0.0,16,11
2022-08-11 17:13:00,9,23.8,1.0,9.1,13.0,0.0,44.0,0.0,16,10
2022-08-11 17:18:00,9,23.8,1.0,9.1,13.0,0.0,44.0,0.0,16,10
2022-08-11 17:23:00,10,23.8,1.0,9.1,13.0,0.0,44.0,0.0,16,12
2022-08-11 17:28:00,10,23.8,1.0,9.1,13.0,0.0,44.0,0.0,16,13
2022-08-11 17:33:00,10,22.8,1.0,6.8,12.0,0.0,49.0,0.0,16,13
2022-08-11 17:38:00,10,22.8,1.0,6.8,12.0,0.0,49.0,0.0,16,13
2022-08-11 17:43:00,10,22.8,1.0,6.8,12.0,0.0,49.0,0.0,16,13
2022-08-11 17:48:00,11,22.8,1.0,6.8,12.0,0.0,49.0,0.0,15,12
2022-08-11 17:53:00,11,22.8,1.0,6.8,12.0,0.0,49.0,0.0,15,12
2022-08-11 17:58:00,11,22.8,1.0,6.8,12.0,0.0,49.0,0.0,17,14
2022-08-11 18:03:00,11,22.8,1.0,6.8,12.0,0.0,49.0,0.0,17,16
2022-08-11 18:08:00,11,22.8,1.0,6.8,12.0,0.0,49.0,0.0,17,16
2022-08-11 18:13:00,10,22.8,1.0,6.8,12.0,0.0,49.0,0.0,17,16
2022-08-11 18:18:00,10,22.8,1.0,6.8,12.0,0.0,49.0,0.0,17,16
2022-08-11 18:23:00,12,22.8,1.0,6.8,12.0,0.0,49.0,0.0,17,16
2022-08-11 18:28:00,13,22.8,1.0,6.8,12.0,0.0,49.0,0.0,17,16
2022-08-11 18:33:00,13,21.4,1.0,5.0,22.0,0.0,53.0,0.0,17,16
2022-08-11 18:38:00,13,21.4,1.0,5.0,22.0,0.0,53.0,0.0,17,16
2022-08-11 18:43:00,13,21.4,1.0,5.0,22.0,0.0,53.0,0.0,17,16
2022-08-11 18:48:00,12,21.4,1.0,5.0,22.0,0.0,53.0,0.0,17,15
2022-08-11 18:53:00,12,21.4,1.0,5.0,22.0,0.0,53.0,0.0,17,15
2022-08-11 18:58:00,14,21.4,1.0,5.0,22.0,0.0,53.0,0.0,17,17
2022-08-11 19:03:00,16,21.4,1.0,5.0,22.0,0.0,53.0,0.0,17,17
2022-08-11 19:08:00,16,21.4,1.0,5.0,22.0,0.0,53.0,0.0,17,17
2022-08-11 19:13:00,16,21.4,1.0,5.0,22.0,0.0,53.0,0.0,17,17
2022-08-11 19:18:00,16,21.4,1.0,5.0,22.0,0.0,53.0,0.0,17,17
2022-08-11 19:23:00,16,21.4,1.0,5.0,22.0,0.0,53.0,0.0,17,17
2022-08-11 19:28:00,16,21.4,1.0,5.0,22.0,0.0,53.0,0.0,17,17
2022-08-11 19:33:00,16,20.0,1.0,3.2,32.0,0.0,56.0,0.0,17,17
2022-08-11 19:38:00,16,20.0,1.0,3.2,32.0,0.0,56.0,0.0,17,17
2022-08-11 19:43:00,16,20.0,1.0,3.2,32.0,0.0,56.0,0.0,17,17
2022-08-11 19:48:00,15,20.0,1.0,3.2,32.0,0.0,56.0,0.0,17,17
2022-08-11 19:53:00,15,20.0,1.0,3.2,32.0,0.0,56.0,0.0,17,17
2022-08-11 19:58:00,17,20.0,1.0,3.2,32.0,0.0,56.0,0.0,17,17
2022-08-11 20:03:00,17,20.0,1.0,3.2,32.0,0.0,56.0,0.0,17,17
2022-08-11 20:08:00,17,20.0,1.0,3.2,32.0,0.0,56.0,0.0,17,17
2022-08-13 10:15:00,10,17.8,1.0,4.0,56.0,0.8,68.0,0.0,10,10
2022-08-13 10:20:00,10,17.8,1.0,4.0,56.0,0.8,68.0,0.0,10,10
2022-08-13 10:25:00,10,17.8,1.0,4.0,56.0,0.8,68.0,0.0,10,10
2022-08-13 10:30:00,10,17.8,1.0,4.0,56.0,0.8,68.0,0.0,10,10
2022-08-13 10:35:00,10,18.7,1.0,6.1,65.0,0.3,72.0,0.0,10,10
2022-08-13 10:40:00,10,18.7,1.0,6.1,65.0,0.3,72.0,0.0,10,10
2022-08-13 10:45:00,10,18.7,1.0,6.1,65.0,0.3,72.0,0.0,10,10
2022-08-13 10:50:00,10,18.7,1.0,6.1,65.0,0.3,72.0,0.0,10,10
2022-08-13 10:55:00,10,18.7,1.0,6.1,65.0,0.3,72.0,0.0,10,10
2022-08-13 11:00:00,10,18.7,1.0,6.1,65.0,0.3,72.0,0.0,10,10
2022-08-13 11:05:00,10,18.7,1.0,6.1,65.0,0.3,72.0,0.0,10,10
2022-08-13 11:10:00,10,18.7,1.0,6.1,65.0,0.3,72.0,0.0,10,10
2022-08-13 11:15:00,10,18.7,1.0,6.1,65.0,0.3,72.0,0.0,10,10
2022-08-13 11:20:00,10,18.7,1.0,6.1,65.0,0.3,72.0,0.0,10,10
2022-08-13 11:25:00,10,18.7,1.0,6.1,65.0,0.3,72.0,0.0,10,10
2022-08-13 11:30:00,10,18.7,1.0,6.1,65.0,0.3,72.0,0.0,10,10
2022-08-13 11:35:00,10,18.2,1.0,8.3,74.0,0.1,75.0,0.0,10,10
2022-08-13 11:40:00,10,18.2,1.0,8.3,74.0,0.1,75.0,0.0,10,10
2022-08-13 11:45:00,10,18.2,1.0,8.3,74.0,0.1,75.0,0.0,10,10
2022-08-13 11:50:00,10,18.2,1.0,8.3,74.0,0.1,75.0,0.0,10,10
2022-08-13 11:55:00,10,18.2,1.0,8.3,74.0,0.1,75.0,0.0,10,10
2022-08-13 12:00:00,10,18.2,1.0,8.3,74.0,0.1,75.0,0.0,10,10
2022-08-13 12:06:00,10,18.2,1.0,8.3,74.0,0.1,75.0,0.0,9,10
2022-08-13 12:10:00,10,18.2,1.0,8.3,74.0,0.1,75.0,0.0,7,10
2022-08-13 12:16:00,10,18.2,1.0,8.3,74.0,0.1,75.0,0.0,7,10
2022-08-13 12:20:00,10,18.2,1.0,8.3,74.0,0.1,75.0,0.0,7,10
2022-08-13 12:26:00,10,18.2,1.0,8.3,74.0,0.1,75.0,0.0,7,10
2022-08-13 12:30:00,10,18.2,1.0,8.3,74.0,0.1,75.0,0.0,7,10
2022-08-13 12:36:00,10,18.8,1.0,7.2,74.0,0.1,68.0,0.0,7,10
2022-08-13 12:40:00,10,18.8,1.0,7.2,74.0,0.1,68.0,0.0,7,10
2022-08-13 12:46:00,10,18.8,1.0,7.2,74.0,0.1,68.0,0.0,7,10
2022-08-13 12:55:00,10,18.8,1.0,7.2,74.0,0.1,68.0,0.0,7,10
2022-08-13 13:00:00,10,18.8,1.0,7.2,74.0,0.1,68.0,0.0,7,10
2022-08-13 13:05:00,10,18.8,1.0,7.2,74.0,0.1,68.0,0.0,7,9
2022-08-13 13:10:00,10,18.8,1.0,7.2,74.0,0.1,68.0,0.0,7,7
2022-08-13 13:15:00,10,18.8,1.0,7.2,74.0,0.1,68.0,0.0,7,7
2022-08-13 13:20:00,10,18.8,1.0,7.2,74.0,0.1,68.0,0.0,7,7
2022-08-13 13:25:00,10,18.8,1.0,7.2,74.0,0.1,68.0,0.0,7,7
2022-08-13 13:30:00,10,18.8,1.0,7.2,74.0,0.1,68.0,0.0,7,7
2022-08-13 13:36:00,10,19.5,1.0,6.1,73.0,0.1,62.0,0.0,7,7
2022-08-13 13:40:00,10,19.5,1.0,6.1,73.0,0.1,62.0,0.0,7,7
2022-08-13 13:45:00,10,19.5,1.0,6.1,73.0,0.1,62.0,0.0,7,7
2022-08-13 13:50:00,10,19.5,1.0,6.1,73.0,0.1,62.0,0.0,7,7
2022-08-13 13:56:00,10,19.5,1.0,6.1,73.0,0.1,62.0,0.0,8,7
2022-08-13 14:00:00,10,19.5,1.0,6.1,73.0,0.1,62.0,0.0,8,7
2022-08-13 14:05:00,9,19.5,1.0,6.1,73.0,0.1,62.0,0.0,8,7
2022-08-13 14:10:00,7,19.5,1.0,6.1,73.0,0.1,62.0,0.0,8,7
2022-08-13 14:15:00,7,19.5,1.0,6.1,73.0,0.1,62.0,0.0,8,7
2022-08-13 14:20:00,7,19.5,1.0,6.1,73.0,0.1,62.0,0.0,8,7
2022-08-13 14:25:00,7,19.5,1.0,6.1,73.0,0.1,62.0,0.0,8,7
2022-08-13 14:30:00,7,19.5,1.0,6.1,73.0,0.1,62.0,0.0,8,7
2022-08-13 14:36:00,7,20.1,1.0,5.0,73.0,0.0,55.0,0.0,8,7
2022-08-13 14:40:00,7,20.1,1.0,5.0,73.0,0.0,55.0,0.0,8,7
2022-08-13 14:45:00,7,20.1,1.0,5.0,73.0,0.0,55.0,0.0,8,7
2022-08-13 14:50:00,7,20.1,1.0,5.0,73.0,0.0,55.0,0.0,8,7
2022-08-13 14:55:00,7,20.1,1.0,5.0,73.0,0.0,55.0,0.0,8,8
2022-08-13 15:00:00,7,20.1,1.0,5.0,73.0,0.0,55.0,0.0,8,8
2022-08-13 15:05:00,7,20.1,1.0,5.0,73.0,0.0,55.0,0.0,8,8
2022-08-13 15:10:00,7,20.1,1.0,5.0,73.0,0.0,55.0,0.0,8,8
2022-08-13 15:15:00,7,20.1,1.0,5.0,73.0,0.0,55.0,0.0,8,8
2022-08-13 15:20:00,7,20.1,1.0,5.0,73.0,0.0,55.0,0.0,8,8
2022-08-13 15:25:00,7,20.1,1.0,5.0,73.0,0.0,55.0,0.0,7,8
2022-08-13 15:30:00,7,20.1,1.0,5.0,73.0,0.0,55.0,0.0,7,8
2022-08-13 15:36:00,7,20.5,1.0,5.5,79.0,0.0,57.0,0.0,7,8
2022-08-13 15:40:00,7,20.5,1.0,5.5,79.0,0.0,57.0,0.0,8,8
2022-08-13 15:45:00,7,20.5,1.0,5.5,79.0,0.0,57.0,0.0,8,8
2022-08-13 15:50:00,7,20.5,1.0,5.5,79.0,0.0,57.0,0.0,8,8
2022-08-13 15:56:00,8,20.5,1.0,5.5,79.0,0.0,57.0,0.0,8,8
2022-08-13 16:00:00,8,20.5,1.0,5.5,79.0,0.0,57.0,0.0,9,8
2022-08-13 16:06:00,8,20.5,1.0,5.5,79.0,0.0,57.0,0.0,9,8
2022-08-13 16:10:00,8,20.5,1.0,5.5,79.0,0.0,57.0,0.0,9,8
2022-08-13 16:16:00,8,20.5,1.0,5.5,79.0,0.0,57.0,0.0,9,8
2022-08-13 16:20:00,8,20.5,1.0,5.5,79.0,0.0,57.0,0.0,9,8
2022-08-13 16:26:00,8,20.5,1.0,5.5,79.0,0.0,57.0,0.0,9,7
2022-08-13 16:30:00,8,20.5,1.0,5.5,79.0,0.0,57.0,0.0,9,7
2022-08-13 16:36:00,8,20.0,1.0,6.0,85.0,0.0,58.0,0.0,9,7
2022-08-13 16:40:00,8,20.0,1.0,6.0,85.0,0.0,58.0,0.0,9,8
2022-08-13 16:46:00,8,20.0,1.0,6.0,85.0,0.0,58.0,0.0,9,8
2022-08-13 16:50:00,8,20.0,1.0,6.0,85.0,0.0,58.0,0.0,9,8
2022-08-13 16:56:00,8,20.0,1.0,6.0,85.0,0.0,58.0,0.0,9,8
2022-08-13 17:00:00,8,20.0,1.0,6.0,85.0,0.0,58.0,0.0,9,9
2022-08-13 17:10:00,8,20.0,1.0,6.0,85.0,0.0,58.0,0.0,9,9
2022-08-13 17:15:00,8,20.0,1.0,6.0,85.0,0.0,58.0,0.0,9,9
2022-08-13 17:20:00,8,20.0,1.0,6.0,85.0,0.0,58.0,0.0,9,9
2022-08-13 17:26:00,7,20.0,1.0,6.0,85.0,0.0,58.0,0.0,9,9
2022-08-13 17:36:00,7,19.5,1.0,6.5,91.0,0.0,60.0,0.0,9,9
2022-08-13 17:40:00,8,19.5,1.0,6.5,91.0,0.0,60.0,0.0,9,9
2022-08-13 17:46:00,8,19.5,1.0,6.5,91.0,0.0,60.0,0.0,9,9
2022-08-13 17:50:00,8,19.5,1.0,6.5,91.0,0.0,60.0,0.0,9,9
2022-08-13 17:56:00,8,19.5,1.0,6.5,91.0,0.0,60.0,0.0,8,9
2022-08-13 18:00:00,9,19.5,1.0,6.5,91.0,0.0,60.0,0.0,8,9
2022-08-13 18:06:00,9,19.5,1.0,6.5,91.0,0.0,60.0,0.0,8,9
2022-08-13 18:10:00,9,19.5,1.0,6.5,91.0,0.0,60.0,0.0,8,9
2022-08-13 18:16:00,9,19.5,1.0,6.5,91.0,0.0,60.0,0.0,8,9
2022-08-13 18:20:00,9,19.5,1.0,6.5,91.0,0.0,60.0,0.0,8,9
2022-08-13 18:26:00,9,19.5,1.0,6.5,91.0,0.0,60.0,0.0,8,9
2022-08-13 18:30:00,9,19.5,1.0,6.5,91.0,0.0,60.0,0.0,8,9
2022-08-13 18:36:00,9,18.2,1.0,5.3,68.0,0.0,67.0,0.0,9,9
2022-08-13 18:40:00,9,18.2,1.0,5.3,68.0,0.0,67.0,0.0,8,9
2022-08-13 18:46:00,9,18.2,1.0,5.3,68.0,0.0,67.0,0.0,8,9
2022-08-13 18:50:00,9,18.2,1.0,5.3,68.0,0.0,67.0,0.0,8,9
2022-08-13 18:56:00,9,18.2,1.0,5.3,68.0,0.0,67.0,0.0,8,8
2022-08-13 19:00:00,9,18.2,1.0,5.3,68.0,0.0,67.0,0.0,8,8
2022-08-13 19:06:00,9,18.2,1.0,5.3,68.0,0.0,67.0,0.0,8,8
2022-08-13 19:10:00,9,18.2,1.0,5.3,68.0,0.0,67.0,0.0,8,8
2022-08-13 19:16:00,9,18.2,1.0,5.3,68.0,0.0,67.0,0.0,8,8
2022-08-13 19:20:00,9,18.2,1.0,5.3,68.0,0.0,67.0,0.0,8,8
2022-08-13 19:26:00,9,18.2,1.0,5.3,68.0,0.0,67.0,0.0,8,8
2022-08-13 19:30:00,9,18.2,1.0,5.3,68.0,0.0,67.0,0.0,9,8
2022-08-13 19:36:00,9,16.2,1.0,4.1,45.0,0.0,74.0,0.0,9,9
2022-08-13 19:40:00,9,16.2,1.0,4.1,45.0,0.0,74.0,0.0,9,8
2022-08-13 19:45:00,9,16.2,1.0,4.1,45.0,0.0,74.0,0.0,11,8
2022-08-13 19:50:00,9,16.2,1.0,4.1,45.0,0.0,74.0,0.0,11,8
2022-08-13 19:55:00,8,16.2,1.0,4.1,45.0,0.0,74.0,0.0,11,8
2022-08-13 20:00:00,8,16.2,1.0,4.1,45.0,0.0,74.0,0.0,11,8
2022-08-13 20:06:00,8,16.2,1.0,4.1,45.0,0.0,74.0,0.0,11,8
2022-08-13 20:10:00,8,16.2,1.0,4.1,45.0,0.0,74.0,0.0,11,8
2022-08-13 20:15:00,8,16.2,1.0,4.1,45.0,0.0,74.0,0.0,11,8
2022-08-13 20:20:00,8,16.2,1.0,4.1,45.0,0.0,74.0,0.0,11,8
2022-08-13 20:26:00,8,16.2,1.0,4.1,45.0,0.0,74.0,0.0,11,8
2022-08-13 20:30:00,8,16.2,1.0,4.1,45.0,0.0,74.0,0.0,11,9
2022-08-13 20:36:00,9,14.8,0.0,2.9,23.0,0.0,81.0,0.0,12,9
2022-08-13 20:40:00,8,14.8,0.0,2.9,23.0,0.0,81.0,0.0,12,9
2022-08-13 20:46:00,8,14.8,0.0,2.9,23.0,0.0,81.0,0.0,12,11
2022-08-13 20:50:00,8,14.8,0.0,2.9,23.0,0.0,81.0,0.0,12,11
2022-08-13 20:56:00,8,14.8,0.0,2.9,23.0,0.0,81.0,0.0,12,11
2022-08-13 21:00:00,8,14.8,0.0,2.9,23.0,0.0,81.0,0.0,12,11
2022-08-13 21:06:00,8,14.8,0.0,2.9,23.0,0.0,81.0,0.0,12,11
2022-08-13 21:10:00,8,14.8,0.0,2.9,23.0,0.0,81.0,0.0,12,11
2022-08-13 21:16:00,8,14.8,0.0,2.9,23.0,0.0,81.0,0.0,12,11
2022-08-13 21:20:00,8,14.8,0.0,2.9,23.0,0.0,81.0,0.0,12,11
2022-08-13 21:26:00,8,14.8,0.0,2.9,23.0,0.0,81.0,0.0,12,11
2022-08-13 21:30:00,9,14.8,0.0,2.9,23.0,0.0,81.0,0.0,12,11
2022-08-13 21:36:00,9,14.5,0.0,3.6,20.0,0.0,82.0,0.0,12,12
2022-08-13 21:40:00,9,14.5,0.0,3.6,20.0,0.0,82.0,0.0,12,12
2022-08-13 21:46:00,11,14.5,0.0,3.6,20.0,0.0,82.0,0.0,12,12
2022-08-13 21:50:00,11,14.5,0.0,3.6,20.0,0.0,82.0,0.0,12,12
2022-08-13 21:56:00,11,14.5,0.0,3.6,20.0,0.0,82.0,0.0,12,12
2022-08-13 22:00:00,11,14.5,0.0,3.6,20.0,0.0,82.0,0.0,12,12
2022-08-13 22:06:00,11,14.5,0.0,3.6,20.0,0.0,82.0,0.0,12,12
2022-08-13 22:10:00,11,14.5,0.0,3.6,20.0,0.0,82.0,0.0,12,12
2022-08-13 22:16:00,11,14.5,0.0,3.6,20.0,0.0,82.0,0.0,12,12
2022-08-13 22:23:00,11,14.5,0.0,3.6,20.0,0.0,82.0,0.0,12,12
2022-08-13 22:27:00,11,14.5,0.0,3.6,20.0,0.0,82.0,0.0,12,12
2022-08-13 22:33:00,11,14.3,0.0,4.3,17.0,0.0,84.0,0.0,12,12
2022-08-13 22:37:00,12,14.3,0.0,4.3,17.0,0.0,84.0,0.0,12,12
2022-08-13 22:43:00,12,14.3,0.0,4.3,17.0,0.0,84.0,0.0,12,12
2022-08-13 22:47:00,12,14.3,0.0,4.3,17.0,0.0,84.0,0.0,14,12
2022-08-13 22:53:00,12,14.3,0.0,4.3,17.0,0.0,84.0,0.0,14,12
2022-08-13 22:57:00,12,14.3,0.0,4.3,17.0,0.0,84.0,0.0,14,12
2022-08-13 23:03:00,12,14.3,0.0,4.3,17.0,0.0,84.0,0.0,14,12
2022-08-13 23:07:00,12,14.3,0.0,4.3,17.0,0.0,84.0,0.0,14,12
2022-08-13 23:13:00,12,14.3,0.0,4.3,17.0,0.0,84.0,0.0,14,12
2022-08-13 23:17:00,12,14.3,0.0,4.3,17.0,0.0,84.0,0.0,14,12
2022-08-13 23:23:00,12,14.3,0.0,4.3,17.0,0.0,84.0,0.0,14,12
2022-08-13 23:27:00,12,14.3,0.0,4.3,17.0,0.0,84.0,0.0,14,12
2022-08-13 23:33:00,12,14.3,0.0,4.3,17.0,0.0,84.0,0.0,14,12
2022-08-13 23:37:00,12,14.3,0.0,4.3,17.0,0.0,84.0,0.0,14,12
2022-08-13 23:43:00,12,14.3,0.0,4.3,17.0,0.0,84.0,0.0,14,12
2022-08-13 23:47:00,12,14.3,0.0,4.3,17.0,0.0,84.0,0.0,14,14
2022-08-13 23:53:00,12,14.3,0.0,4.3,17.0,0.0,84.0,0.0,14,14
2022-08-13 23:57:00,12,14.3,0.0,4.3,17.0,0.0,84.0,0.0,14,14
2022-08-14 00:03:00,12,14.2,0.0,5.0,15.0,0.0,86.0,0.0,14,14
2022-08-14 00:07:00,12,14.2,0.0,5.0,15.0,0.0,86.0,0.0,14,14
2022-08-14 00:13:00,12,14.2,0.0,5.0,15.0,0.0,86.0,0.0,14,14
2022-08-14 00:17:00,12,14.2,0.0,5.0,15.0,0.0,86.0,0.0,14,14
2022-08-14 00:23:00,12,14.2,0.0,5.0,15.0,0.0,86.0,0.0,14,14
2022-08-14 00:27:00,12,14.2,0.0,5.0,15.0,0.0,86.0,0.0,14,14
2022-08-14 00:33:00,12,12.9,0.0,4.4,14.0,0.0,85.0,0.0,14,14
2022-08-14 00:37:00,12,12.9,0.0,4.4,14.0,0.0,85.0,0.0,14,14
2022-08-14 00:43:00,12,12.9,0.0,4.4,14.0,0.0,85.0,0.0,14,14
2022-08-14 00:47:00,14,12.9,0.0,4.4,14.0,0.0,85.0,0.0,14,14
2022-08-14 00:53:00,14,12.9,0.0,4.4,14.0,0.0,85.0,0.0,14,14
2022-08-14 00:57:00,14,12.9,0.0,4.4,14.0,0.0,85.0,0.0,14,14
2022-08-14 01:03:00,14,12.9,0.0,4.4,14.0,0.0,85.0,0.0,14,14
2022-08-14 01:07:00,14,12.9,0.0,4.4,14.0,0.0,85.0,0.0,14,14
2022-08-14 01:13:00,14,12.9,0.0,4.4,14.0,0.0,85.0,0.0,14,14
2022-08-14 01:23:00,14,12.9,0.0,4.4,14.0,0.0,85.0,0.0,14,14
2022-08-14 01:27:00,14,12.9,0.0,4.4,14.0,0.0,85.0,0.0,14,14
2022-08-14 01:37:00,14,13.0,0.0,3.8,13.0,0.0,85.0,0.0,14,14
2022-08-14 01:43:00,14,13.0,0.0,3.8,13.0,0.0,85.0,0.0,14,14
2022-08-14 01:47:00,14,13.0,0.0,3.8,13.0,0.0,85.0,0.0,14,14
2022-08-14 01:53:00,14,13.0,0.0,3.8,13.0,0.0,85.0,0.0,14,14
2022-08-14 01:57:00,14,13.0,0.0,3.8,13.0,0.0,85.0,0.0,14,14
2022-08-14 02:03:00,14,13.0,0.0,3.8,13.0,0.0,85.0,0.0,14,14
2022-08-14 02:07:00,14,13.0,0.0,3.8,13.0,0.0,85.0,0.0,14,14
2022-08-14 02:13:00,14,13.0,0.0,3.8,13.0,0.0,85.0,0.0,14,14
2022-08-14 02:17:00,14,13.0,0.0,3.8,13.0,0.0,85.0,0.0,14,14
2022-08-14 02:23:00,14,13.0,0.0,3.8,13.0,0.0,85.0,0.0,14,14
2022-08-14 02:27:00,14,13.0,0.0,3.8,13.0,0.0,85.0,0.0,14,14
2022-08-14 02:33:00,14,13.0,0.0,3.2,12.0,0.0,84.0,0.0,14,14
2022-08-14 02:37:00,14,13.0,0.0,3.2,12.0,0.0,84.0,0.0,14,14
2022-08-14 02:43:00,14,13.0,0.0,3.2,12.0,0.0,84.0,0.0,14,14
2022-08-14 02:47:00,14,13.0,0.0,3.2,12.0,0.0,84.0,0.0,14,14
2022-08-14 02:53:00,14,13.0,0.0,3.2,12.0,0.0,84.0,0.0,14,14
2022-08-14 02:57:00,14,13.0,0.0,3.2,12.0,0.0,84.0,0.0,14,14
2022-08-14 03:03:00,14,13.0,0.0,3.2,12.0,0.0,84.0,0.0,14,14
2022-08-14 03:07:00,14,13.0,0.0,3.2,12.0,0.0,84.0,0.0,14,14
2022-08-14 03:13:00,14,13.0,0.0,3.2,12.0,0.0,84.0,0.0,14,14
2022-08-14 03:18:00,14,13.0,0.0,3.2,12.0,0.0,84.0,0.0,14,14
2022-08-14 03:23:00,14,13.0,0.0,3.2,12.0,0.0,84.0,0.0,14,14
2022-08-14 03:27:00,14,13.0,0.0,3.2,12.0,0.0,84.0,0.0,14,14
2022-08-14 03:33:00,14,13.3,0.0,2.5,10.0,0.0,83.0,0.0,14,14
2022-08-14 03:37:00,14,13.3,0.0,2.5,10.0,0.0,83.0,0.0,14,14
2022-08-14 03:43:00,14,13.3,0.0,2.5,10.0,0.0,83.0,0.0,14,14
2022-08-14 03:47:00,14,13.3,0.0,2.5,10.0,0.0,83.0,0.0,14,14
2022-08-14 03:53:00,14,13.3,0.0,2.5,10.0,0.0,83.0,0.0,14,14
2022-08-14 03:57:00,14,13.3,0.0,2.5,10.0,0.0,83.0,0.0,14,14
2022-08-14 04:03:00,14,13.3,0.0,2.5,10.0,0.0,83.0,0.0,14,14
2022-08-14 04:07:00,14,13.3,0.0,2.5,10.0,0.0,83.0,0.0,14,14
2022-08-14 04:13:00,14,13.3,0.0,2.5,10.0,0.0,83.0,0.0,14,14
2022-08-14 04:17:00,14,13.3,0.0,2.5,10.0,0.0,83.0,0.0,14,14
2022-08-14 04:23:00,14,13.3,0.0,2.5,10.0,0.0,83.0,0.0,14,14
2022-08-14 04:27:00,14,13.3,0.0,2.5,10.0,0.0,83.0,0.0,14,14
2022-08-14 04:33:00,14,13.5,0.0,1.8,8.0,0.0,82.0,0.0,14,14
2022-08-14 04:37:00,14,13.5,0.0,1.8,8.0,0.0,82.0,0.0,14,14
2022-08-14 04:43:00,14,13.5,0.0,1.8,8.0,0.0,82.0,0.0,14,14
2022-08-14 04:47:00,14,13.5,0.0,1.8,8.0,0.0,82.0,0.0,14,14
2022-08-14 04:53:00,14,13.5,0.0,1.8,8.0,0.0,82.0,0.0,14,14
2022-08-14 04:57:00,14,13.5,0.0,1.8,8.0,0.0,82.0,0.0,14,14
2022-08-14 05:03:00,14,13.5,0.0,1.8,8.0,0.0,82.0,0.0,14,14
2022-08-14 05:07:00,14,13.5,0.0,1.8,8.0,0.0,82.0,0.0,14,14
2022-08-14 05:13:00,14,13.5,0.0,1.8,8.0,0.0,82.0,0.0,14,14
2022-08-14 05:17:00,14,13.5,0.0,1.8,8.0,0.0,82.0,0.0,14,14
2022-08-14 05:23:00,14,13.5,0.0,1.8,8.0,0.0,82.0,0.0,14,14
2022-08-14 05:27:00,14,13.5,0.0,1.8,8.0,0.0,82.0,0.0,14,14
2022-08-14 05:33:00,14,13.8,0.0,1.1,6.0,0.0,82.0,0.0,14,14
2022-08-14 05:37:00,14,13.8,0.0,1.1,6.0,0.0,82.0,0.0,14,14
2022-08-14 05:43:00,14,13.8,0.0,1.1,6.0,0.0,82.0,0.0,14,14
2022-08-14 05:47:00,14,13.8,0.0,1.1,6.0,0.0,82.0,0.0,15,14
2022-08-14 05:53:00,14,13.8,0.0,1.1,6.0,0.0,82.0,0.0,15,14
2022-08-14 05:57:00,14,13.8,0.0,1.1,6.0,0.0,82.0,0.0,15,14
2022-08-14 06:03:00,14,13.8,0.0,1.1,6.0,0.0,82.0,0.0,15,14
2022-08-14 06:07:00,14,13.8,0.0,1.1,6.0,0.0,82.0,0.0,15,14
2022-08-14 06:13:00,14,13.8,0.0,1.1,6.0,0.0,82.0,0.0,15,14
2022-08-14 06:17:00,14,13.8,0.0,1.1,6.0,0.0,82.0,0.0,15,14
2022-08-14 06:23:00,14,13.8,0.0,1.1,6.0,0.0,82.0,0.0,15,14
2022-08-14 06:27:00,14,13.8,0.0,1.1,6.0,0.0,82.0,0.0,15,14
2022-08-14 06:33:00,14,16.7,1.0,1.7,6.0,0.0,70.0,0.0,15,14
2022-08-14 06:37:00,14,16.7,1.0,1.7,6.0,0.0,70.0,0.0,15,14
2022-08-14 06:43:00,14,16.7,1.0,1.7,6.0,0.0,70.0,0.0,15,14
2022-08-14 06:47:00,14,16.7,1.0,1.7,6.0,0.0,70.0,0.0,15,15
2022-08-14 06:53:00,14,16.7,1.0,1.7,6.0,0.0,70.0,0.0,15,15
2022-08-14 06:57:00,14,16.7,1.0,1.7,6.0,0.0,70.0,0.0,15,15
2022-08-14 07:03:00,14,16.7,1.0,1.7,6.0,0.0,70.0,0.0,15,15
2022-08-14 07:07:00,14,16.7,1.0,1.7,6.0,0.0,70.0,0.0,15,15
2022-08-14 07:13:00,14,16.7,1.0,1.7,6.0,0.0,70.0,0.0,15,15
2022-08-14 07:17:00,14,16.7,1.0,1.7,6.0,0.0,70.0,0.0,15,15
2022-08-14 07:27:00,14,16.7,1.0,1.7,6.0,0.0,70.0,0.0,15,15
2022-08-14 07:33:00,14,19.7,1.0,2.3,5.0,0.0,59.0,0.0,15,15
2022-08-14 07:37:00,14,19.7,1.0,2.3,5.0,0.0,59.0,0.0,15,15
2022-08-14 07:43:00,14,19.7,1.0,2.3,5.0,0.0,59.0,0.0,15,15
2022-08-14 07:47:00,15,19.7,1.0,2.3,5.0,0.0,59.0,0.0,15,15
2022-08-14 07:53:00,15,19.7,1.0,2.3,5.0,0.0,59.0,0.0,15,15
2022-08-14 07:57:00,15,19.7,1.0,2.3,5.0,0.0,59.0,0.0,15,15
2022-08-14 08:03:00,15,19.7,1.0,2.3,5.0,0.0,59.0,0.0,15,15
2022-08-14 08:08:00,15,19.7,1.0,2.3,5.0,0.0,59.0,0.0,15,15
2022-08-14 08:13:00,15,19.7,1.0,2.3,5.0,0.0,59.0,0.0,15,15
2022-08-14 08:17:00,15,19.7,1.0,2.3,5.0,0.0,59.0,0.0,15,15
2022-08-14 08:27:00,15,19.7,1.0,2.3,5.0,0.0,59.0,0.0,14,15
2022-08-14 08:33:00,15,22.6,1.0,2.9,4.0,0.0,48.0,0.0,14,15
2022-08-14 08:37:00,15,22.6,1.0,2.9,4.0,0.0,48.0,0.0,14,15
2022-08-14 08:43:00,15,22.6,1.0,2.9,4.0,0.0,48.0,0.0,14,15
2022-08-14 08:47:00,15,22.6,1.0,2.9,4.0,0.0,48.0,0.0,14,15
2022-08-14 08:53:00,15,22.6,1.0,2.9,4.0,0.0,48.0,0.0,14,15
2022-08-14 08:57:00,15,22.6,1.0,2.9,4.0,0.0,48.0,0.0,14,15
2022-08-14 09:03:00,15,22.6,1.0,2.9,4.0,0.0,48.0,0.0,13,15
2022-08-14 09:08:00,15,22.6,1.0,2.9,4.0,0.0,48.0,0.0,13,15
2022-08-14 09:13:00,15,22.6,1.0,2.9,4.0,0.0,48.0,0.0,13,15
2022-08-14 09:17:00,15,22.6,1.0,2.9,4.0,0.0,48.0,0.0,13,15
2022-08-14 09:23:00,15,22.6,1.0,2.9,4.0,0.0,48.0,0.0,13,15
2022-08-14 09:27:00,15,22.6,1.0,2.9,4.0,0.0,48.0,0.0,13,14
2022-08-14 09:33:00,15,25.7,1.0,2.6,4.0,0.0,43.0,0.0,13,14
2022-08-14 09:38:00,15,25.7,1.0,2.6,4.0,0.0,43.0,0.0,13,14
2022-08-14 09:43:00,15,25.7,1.0,2.6,4.0,0.0,43.0,0.0,13,14
2022-08-14 09:48:00,15,25.7,1.0,2.6,4.0,0.0,43.0,0.0,13,14
2022-08-14 09:53:00,15,25.7,1.0,2.6,4.0,0.0,43.0,0.0,13,14
2022-08-14 09:58:00,15,25.7,1.0,2.6,4.0,0.0,43.0,0.0,13,14
2022-08-14 10:03:00,15,25.7,1.0,2.6,4.0,0.0,43.0,0.0,13,13
2022-08-14 10:08:00,15,25.7,1.0,2.6,4.0,0.0,43.0,0.0,14,13
2022-08-14 10:13:00,15,25.7,1.0,2.6,4.0,0.0,43.0,0.0,14,13
2022-08-14 10:18:00,15,25.7,1.0,2.6,4.0,0.0,43.0,0.0,14,13
2022-08-14 10:23:00,15,25.7,1.0,2.6,4.0,0.0,43.0,0.0,14,13
2022-08-14 10:27:00,14,25.7,1.0,2.6,4.0,0.0,43.0,0.0,14,13
2022-08-14 10:33:00,14,27.4,1.0,2.4,5.0,0.0,38.0,0.0,14,13
2022-08-14 10:38:00,14,27.4,1.0,2.4,5.0,0.0,38.0,0.0,14,13
2022-08-14 10:43:00,14,27.4,1.0,2.4,5.0,0.0,38.0,0.0,12,13
2022-08-14 10:48:00,14,27.4,1.0,2.4,5.0,0.0,38.0,0.0,12,13
2022-08-14 10:53:00,14,27.4,1.0,2.4,5.0,0.0,38.0,0.0,13,13
2022-08-14 10:58:00,14,27.4,1.0,2.4,5.0,0.0,38.0,0.0,13,13
2022-08-14 11:03:00,13,27.4,1.0,2.4,5.0,0.0,38.0,0.0,13,13
2022-08-14 11:08:00,13,27.4,1.0,2.4,5.0,0.0,38.0,0.0,13,14
2022-08-14 11:13:00,13,27.4,1.0,2.4,5.0,0.0,38.0,0.0,13,14
2022-08-14 11:18:00,13,27.4,1.0,2.4,5.0,0.0,38.0,0.0,12,14
2022-08-14 11:23:00,13,27.4,1.0,2.4,5.0,0.0,38.0,0.0,12,14
2022-08-14 11:28:00,13,27.4,1.0,2.4,5.0,0.0,38.0,0.0,12,14
2022-08-14 11:33:00,13,29.5,1.0,2.2,5.0,0.0,32.0,0.0,12,14
2022-08-14 11:38:00,13,29.5,1.0,2.2,5.0,0.0,32.0,0.0,12,14
2022-08-14 11:43:00,13,29.5,1.0,2.2,5.0,0.0,32.0,0.0,12,12
2022-08-14 11:48:00,13,29.5,1.0,2.2,5.0,0.0,32.0,0.0,12,12
2022-08-14 11:53:00,13,29.5,1.0,2.2,5.0,0.0,32.0,0.0,12,13
2022-08-14 11:58:00,13,29.5,1.0,2.2,5.0,0.0,32.0,0.0,12,13
2022-08-14 12:03:00,13,29.5,1.0,2.2,5.0,0.0,32.0,0.0,12,13
2022-08-14 12:08:00,14,29.5,1.0,2.2,5.0,0.0,32.0,0.0,12,13
2022-08-14 12:13:00,14,29.5,1.0,2.2,5.0,0.0,32.0,0.0,12,13
2022-08-14 12:18:00,14,29.5,1.0,2.2,5.0,0.0,32.0,0.0,12,12
2022-08-14 12:24:00,14,29.5,1.0,2.2,5.0,0.0,32.0,0.0,12,12
2022-08-14 12:28:00,14,29.5,1.0,2.2,5.0,0.0,32.0,0.0,12,12
2022-08-14 12:33:00,14,29.5,1.0,2.6,5.0,0.0,30.0,0.0,12,12
2022-08-14 12:38:00,14,29.5,1.0,2.6,5.0,0.0,30.0,0.0,12,12
2022-08-14 12:43:00,12,29.5,1.0,2.6,5.0,0.0,30.0,0.0,12,12
2022-08-14 12:48:00,12,29.5,1.0,2.6,5.0,0.0,30.0,0.0,12,12
2022-08-14 12:53:00,13,29.5,1.0,2.6,5.0,0.0,30.0,0.0,12,12
2022-08-14 13:03:00,13,29.5,1.0,2.6,5.0,0.0,30.0,0.0,12,12
2022-08-14 13:08:00,13,29.5,1.0,2.6,5.0,0.0,30.0,0.0,12,12
2022-08-14 13:13:00,13,29.5,1.0,2.6,5.0,0.0,30.0,0.0,12,12
2022-08-14 13:18:00,12,29.5,1.0,2.6,5.0,0.0,30.0,0.0,12,12
2022-08-14 13:24:00,12,29.5,1.0,2.6,5.0,0.0,30.0,0.0,12,12
2022-08-14 13:28:00,12,29.5,1.0,2.6,5.0,0.0,30.0,0.0,12,12
2022-08-14 13:34:00,12,29.6,1.0,3.1,5.0,0.0,29.0,0.0,12,12
2022-08-14 13:38:00,12,29.6,1.0,3.1,5.0,0.0,29.0,0.0,12,12
2022-08-14 13:44:00,12,29.6,1.0,3.1,5.0,0.0,29.0,0.0,12,12
2022-08-14 13:48:00,12,29.6,1.0,3.1,5.0,0.0,29.0,0.0,12,12
2022-08-14 13:54:00,12,29.6,1.0,3.1,5.0,0.0,29.0,0.0,12,12
2022-08-14 13:58:00,12,29.6,1.0,3.1,5.0,0.0,29.0,0.0,12,12
2022-08-14 14:04:00,12,29.6,1.0,3.1,5.0,0.0,29.0,0.0,13,12
2022-08-14 14:08:00,12,29.6,1.0,3.1,5.0,0.0,29.0,0.0,13,12
2022-08-14 14:14:00,12,29.6,1.0,3.1,5.0,0.0,29.0,0.0,13,12
2022-08-14 14:18:00,12,29.6,1.0,3.1,5.0,0.0,29.0,0.0,13,12
2022-08-14 14:24:00,12,29.6,1.0,3.1,5.0,0.0,29.0,0.0,13,12
2022-08-14 14:34:00,12,29.7,1.0,3.6,6.0,0.0,27.0,0.0,13,12
2022-08-14 14:38:00,12,29.7,1.0,3.6,6.0,0.0,27.0,0.0,13,12
2022-08-14 14:44:00,12,29.7,1.0,3.6,6.0,0.0,27.0,0.0,13,12
2022-08-14 14:48:00,12,29.7,1.0,3.6,6.0,0.0,27.0,0.0,13,12
2022-08-14 14:54:00,12,29.7,1.0,3.6,6.0,0.0,27.0,0.0,13,12
2022-08-14 14:58:00,12,29.7,1.0,3.6,6.0,0.0,27.0,0.0,13,12
2022-08-14 15:04:00,12,29.7,1.0,3.6,6.0,0.0,27.0,0.0,13,13
2022-08-14 15:08:00,12,29.7,1.0,3.6,6.0,0.0,27.0,0.0,13,13
2022-08-14 15:14:00,12,29.7,1.0,3.6,6.0,0.0,27.0,0.0,13,13
2022-08-14 15:18:00,12,29.7,1.0,3.6,6.0,0.0,27.0,0.0,13,13
2022-08-14 15:24:00,12,29.7,1.0,3.6,6.0,0.0,27.0,0.0,13,13
2022-08-14 15:28:00,12,29.7,1.0,3.6,6.0,0.0,27.0,0.0,13,13
2022-08-14 15:34:00,12,28.4,1.0,4.6,6.0,0.0,34.0,0.0,13,13
2022-08-14 15:38:00,12,28.4,1.0,4.6,6.0,0.0,34.0,0.0,13,13
2022-08-14 15:44:00,12,28.4,1.0,4.6,6.0,0.0,34.0,0.0,13,13
2022-08-14 15:48:00,12,28.4,1.0,4.6,6.0,0.0,34.0,0.0,13,13
2022-08-14 15:54:00,12,28.4,1.0,4.6,6.0,0.0,34.0,0.0,13,13
2022-08-14 15:58:00,12,28.4,1.0,4.6,6.0,0.0,34.0,0.0,13,13
2022-08-14 16:04:00,13,28.4,1.0,4.6,6.0,0.0,34.0,0.0,13,13
2022-08-14 16:08:00,13,28.4,1.0,4.6,6.0,0.0,34.0,0.0,13,13
2022-08-14 16:18:00,13,28.4,1.0,4.6,6.0,0.0,34.0,0.0,17,13
2022-08-14 16:24:00,13,28.4,1.0,4.6,6.0,0.0,34.0,0.0,17,13
2022-08-14 16:28:00,13,28.4,1.0,4.6,6.0,0.0,34.0,0.0,17,13
2022-08-14 16:34:00,13,27.1,1.0,5.5,6.0,0.0,41.0,0.0,17,13
2022-08-14 16:38:00,13,27.1,1.0,5.5,6.0,0.0,41.0,0.0,17,13
2022-08-14 16:44:00,13,27.1,1.0,5.5,6.0,0.0,41.0,0.0,17,13
2022-08-14 16:48:00,13,27.1,1.0,5.5,6.0,0.0,41.0,0.0,17,13
2022-08-14 16:54:00,13,27.1,1.0,5.5,6.0,0.0,41.0,0.0,17,13
2022-08-14 16:58:00,13,27.1,1.0,5.5,6.0,0.0,41.0,0.0,17,13
2022-08-14 17:04:00,13,27.1,1.0,5.5,6.0,0.0,41.0,0.0,17,13
2022-08-14 17:08:00,13,27.1,1.0,5.5,6.0,0.0,41.0,0.0,17,13
2022-08-14 17:14:00,13,27.1,1.0,5.5,6.0,0.0,41.0,0.0,17,16
2022-08-14 17:18:00,13,27.1,1.0,5.5,6.0,0.0,41.0,0.0,17,17
2022-08-14 17:24:00,13,27.1,1.0,5.5,6.0,0.0,41.0,0.0,17,17
2022-08-14 17:28:00,13,27.1,1.0,5.5,6.0,0.0,41.0,0.0,17,17
2022-08-14 17:34:00,13,25.4,1.0,6.5,7.0,0.0,49.0,0.0,17,17
2022-08-14 17:38:00,13,25.4,1.0,6.5,7.0,0.0,49.0,0.0,15,17
2022-08-14 17:44:00,13,25.4,1.0,6.5,7.0,0.0,49.0,0.0,15,17
2022-08-14 17:48:00,13,25.4,1.0,6.5,7.0,0.0,49.0,0.0,15,17
2022-08-14 17:54:00,13,25.4,1.0,6.5,7.0,0.0,49.0,0.0,15,17
2022-08-14 17:58:00,13,25.4,1.0,6.5,7.0,0.0,49.0,0.0,15,17
2022-08-14 18:04:00,13,25.4,1.0,6.5,7.0,0.0,49.0,0.0,15,17
2022-08-14 18:08:00,13,25.4,1.0,6.5,7.0,0.0,49.0,0.0,15,17
2022-08-14 18:14:00,16,25.4,1.0,6.5,7.0,0.0,49.0,0.0,15,17
2022-08-14 18:18:00,17,25.4,1.0,6.5,7.0,0.0,49.0,0.0,15,17
2022-08-14 18:24:00,17,25.4,1.0,6.5,7.0,0.0,49.0,0.0,14,17
2022-08-14 18:28:00,17,25.4,1.0,6.5,7.0,0.0,49.0,0.0,14,17
2022-08-14 18:34:00,17,23.4,1.0,5.9,7.0,0.0,53.0,0.0,14,17
2022-08-14 18:38:00,17,23.4,1.0,5.9,7.0,0.0,53.0,0.0,14,15
2022-08-14 18:44:00,17,23.4,1.0,5.9,7.0,0.0,53.0,0.0,14,15
2022-08-14 18:48:00,17,23.4,1.0,5.9,7.0,0.0,53.0,0.0,14,15
2022-08-14 18:54:00,17,23.4,1.0,5.9,7.0,0.0,53.0,0.0,13,15
2022-08-14 18:58:00,17,23.4,1.0,5.9,7.0,0.0,53.0,0.0,13,15
2022-08-14 19:04:00,17,23.4,1.0,5.9,7.0,0.0,53.0,0.0,13,15
2022-08-14 19:08:00,17,23.4,1.0,5.9,7.0,0.0,53.0,0.0,14,15
2022-08-14 19:14:00,17,23.4,1.0,5.9,7.0,0.0,53.0,0.0,15,15
2022-08-14 19:18:00,17,23.4,1.0,5.9,7.0,0.0,53.0,0.0,15,15
2022-08-14 19:24:00,17,23.4,1.0,5.9,7.0,0.0,53.0,0.0,15,14
2022-08-14 19:28:00,17,23.4,1.0,5.9,7.0,0.0,53.0,0.0,15,14
2022-08-14 19:34:00,17,21.4,1.0,5.3,8.0,0.0,57.0,0.0,15,14
2022-08-14 19:38:00,15,21.4,1.0,5.3,8.0,0.0,57.0,0.0,15,14
2022-08-14 19:44:00,15,21.4,1.0,5.3,8.0,0.0,57.0,0.0,15,14
2022-08-14 19:48:00,15,21.4,1.0,5.3,8.0,0.0,57.0,0.0,15,14
2022-08-14 19:54:00,15,21.4,1.0,5.3,8.0,0.0,57.0,0.0,15,13
2022-08-14 19:58:00,15,21.4,1.0,5.3,8.0,0.0,57.0,0.0,15,13
2022-08-14 20:04:00,15,21.4,1.0,5.3,8.0,0.0,57.0,0.0,15,13
2022-08-14 20:08:00,15,21.4,1.0,5.3,8.0,0.0,57.0,0.0,15,14
2022-08-14 20:14:00,15,21.4,1.0,5.3,8.0,0.0,57.0,0.0,15,15
2022-08-14 20:18:00,15,21.4,1.0,5.3,8.0,0.0,57.0,0.0,15,15
2022-08-14 20:24:00,14,21.4,1.0,5.3,8.0,0.0,57.0,0.0,15,15
2022-08-14 20:28:00,14,21.4,1.0,5.3,8.0,0.0,57.0,0.0,15,15
2022-08-14 20:34:00,14,19.4,0.0,4.7,9.0,0.0,60.0,0.0,15,15
2022-08-14 20:38:00,14,19.4,0.0,4.7,9.0,0.0,60.0,0.0,15,15
2022-08-14 20:44:00,14,19.4,0.0,4.7,9.0,0.0,60.0,0.0,15,15
2022-08-14 20:48:00,14,19.4,0.0,4.7,9.0,0.0,60.0,0.0,15,15
2022-08-14 20:54:00,13,19.4,0.0,4.7,9.0,0.0,60.0,0.0,15,15
2022-08-14 20:58:00,13,19.4,0.0,4.7,9.0,0.0,60.0,0.0,15,15
2022-08-14 21:04:00,13,19.4,0.0,4.7,9.0,0.0,60.0,0.0,15,15
2022-08-14 21:08:00,14,19.4,0.0,4.7,9.0,0.0,60.0,0.0,15,15
2022-08-14 21:14:00,15,19.4,0.0,4.7,9.0,0.0,60.0,0.0,15,15
2022-08-14 21:18:00,15,19.4,0.0,4.7,9.0,0.0,60.0,0.0,15,15
2022-08-14 21:24:00,15,19.4,0.0,4.7,9.0,0.0,60.0,0.0,15,15
2022-08-14 21:28:00,15,19.4,0.0,4.7,9.0,0.0,60.0,0.0,15,15
2022-08-14 21:35:00,15,18.0,0.0,4.4,7.0,0.0,65.0,0.0,14,15
2022-08-14 21:38:00,15,18.0,0.0,4.4,7.0,0.0,65.0,0.0,14,15
2022-08-14 21:44:00,15,18.0,0.0,4.4,7.0,0.0,65.0,0.0,14,15
2022-08-14 21:48:00,15,18.0,0.0,4.4,7.0,0.0,65.0,0.0,14,15
2022-08-14 21:54:00,15,18.0,0.0,4.4,7.0,0.0,65.0,0.0,14,15
2022-08-14 21:58:00,15,18.0,0.0,4.4,7.0,0.0,65.0,0.0,14,15
2022-08-14 22:04:00,15,18.0,0.0,4.4,7.0,0.0,65.0,0.0,14,15
2022-08-14 22:08:00,15,18.0,0.0,4.4,7.0,0.0,65.0,0.0,14,15
2022-08-14 22:14:00,15,18.0,0.0,4.4,7.0,0.0,65.0,0.0,14,15
2022-08-14 22:18:00,15,18.0,0.0,4.4,7.0,0.0,65.0,0.0,14,15
2022-08-14 22:24:00,15,18.0,0.0,4.4,7.0,0.0,65.0,0.0,14,15
2022-08-14 22:28:00,15,18.0,0.0,4.4,7.0,0.0,65.0,0.0,14,15
2022-08-14 22:34:00,15,16.7,0.0,4.2,5.0,0.0,69.0,0.0,14,14
2022-08-14 22:38:00,15,16.7,0.0,4.2,5.0,0.0,69.0,0.0,14,14
2022-08-14 22:44:00,15,16.7,0.0,4.2,5.0,0.0,69.0,0.0,14,14
2022-08-14 22:48:00,15,16.7,0.0,4.2,5.0,0.0,69.0,0.0,14,14
2022-08-14 22:54:00,15,16.7,0.0,4.2,5.0,0.0,69.0,0.0,14,14
2022-08-14 22:58:00,15,16.7,0.0,4.2,5.0,0.0,69.0,0.0,14,14
2022-08-14 23:04:00,15,16.7,0.0,4.2,5.0,0.0,69.0,0.0,14,14
2022-08-14 23:08:00,15,16.7,0.0,4.2,5.0,0.0,69.0,0.0,14,14
2022-08-14 23:15:00,15,16.7,0.0,4.2,5.0,0.0,69.0,0.0,14,14
2022-08-14 23:19:00,15,16.7,0.0,4.2,5.0,0.0,69.0,0.0,14,14
2022-08-14 23:24:00,15,16.7,0.0,4.2,5.0,0.0,69.0,0.0,14,14
2022-08-14 23:28:00,15,16.7,0.0,4.2,5.0,0.0,69.0,0.0,14,14
2022-08-14 23:34:00,14,16.7,0.0,4.2,5.0,0.0,69.0,0.0,14,14
2022-08-14 23:38:00,14,16.7,0.0,4.2,5.0,0.0,69.0,0.0,14,14
2022-08-14 23:44:00,14,16.7,0.0,4.2,5.0,0.0,69.0,0.0,14,14
2022-08-14 23:48:00,14,16.7,0.0,4.2,5.0,0.0,69.0,0.0,14,14
2022-08-14 23:54:00,14,16.7,0.0,4.2,5.0,0.0,69.0,0.0,14,14
2022-08-14 23:58:00,14,16.7,0.0,4.2,5.0,0.0,69.0,0.0,14,14
2022-08-15 00:04:00,14,15.7,0.0,4.0,3.0,0.0,73.0,0.0,14,14
2022-08-15 00:09:00,14,15.7,0.0,4.0,3.0,0.0,73.0,0.0,14,14
2022-08-15 00:14:00,14,15.7,0.0,4.0,3.0,0.0,73.0,0.0,14,14
2022-08-15 00:19:00,14,15.7,0.0,4.0,3.0,0.0,73.0,0.0,14,14
2022-08-15 00:24:00,14,15.7,0.0,4.0,3.0,0.0,73.0,0.0,14,14
2022-08-15 00:34:00,14,15.3,0.0,3.8,4.0,0.0,75.0,0.0,14,14
2022-08-15 00:39:00,14,15.3,0.0,3.8,4.0,0.0,75.0,0.0,14,14
2022-08-15 00:44:00,14,15.3,0.0,3.8,4.0,0.0,75.0,0.0,14,14
2022-08-15 00:48:00,14,15.3,0.0,3.8,4.0,0.0,75.0,0.0,14,14
2022-08-15 00:54:00,14,15.3,0.0,3.8,4.0,0.0,75.0,0.0,14,14
2022-08-15 00:58:00,14,15.3,0.0,3.8,4.0,0.0,75.0,0.0,14,14
2022-08-15 01:05:00,14,15.3,0.0,3.8,4.0,0.0,75.0,0.0,14,14
2022-08-15 01:09:00,14,15.3,0.0,3.8,4.0,0.0,75.0,0.0,14,14
2022-08-15 01:14:00,14,15.3,0.0,3.8,4.0,0.0,75.0,0.0,14,14
2022-08-15 01:24:00,14,15.3,0.0,3.8,4.0,0.0,75.0,0.0,14,14
2022-08-15 01:29:00,14,15.3,0.0,3.8,4.0,0.0,75.0,0.0,14,14
2022-08-15 01:34:00,14,14.9,0.0,3.7,6.0,0.0,76.0,0.0,14,14
2022-08-15 01:39:00,14,14.9,0.0,3.7,6.0,0.0,76.0,0.0,14,14
2022-08-15 01:44:00,14,14.9,0.0,3.7,6.0,0.0,76.0,0.0,14,14
2022-08-15 01:49:00,14,14.9,0.0,3.7,6.0,0.0,76.0,0.0,14,14
2022-08-15 01:54:00,14,14.9,0.0,3.7,6.0,0.0,76.0,0.0,14,14
2022-08-15 01:58:00,14,14.9,0.0,3.7,6.0,0.0,76.0,0.0,14,14
2022-08-15 02:04:00,14,14.9,0.0,3.7,6.0,0.0,76.0,0.0,14,14
2022-08-15 02:08:00,14,14.9,0.0,3.7,6.0,0.0,76.0,0.0,14,14
2022-08-15 02:14:00,14,14.9,0.0,3.7,6.0,0.0,76.0,0.0,14,14
2022-08-15 02:19:00,14,14.9,0.0,3.7,6.0,0.0,76.0,0.0,14,14
2022-08-15 02:24:00,14,14.9,0.0,3.7,6.0,0.0,76.0,0.0,14,14
2022-08-15 02:29:00,14,14.9,0.0,3.7,6.0,0.0,76.0,0.0,14,14
2022-08-15 02:34:00,14,14.8,0.0,3.6,7.0,0.0,78.0,0.0,14,14
2022-08-15 02:39:00,14,14.8,0.0,3.6,7.0,0.0,78.0,0.0,14,14
2022-08-15 02:45:00,14,14.8,0.0,3.6,7.0,0.0,78.0,0.0,14,14
2022-08-15 02:49:00,14,14.8,0.0,3.6,7.0,0.0,78.0,0.0,14,14
2022-08-15 02:54:00,14,14.8,0.0,3.6,7.0,0.0,78.0,0.0,14,14
2022-08-15 02:59:00,14,14.8,0.0,3.6,7.0,0.0,78.0,0.0,14,14
2022-08-15 03:05:00,14,14.8,0.0,3.6,7.0,0.0,78.0,0.0,14,14
2022-08-15 03:09:00,14,14.8,0.0,3.6,7.0,0.0,78.0,0.0,14,14
2022-08-15 03:15:00,14,14.8,0.0,3.6,7.0,0.0,78.0,0.0,14,14
2022-08-15 03:19:00,14,14.8,0.0,3.6,7.0,0.0,78.0,0.0,14,14
2022-08-15 03:25:00,14,14.8,0.0,3.6,7.0,0.0,78.0,0.0,14,14
2022-08-15 03:29:00,14,14.8,0.0,3.6,7.0,0.0,78.0,0.0,14,14
2022-08-15 03:34:00,14,13.7,0.0,3.4,10.0,0.0,77.0,0.0,14,14
2022-08-15 03:39:00,14,13.7,0.0,3.4,10.0,0.0,77.0,0.0,14,14
2022-08-15 03:45:00,14,13.7,0.0,3.4,10.0,0.0,77.0,0.0,14,14
2022-08-15 03:49:00,14,13.7,0.0,3.4,10.0,0.0,77.0,0.0,14,14
2022-08-15 03:54:00,14,13.7,0.0,3.4,10.0,0.0,77.0,0.0,14,14
2022-08-15 03:59:00,14,13.7,0.0,3.4,10.0,0.0,77.0,0.0,14,14
2022-08-15 04:09:00,14,13.7,0.0,3.4,10.0,0.0,77.0,0.0,14,14
2022-08-15 04:15:00,14,13.7,0.0,3.4,10.0,0.0,77.0,0.0,14,14
2022-08-15 04:19:00,14,13.7,0.0,3.4,10.0,0.0,77.0,0.0,14,14
2022-08-15 04:29:00,14,13.7,0.0,3.4,10.0,0.0,77.0,0.0,14,14
2022-08-15 04:39:00,14,13.9,0.0,3.1,13.0,0.0,77.0,0.0,14,14
2022-08-15 04:45:00,14,13.9,0.0,3.1,13.0,0.0,77.0,0.0,14,14
2022-08-15 04:49:00,14,13.9,0.0,3.1,13.0,0.0,77.0,0.0,14,14
2022-08-15 04:55:00,14,13.9,0.0,3.1,13.0,0.0,77.0,0.0,14,14
2022-08-15 04:59:00,14,13.9,0.0,3.1,13.0,0.0,77.0,0.0,14,14
2022-08-15 05:05:00,14,13.9,0.0,3.1,13.0,0.0,77.0,0.0,14,14
2022-08-15 05:09:00,14,13.9,0.0,3.1,13.0,0.0,77.0,0.0,13,14
2022-08-15 05:15:00,14,13.9,0.0,3.1,13.0,0.0,77.0,0.0,13,14
2022-08-15 05:19:00,14,13.9,0.0,3.1,13.0,0.0,77.0,0.0,13,14
2022-08-15 05:25:00,14,13.9,0.0,3.1,13.0,0.0,77.0,0.0,13,14
2022-08-15 05:29:00,14,13.9,0.0,3.1,13.0,0.0,77.0,0.0,13,14
2022-08-15 05:35:00,14,14.1,0.0,2.9,16.0,0.0,77.0,0.0,13,14
2022-08-15 05:39:00,14,14.1,0.0,2.9,16.0,0.0,77.0,0.0,13,14
2022-08-15 05:45:00,14,14.1,0.0,2.9,16.0,0.0,77.0,0.0,13,14
2022-08-15 05:49:00,14,14.1,0.0,2.9,16.0,0.0,77.0,0.0,13,14
2022-08-15 05:55:00,14,14.1,0.0,2.9,16.0,0.0,77.0,0.0,13,14
2022-08-15 05:59:00,14,14.1,0.0,2.9,16.0,0.0,77.0,0.0,13,14
2022-08-15 06:05:00,14,14.1,0.0,2.9,16.0,0.0,77.0,0.0,13,14
2022-08-15 06:09:00,14,14.1,0.0,2.9,16.0,0.0,77.0,0.0,13,13
2022-08-15 06:15:00,14,14.1,0.0,2.9,16.0,0.0,77.0,0.0,13,13
2022-08-15 06:19:00,14,14.1,0.0,2.9,16.0,0.0,77.0,0.0,13,13
2022-08-15 06:25:00,14,14.1,0.0,2.9,16.0,0.0,77.0,0.0,13,13
2022-08-15 06:29:00,14,14.1,0.0,2.9,16.0,0.0,77.0,0.0,13,13
2022-08-15 06:35:00,14,17.5,1.0,2.9,13.0,0.0,65.0,0.0,14,13
2022-08-15 06:39:00,14,17.5,1.0,2.9,13.0,0.0,65.0,0.0,14,13
2022-08-15 06:45:00,14,17.5,1.0,2.9,13.0,0.0,65.0,0.0,14,13
2022-08-15 06:49:00,14,17.5,1.0,2.9,13.0,0.0,65.0,0.0,14,13
2022-08-15 06:55:00,14,17.5,1.0,2.9,13.0,0.0,65.0,0.0,14,13
2022-08-15 06:59:00,14,17.5,1.0,2.9,13.0,0.0,65.0,0.0,14,13
2022-08-15 07:05:00,14,17.5,1.0,2.9,13.0,0.0,65.0,0.0,14,13
2022-08-15 07:09:00,13,17.5,1.0,2.9,13.0,0.0,65.0,0.0,14,13
2022-08-15 07:15:00,13,17.5,1.0,2.9,13.0,0.0,65.0,0.0,14,13
2022-08-15 07:19:00,13,17.5,1.0,2.9,13.0,0.0,65.0,0.0,14,13
2022-08-15 07:25:00,13,17.5,1.0,2.9,13.0,0.0,65.0,0.0,14,13
2022-08-15 07:29:00,13,17.5,1.0,2.9,13.0,0.0,65.0,0.0,13,13
2022-08-15 07:35:00,13,21.0,1.0,2.9,10.0,0.0,54.0,0.0,13,14
2022-08-15 07:39:00,13,21.0,1.0,2.9,10.0,0.0,54.0,0.0,13,14
2022-08-15 07:45:00,13,21.0,1.0,2.9,10.0,0.0,54.0,0.0,13,14
2022-08-15 07:49:00,13,21.0,1.0,2.9,10.0,0.0,54.0,0.0,13,14
2022-08-15 07:55:00,13,21.0,1.0,2.9,10.0,0.0,54.0,0.0,13,14
2022-08-15 07:59:00,13,21.0,1.0,2.9,10.0,0.0,54.0,0.0,13,14
2022-08-15 08:05:00,13,21.0,1.0,2.9,10.0,0.0,54.0,0.0,13,14
2022-08-15 08:09:00,13,21.0,1.0,2.9,10.0,0.0,54.0,0.0,13,14
2022-08-15 08:15:00,13,21.0,1.0,2.9,10.0,0.0,54.0,0.0,13,14
2022-08-15 08:19:00,13,21.0,1.0,2.9,10.0,0.0,54.0,0.0,13,14
2022-08-15 08:25:00,13,21.0,1.0,2.9,10.0,0.0,54.0,0.0,13,14
2022-08-15 08:29:00,13,21.0,1.0,2.9,10.0,0.0,54.0,0.0,13,13
2022-08-15 08:35:00,14,24.4,1.0,6.8,6.0,0.0,43.0,0.0,13,13
2022-08-15 08:39:00,14,24.4,1.0,6.8,6.0,0.0,43.0,0.0,13,13
2022-08-15 08:49:00,14,24.4,1.0,6.8,6.0,0.0,43.0,0.0,13,13
2022-08-15 08:55:00,14,24.4,1.0,6.8,6.0,0.0,43.0,0.0,13,13
2022-08-15 08:59:00,14,24.4,1.0,6.8,6.0,0.0,43.0,0.0,12,13
2022-08-15 09:05:00,14,24.4,1.0,6.8,6.0,0.0,43.0,0.0,12,13
2022-08-15 09:09:00,14,24.4,1.0,6.8,6.0,0.0,43.0,0.0,12,13
2022-08-15 09:15:00,14,24.4,1.0,6.8,6.0,0.0,43.0,0.0,12,13
2022-08-15 09:19:00,14,24.4,1.0,6.8,6.0,0.0,43.0,0.0,12,13
2022-08-15 09:25:00,14,24.4,1.0,6.8,6.0,0.0,43.0,0.0,13,13
2022-08-15 09:29:00,13,24.4,1.0,6.8,6.0,0.0,43.0,0.0,13,13
2022-08-15 09:35:00,13,27.1,1.0,6.0,6.0,0.0,38.0,0.0,13,13
2022-08-15 09:39:00,13,27.1,1.0,6.0,6.0,0.0,38.0,0.0,13,13
2022-08-15 09:45:00,13,27.1,1.0,6.0,6.0,0.0,38.0,0.0,13,13
2022-08-15 09:49:00,13,27.1,1.0,6.0,6.0,0.0,38.0,0.0,13,13
2022-08-15 09:55:00,13,27.1,1.0,6.0,6.0,0.0,38.0,0.0,13,13
2022-08-15 09:59:00,13,27.1,1.0,6.0,6.0,0.0,38.0,0.0,13,12
2022-08-15 10:05:00,13,27.1,1.0,6.0,6.0,0.0,38.0,0.0,13,12
2022-08-15 10:09:00,13,27.1,1.0,6.0,6.0,0.0,38.0,0.0,13,12
2022-08-15 10:15:00,13,27.1,1.0,6.0,6.0,0.0,38.0,0.0,13,12
2022-08-15 10:19:00,13,27.1,1.0,6.0,6.0,0.0,38.0,0.0,13,12
2022-08-15 10:25:00,13,27.1,1.0,6.0,6.0,0.0,38.0,0.0,13,13
2022-08-15 10:29:00,13,27.1,1.0,6.0,6.0,0.0,38.0,0.0,13,13
2022-08-15 10:35:00,13,29.8,1.0,13.1,6.0,0.0,34.0,0.0,13,13
2022-08-15 10:39:00,13,29.8,1.0,13.1,6.0,0.0,34.0,0.0,13,13
2022-08-15 10:45:00,13,29.8,1.0,13.1,6.0,0.0,34.0,0.0,13,13
2022-08-15 10:49:00,13,29.8,1.0,13.1,6.0,0.0,34.0,0.0,13,13
2022-08-15 10:55:00,13,29.8,1.0,13.1,6.0,0.0,34.0,0.0,13,13
2022-08-15 10:59:00,12,29.8,1.0,13.1,6.0,0.0,34.0,0.0,15,13
2022-08-15 11:05:00,12,29.8,1.0,13.1,6.0,0.0,34.0,0.0,15,13
2022-08-15 11:09:00,12,29.8,1.0,13.1,6.0,0.0,34.0,0.0,15,13
2022-08-15 11:15:00,12,29.8,1.0,13.1,6.0,0.0,34.0,0.0,15,13
2022-08-15 11:19:00,12,29.8,1.0,13.1,6.0,0.0,34.0,0.0,15,13
2022-08-15 11:25:00,13,29.8,1.0,13.1,6.0,0.0,34.0,0.0,15,13
2022-08-15 11:29:00,13,29.8,1.0,13.1,6.0,0.0,34.0,0.0,15,13
2022-08-15 11:35:00,13,30.6,1.0,12.2,5.0,0.0,29.0,0.0,16,13
2022-08-15 11:39:00,13,30.6,1.0,12.2,5.0,0.0,29.0,0.0,16,13
2022-08-15 11:45:00,13,30.6,1.0,12.2,5.0,0.0,29.0,0.0,16,13
2022-08-15 11:55:00,13,30.6,1.0,12.2,5.0,0.0,29.0,0.0,16,13
2022-08-15 11:59:00,13,30.6,1.0,12.2,5.0,0.0,29.0,0.0,16,15
2022-08-15 12:09:00,13,30.6,1.0,12.2,5.0,0.0,29.0,0.0,15,15
2022-08-15 12:15:00,13,30.6,1.0,12.2,5.0,0.0,29.0,0.0,16,15
2022-08-15 12:19:00,13,30.6,1.0,12.2,5.0,0.0,29.0,0.0,15,15
2022-08-15 12:25:00,13,30.6,1.0,12.2,5.0,0.0,29.0,0.0,15,15
2022-08-15 12:29:00,13,30.6,1.0,12.2,5.0,0.0,29.0,0.0,15,15
2022-08-15 12:35:00,13,30.5,1.0,15.2,12.0,0.0,33.0,0.0,15,16
2022-08-15 12:39:00,13,30.5,1.0,15.2,12.0,0.0,33.0,0.0,15,16
2022-08-15 12:45:00,13,30.5,1.0,15.2,12.0,0.0,33.0,0.0,15,16
2022-08-15 12:49:00,13,30.5,1.0,15.2,12.0,0.0,33.0,0.0,15,16
2022-08-15 12:55:00,13,30.5,1.0,15.2,12.0,0.0,33.0,0.0,15,16
2022-08-15 12:59:00,15,30.5,1.0,15.2,12.0,0.0,33.0,0.0,15,16
2022-08-15 13:05:00,15,30.5,1.0,15.2,12.0,0.0,33.0,0.0,15,16
2022-08-15 13:09:00,15,30.5,1.0,15.2,12.0,0.0,33.0,0.0,15,15
2022-08-15 13:15:00,15,30.5,1.0,15.2,12.0,0.0,33.0,0.0,15,16
2022-08-15 13:19:00,15,30.5,1.0,15.2,12.0,0.0,33.0,0.0,15,15
2022-08-15 13:25:00,15,30.5,1.0,15.2,12.0,0.0,33.0,0.0,15,15
2022-08-15 13:29:00,15,30.5,1.0,15.2,12.0,0.0,33.0,0.0,17,15
2022-08-15 13:35:00,16,28.4,1.0,18.2,18.0,0.0,37.0,0.0,16,15
2022-08-15 13:39:00,16,28.4,1.0,18.2,18.0,0.0,37.0,0.0,16,15
2022-08-15 13:45:00,16,28.4,1.0,18.2,18.0,0.0,37.0,0.0,16,15
2022-08-15 13:49:00,16,28.4,1.0,18.2,18.0,0.0,37.0,0.0,16,15
2022-08-15 13:55:00,16,28.4,1.0,18.2,18.0,0.0,37.0,0.0,16,15
2022-08-15 13:59:00,16,28.4,1.0,18.2,18.0,0.0,37.0,0.0,16,15
2022-08-15 14:05:00,16,28.4,1.0,18.2,18.0,0.0,37.0,0.0,16,15
2022-08-15 14:09:00,15,28.4,1.0,18.2,18.0,0.0,37.0,0.0,16,15
2022-08-15 14:15:00,16,28.4,1.0,18.2,18.0,0.0,37.0,0.0,16,15
2022-08-15 14:19:00,15,28.4,1.0,18.2,18.0,0.0,37.0,0.0,16,15
2022-08-15 14:25:00,15,28.4,1.0,18.2,18.0,0.0,37.0,0.0,15,15
2022-08-15 14:29:00,15,28.4,1.0,18.2,18.0,0.0,37.0,0.0,15,17
2022-08-15 14:35:00,15,27.8,1.0,21.2,25.0,0.0,41.0,0.0,14,16
2022-08-15 14:39:00,15,27.8,1.0,21.2,25.0,0.0,41.0,0.0,14,16
2022-08-15 14:45:00,15,27.8,1.0,21.2,25.0,0.0,41.0,0.0,14,16
2022-08-15 14:49:00,15,27.8,1.0,21.2,25.0,0.0,41.0,0.0,14,16
2022-08-15 14:55:00,15,27.8,1.0,21.2,25.0,0.0,41.0,0.0,14,16
2022-08-15 14:59:00,15,27.8,1.0,21.2,25.0,0.0,41.0,0.0,14,16
2022-08-15 15:05:00,15,27.8,1.0,21.2,25.0,0.0,41.0,0.0,13,16
2022-08-15 15:09:00,15,27.8,1.0,21.2,25.0,0.0,41.0,0.0,14,16
2022-08-15 15:15:00,15,27.8,1.0,21.2,25.0,0.0,41.0,0.0,14,16
2022-08-15 15:19:00,15,27.8,1.0,21.2,25.0,0.0,41.0,0.0,14,16
2022-08-15 15:25:00,15,27.8,1.0,21.2,25.0,0.0,41.0,0.0,14,15
2022-08-15 15:29:00,17,27.8,1.0,21.2,25.0,0.0,41.0,0.0,14,15
2022-08-15 15:35:00,16,26.0,1.0,16.6,29.0,0.0,51.0,0.0,14,14
2022-08-15 15:39:00,16,26.0,1.0,16.6,29.0,0.0,51.0,0.0,14,14
2022-08-15 15:45:00,16,26.0,1.0,16.6,29.0,0.0,51.0,0.0,14,14
2022-08-15 15:49:00,16,26.0,1.0,16.6,29.0,0.0,51.0,0.0,14,14
2022-08-15 15:55:00,16,26.0,1.0,16.6,29.0,0.0,51.0,0.0,14,14
2022-08-15 15:59:00,16,26.0,1.0,16.6,29.0,0.0,51.0,0.0,14,14
2022-08-15 16:05:00,16,26.0,1.0,16.6,29.0,0.0,51.0,0.0,14,13
2022-08-15 16:09:00,16,26.0,1.0,16.6,29.0,0.0,51.0,0.0,14,14
2022-08-15 16:15:00,16,26.0,1.0,16.6,29.0,0.0,51.0,0.0,14,14
2022-08-15 16:25:00,15,26.0,1.0,16.6,29.0,0.0,51.0,0.0,14,14
2022-08-15 16:29:00,15,26.0,1.0,16.6,29.0,0.0,51.0,0.0,14,14
2022-08-15 16:35:00,14,24.6,1.0,11.9,33.0,0.0,61.0,0.0,13,14
2022-08-15 16:39:00,14,24.6,1.0,11.9,33.0,0.0,61.0,0.0,13,14
2022-08-15 16:45:00,14,24.6,1.0,11.9,33.0,0.0,61.0,0.0,13,14
2022-08-15 16:49:00,14,24.6,1.0,11.9,33.0,0.0,61.0,0.0,14,14
2022-08-15 16:55:00,14,24.6,1.0,11.9,33.0,0.0,61.0,0.0,15,14
2022-08-15 16:59:00,14,24.6,1.0,11.9,33.0,0.0,61.0,0.0,15,14
2022-08-15 17:05:00,13,24.6,1.0,11.9,33.0,0.0,61.0,0.0,15,14
2022-08-15 17:09:00,14,24.6,1.0,11.9,33.0,0.0,61.0,0.0,15,14
2022-08-15 17:15:00,14,24.6,1.0,11.9,33.0,0.0,61.0,0.0,15,14
2022-08-15 17:19:00,14,24.6,1.0,11.9,33.0,0.0,61.0,0.0,15,14
2022-08-15 17:25:00,14,24.6,1.0,11.9,33.0,0.0,61.0,0.0,16,14
2022-08-15 17:29:00,14,24.6,1.0,11.9,33.0,0.0,61.0,0.0,16,14
2022-08-15 17:35:00,14,23.0,1.0,7.2,37.0,0.0,70.0,0.0,16,13
2022-08-15 17:39:00,14,23.0,1.0,7.2,37.0,0.0,70.0,0.0,16,13
2022-08-15 17:45:00,14,23.0,1.0,7.2,37.0,0.0,70.0,0.0,16,13
2022-08-15 17:49:00,14,23.0,1.0,7.2,37.0,0.0,70.0,0.0,16,14
2022-08-15 17:55:00,14,23.0,1.0,7.2,37.0,0.0,70.0,0.0,16,15
2022-08-15 17:59:00,14,23.0,1.0,7.2,37.0,0.0,70.0,0.0,16,15
2022-08-15 18:05:00,14,23.0,1.0,7.2,37.0,0.0,70.0,0.0,16,15
2022-08-15 18:09:00,14,23.0,1.0,7.2,37.0,0.0,70.0,0.0,16,15
2022-08-15 18:15:00,14,23.0,1.0,7.2,37.0,0.0,70.0,0.0,16,15
2022-08-15 18:20:00,14,23.0,1.0,7.2,37.0,0.0,70.0,0.0,16,15
2022-08-15 18:25:00,14,23.0,1.0,7.2,37.0,0.0,70.0,0.0,16,16
2022-08-15 18:29:00,14,23.0,1.0,7.2,37.0,0.0,70.0,0.0,16,16
2022-08-15 18:35:00,13,21.5,1.0,6.8,30.0,0.0,77.0,0.0,16,16
2022-08-15 18:45:00,13,21.5,1.0,6.8,30.0,0.0,77.0,0.0,16,16
2022-08-15 18:49:00,14,21.5,1.0,6.8,30.0,0.0,77.0,0.0,18,16
2022-08-15 18:55:00,15,21.5,1.0,6.8,30.0,0.0,77.0,0.0,18,16
2022-08-15 18:59:00,15,21.5,1.0,6.8,30.0,0.0,77.0,0.0,18,16
2022-08-15 19:05:00,15,21.5,1.0,6.8,30.0,0.0,77.0,0.0,18,16
2022-08-15 19:09:00,15,21.5,1.0,6.8,30.0,0.0,77.0,0.0,18,16
2022-08-15 19:15:00,15,21.5,1.0,6.8,30.0,0.0,77.0,0.0,18,16
2022-08-15 19:20:00,15,21.5,1.0,6.8,30.0,0.0,77.0,0.0,18,16
2022-08-15 19:25:00,16,21.5,1.0,6.8,30.0,0.0,77.0,0.0,18,16
2022-08-15 19:29:00,16,21.5,1.0,6.8,30.0,0.0,77.0,0.0,17,16
2022-08-15 19:35:00,16,20.1,1.0,6.5,24.0,0.0,84.0,0.0,17,16
2022-08-15 19:40:00,16,20.1,1.0,6.5,24.0,0.0,84.0,0.0,17,16
2022-08-15 19:45:00,16,20.1,1.0,6.5,24.0,0.0,84.0,0.0,17,16
2022-08-15 19:50:00,16,20.1,1.0,6.5,24.0,0.0,84.0,0.0,17,18
2022-08-15 19:56:00,16,20.1,1.0,6.5,24.0,0.0,84.0,0.0,17,18
2022-08-15 19:59:00,16,20.1,1.0,6.5,24.0,0.0,84.0,0.0,17,18
2022-08-15 20:05:00,16,20.1,1.0,6.5,24.0,0.0,84.0,0.0,17,18
2022-08-15 20:10:00,16,20.1,1.0,6.5,24.0,0.0,84.0,0.0,17,18
2022-08-15 20:15:00,16,20.1,1.0,6.5,24.0,0.0,84.0,0.0,16,18
2022-08-15 20:20:00,16,20.1,1.0,6.5,24.0,0.0,84.0,0.0,16,18
2022-08-15 20:26:00,16,20.1,1.0,6.5,24.0,0.0,84.0,0.0,16,18
2022-08-15 20:30:00,16,20.1,1.0,6.5,24.0,0.0,84.0,0.0,16,17
2022-08-15 20:35:00,16,18.6,0.0,6.1,17.0,0.0,91.0,0.0,16,17
2022-08-15 20:39:00,16,18.6,0.0,6.1,17.0,0.0,91.0,0.0,16,17
2022-08-15 20:46:00,16,18.6,0.0,6.1,17.0,0.0,91.0,0.0,16,17
2022-08-15 20:50:00,18,18.6,0.0,6.1,17.0,0.0,91.0,0.0,16,17
2022-08-15 20:55:00,18,18.6,0.0,6.1,17.0,0.0,91.0,0.0,16,17
2022-08-15 20:59:00,18,18.6,0.0,6.1,17.0,0.0,91.0,0.0,16,17
2022-08-15 21:05:00,18,18.6,0.0,6.1,17.0,0.0,91.0,0.0,16,17
2022-08-15 21:10:00,18,18.6,0.0,6.1,17.0,0.0,91.0,0.0,16,17
2022-08-15 21:16:00,18,18.6,0.0,6.1,17.0,0.0,91.0,0.0,16,16
2022-08-15 21:20:00,18,18.6,0.0,6.1,17.0,0.0,91.0,0.0,16,16
2022-08-15 21:25:00,18,18.6,0.0,6.1,17.0,0.0,91.0,0.0,16,16
2022-08-15 21:30:00,17,18.6,0.0,6.1,17.0,0.0,91.0,0.0,16,16
2022-08-15 21:35:00,17,18.0,0.0,5.8,15.0,0.0,92.0,0.0,16,16
2022-08-15 21:40:00,17,18.0,0.0,5.8,15.0,0.0,92.0,0.0,16,16
2022-08-15 21:45:00,17,18.0,0.0,5.8,15.0,0.0,92.0,0.0,16,16
2022-08-15 21:50:00,17,18.0,0.0,5.8,15.0,0.0,92.0,0.0,16,16
2022-08-15 21:56:00,17,18.0,0.0,5.8,15.0,0.0,92.0,0.0,16,16
2022-08-15 22:00:00,17,18.0,0.0,5.8,15.0,0.0,92.0,0.0,16,16
2022-08-15 22:05:00,17,18.0,0.0,5.8,15.0,0.0,92.0,0.0,16,16
2022-08-15 22:10:00,17,18.0,0.0,5.8,15.0,0.0,92.0,0.0,16,16
2022-08-15 22:16:00,16,18.0,0.0,5.8,15.0,0.0,92.0,0.0,16,16
2022-08-15 22:20:00,16,18.0,0.0,5.8,15.0,0.0,92.0,0.0,16,16
2022-08-15 22:25:00,16,18.0,0.0,5.8,15.0,0.0,92.0,0.0,17,16
2022-08-15 22:31:00,16,17.5,0.0,5.4,13.0,0.0,94.0,0.0,17,16
2022-08-15 22:36:00,16,17.5,0.0,5.4,13.0,0.0,94.0,0.0,17,16
2022-08-15 22:40:00,16,17.5,0.0,5.4,13.0,0.0,94.0,0.0,17,16
2022-08-15 22:46:00,16,17.5,0.0,5.4,13.0,0.0,94.0,0.0,17,16
2022-08-15 22:50:00,16,17.5,0.0,5.4,13.0,0.0,94.0,0.0,17,16
2022-08-15 22:56:00,16,17.5,0.0,5.4,13.0,0.0,94.0,0.0,17,16
2022-08-15 23:00:00,16,17.5,0.0,5.4,13.0,0.0,94.0,0.0,17,16
2022-08-15 23:06:00,16,17.5,0.0,5.4,13.0,0.0,94.0,0.0,17,16
2022-08-15 23:10:00,16,17.5,0.0,5.4,13.0,0.0,94.0,0.0,17,16
2022-08-15 23:16:00,16,17.5,0.0,5.4,13.0,0.0,94.0,0.0,17,16
2022-08-15 23:20:00,16,17.5,0.0,5.4,13.0,0.0,94.0,0.0,17,16
2022-08-15 23:30:00,16,17.5,0.0,5.4,13.0,0.0,94.0,0.0,17,17
2022-08-15 23:36:00,16,17.5,0.0,5.4,13.0,0.0,94.0,0.0,17,17
2022-08-15 23:40:00,16,17.5,0.0,5.4,13.0,0.0,94.0,0.0,17,17
2022-08-15 23:45:00,16,17.5,0.0,5.4,13.0,0.0,94.0,0.0,17,17
2022-08-15 23:50:00,16,17.5,0.0,5.4,13.0,0.0,94.0,0.0,17,17
2022-08-15 23:56:00,16,17.5,0.0,5.4,13.0,0.0,94.0,0.0,17,17
2022-08-16 00:00:00,16,17.1,0.0,5.0,11.0,0.0,95.0,0.0,17,17
2022-08-16 00:06:00,16,17.1,0.0,5.0,11.0,0.0,95.0,0.0,17,17
2022-08-16 00:10:00,16,17.1,0.0,5.0,11.0,0.0,95.0,0.0,17,17
2022-08-16 00:16:00,16,17.1,0.0,5.0,11.0,0.0,95.0,0.0,17,17
2022-08-16 00:20:00,16,17.1,0.0,5.0,11.0,0.0,95.0,0.0,17,17
2022-08-16 00:26:00,17,17.1,0.0,5.0,11.0,0.0,95.0,0.0,17,17
2022-08-16 00:30:00,17,17.1,0.0,5.0,11.0,0.0,95.0,0.0,17,17
2022-08-16 00:36:00,17,16.8,0.0,4.6,13.0,0.0,95.0,0.0,17,17
2022-08-16 00:40:00,17,16.8,0.0,4.6,13.0,0.0,95.0,0.0,17,17
2022-08-16 00:46:00,17,16.8,0.0,4.6,13.0,0.0,95.0,0.0,17,17
2022-08-16 00:50:00,17,16.8,0.0,4.6,13.0,0.0,95.0,0.0,17,17
2022-08-16 00:56:00,17,16.8,0.0,4.6,13.0,0.0,95.0,0.0,17,17
2022-08-16 01:06:00,17,16.8,0.0,4.6,13.0,0.0,95.0,0.0,17,17
2022-08-16 01:10:00,17,16.8,0.0,4.6,13.0,0.0,95.0,0.0,17,17
2022-08-16 01:16:00,17,16.8,0.0,4.6,13.0,0.0,95.0,0.0,17,17
2022-08-16 01:20:00,17,16.8,0.0,4.6,13.0,0.0,95.0,0.0,17,17
2022-08-16 01:26:00,17,16.8,0.0,4.6,13.0,0.0,95.0,0.0,17,17
2022-08-16 01:30:00,17,16.8,0.0,4.6,13.0,0.0,95.0,0.0,17,17
2022-08-16 01:36:00,17,16.7,0.0,4.1,16.0,0.0,96.0,0.0,17,17
2022-08-16 01:40:00,17,16.7,0.0,4.1,16.0,0.0,96.0,0.0,17,17
2022-08-16 01:46:00,17,16.7,0.0,4.1,16.0,0.0,96.0,0.0,17,17
2022-08-16 01:56:00,17,16.7,0.0,4.1,16.0,0.0,96.0,0.0,17,17
2022-08-16 02:00:00,17,16.7,0.0,4.1,16.0,0.0,96.0,0.0,17,17
2022-08-16 02:06:00,17,16.7,0.0,4.1,16.0,0.0,96.0,0.0,17,17
2022-08-16 02:10:00,17,16.7,0.0,4.1,16.0,0.0,96.0,0.0,17,17
2022-08-16 02:16:00,17,16.7,0.0,4.1,16.0,0.0,96.0,0.0,17,17
2022-08-16 02:20:00,17,16.7,0.0,4.1,16.0,0.0,96.0,0.0,17,17
2022-08-16 02:26:00,17,16.7,0.0,4.1,16.0,0.0,96.0,0.0,17,17
2022-08-16 02:30:00,17,16.7,0.0,4.1,16.0,0.0,96.0,0.0,17,17
2022-08-16 02:36:00,17,16.6,0.0,3.6,18.0,0.0,96.0,0.0,17,17
2022-08-16 02:40:00,17,16.6,0.0,3.6,18.0,0.0,96.0,0.0,17,17
2022-08-16 02:46:00,17,16.6,0.0,3.6,18.0,0.0,96.0,0.0,17,17
2022-08-16 02:50:00,17,16.6,0.0,3.6,18.0,0.0,96.0,0.0,17,17
2022-08-16 02:56:00,17,16.6,0.0,3.6,18.0,0.0,96.0,0.0,17,17
2022-08-16 03:00:00,17,16.6,0.0,3.6,18.0,0.0,96.0,0.0,17,17
2022-08-16 03:06:00,17,16.6,0.0,3.6,18.0,0.0,96.0,0.0,17,17
2022-08-16 03:10:00,17,16.6,0.0,3.6,18.0,0.0,96.0,0.0,17,17
2022-08-16 03:16:00,17,16.6,0.0,3.6,18.0,0.0,96.0,0.0,17,17
2022-08-16 03:20:00,17,16.6,0.0,3.6,18.0,0.0,96.0,0.0,17,17
2022-08-16 03:26:00,17,16.6,0.0,3.6,18.0,0.0,96.0,0.0,17,17
2022-08-16 03:30:00,17,16.6,0.0,3.6,18.0,0.0,96.0,0.0,17,17
2022-08-16 03:36:00,17,15.8,0.0,3.5,18.0,0.0,95.0,0.0,17,17
2022-08-16 03:40:00,17,15.8,0.0,3.5,18.0,0.0,95.0,0.0,17,17
2022-08-16 03:46:00,17,15.8,0.0,3.5,18.0,0.0,95.0,0.0,17,17
2022-08-16 03:56:00,17,15.8,0.0,3.5,18.0,0.0,95.0,0.0,17,17
2022-08-16 04:00:00,17,15.8,0.0,3.5,18.0,0.0,95.0,0.0,17,17
2022-08-16 04:06:00,17,15.8,0.0,3.5,18.0,0.0,95.0,0.0,17,17
2022-08-16 04:10:00,17,15.8,0.0,3.5,18.0,0.0,95.0,0.0,17,17
2022-08-16 04:16:00,17,15.8,0.0,3.5,18.0,0.0,95.0,0.0,17,17
2022-08-16 04:20:00,17,15.8,0.0,3.5,18.0,0.0,95.0,0.0,17,17
2022-08-16 04:26:00,17,15.8,0.0,3.5,18.0,0.0,95.0,0.0,17,17
2022-08-16 04:30:00,17,15.8,0.0,3.5,18.0,0.0,95.0,0.0,17,17
2022-08-16 04:36:00,17,16.0,0.0,3.4,17.0,0.0,94.0,0.0,17,17
2022-08-16 04:40:00,17,16.0,0.0,3.4,17.0,0.0,94.0,0.0,17,17
2022-08-16 04:46:00,17,16.0,0.0,3.4,17.0,0.0,94.0,0.0,17,17
2022-08-16 04:50:00,17,16.0,0.0,3.4,17.0,0.0,94.0,0.0,17,17
2022-08-16 04:56:00,17,16.0,0.0,3.4,17.0,0.0,94.0,0.0,17,17
2022-08-16 05:00:00,17,16.0,0.0,3.4,17.0,0.0,94.0,0.0,17,17
2022-08-16 05:06:00,17,16.0,0.0,3.4,17.0,0.0,94.0,0.0,17,17
2022-08-16 05:10:00,17,16.0,0.0,3.4,17.0,0.0,94.0,0.0,17,17
2022-08-16 05:16:00,17,16.0,0.0,3.4,17.0,0.0,94.0,0.0,17,17
2022-08-16 05:20:00,17,16.0,0.0,3.4,17.0,0.0,94.0,0.0,17,17
2022-08-16 05:26:00,17,16.0,0.0,3.4,17.0,0.0,94.0,0.0,17,17
2022-08-16 05:30:00,17,16.0,0.0,3.4,17.0,0.0,94.0,0.0,17,17
2022-08-16 05:36:00,17,16.3,0.0,3.2,17.0,0.0,93.0,0.0,17,17
2022-08-16 05:40:00,17,16.3,0.0,3.2,17.0,0.0,93.0,0.0,17,17
2022-08-16 05:46:00,17,16.3,0.0,3.2,17.0,0.0,93.0,0.0,17,17
2022-08-16 05:50:00,17,16.3,0.0,3.2,17.0,0.0,93.0,0.0,17,17
2022-08-16 05:56:00,17,16.3,0.0,3.2,17.0,0.0,93.0,0.0,17,17
2022-08-16 06:00:00,17,16.3,0.0,3.2,17.0,0.0,93.0,0.0,17,17
2022-08-16 06:06:00,17,16.3,0.0,3.2,17.0,0.0,93.0,0.0,17,17
2022-08-17 20:11:00,11,22.8,1.0,7.4,5.0,0.0,76.0,0.0,15,15
2022-08-17 20:15:00,14,22.8,1.0,7.4,5.0,0.0,76.0,0.0,16,15
2022-08-17 20:21:00,13,22.8,1.0,7.4,5.0,0.0,76.0,0.0,16,15
2022-08-17 20:25:00,13,22.8,1.0,7.4,5.0,0.0,76.0,0.0,16,15
2022-08-17 20:41:00,15,21.1,0.0,5.4,5.0,0.0,85.0,0.0,17,15
2022-08-17 20:45:00,15,21.1,0.0,5.4,5.0,0.0,85.0,0.0,17,15
2022-08-17 20:51:00,15,21.1,0.0,5.4,5.0,0.0,85.0,0.0,17,15
2022-08-17 20:55:00,15,21.1,0.0,5.4,5.0,0.0,85.0,0.0,17,15
2022-08-17 21:01:00,15,21.1,0.0,5.4,5.0,0.0,85.0,0.0,17,15
2022-08-17 21:05:00,15,21.1,0.0,5.4,5.0,0.0,85.0,0.0,13,15
2022-08-17 21:11:00,15,21.1,0.0,5.4,5.0,0.0,85.0,0.0,13,15
2022-08-17 21:15:00,15,21.1,0.0,5.4,5.0,0.0,85.0,0.0,12,16
2022-08-17 21:21:00,15,21.1,0.0,5.4,5.0,0.0,85.0,0.0,12,16
2022-08-17 21:25:00,15,21.1,0.0,5.4,5.0,0.0,85.0,0.0,12,16
2022-08-17 21:31:00,15,20.4,0.0,5.9,7.0,0.0,85.0,0.0,12,16
2022-08-17 21:35:00,15,20.4,0.0,5.9,7.0,0.0,85.0,0.0,12,17
2022-08-17 21:41:00,15,20.4,0.0,5.9,7.0,0.0,85.0,0.0,12,17
2022-08-17 21:46:00,15,20.4,0.0,5.9,7.0,0.0,85.0,0.0,12,17
2022-08-17 21:51:00,15,20.4,0.0,5.9,7.0,0.0,85.0,0.0,12,17
2022-08-17 21:55:00,15,20.4,0.0,5.9,7.0,0.0,85.0,0.0,12,17
2022-08-17 22:01:00,15,20.4,0.0,5.9,7.0,0.0,85.0,0.0,12,17
2022-08-17 22:06:00,15,20.4,0.0,5.9,7.0,0.0,85.0,0.0,12,13
2022-08-17 22:11:00,15,20.4,0.0,5.9,7.0,0.0,85.0,0.0,13,13
2022-08-17 22:16:00,16,20.4,0.0,5.9,7.0,0.0,85.0,0.0,13,12
2022-08-17 22:21:00,16,20.4,0.0,5.9,7.0,0.0,85.0,0.0,13,12
2022-08-17 22:26:00,16,20.4,0.0,5.9,7.0,0.0,85.0,0.0,13,12
2022-08-17 22:31:00,16,19.7,0.0,6.4,9.0,0.0,85.0,0.0,13,12
2022-08-17 22:36:00,17,19.7,0.0,6.4,9.0,0.0,85.0,0.0,12,12
2022-08-17 22:41:00,17,19.7,0.0,6.4,9.0,0.0,85.0,0.0,12,12
2022-08-17 22:46:00,17,19.7,0.0,6.4,9.0,0.0,85.0,0.0,12,12
2022-08-17 22:51:00,17,19.7,0.0,6.4,9.0,0.0,85.0,0.0,12,12
2022-08-17 22:55:00,17,19.7,0.0,6.4,9.0,0.0,85.0,0.0,12,12
2022-08-17 23:01:00,17,19.7,0.0,6.4,9.0,0.0,85.0,0.0,12,12
2022-08-17 23:05:00,13,19.7,0.0,6.4,9.0,0.0,85.0,0.0,12,12
2022-08-17 23:11:00,13,19.7,0.0,6.4,9.0,0.0,85.0,0.0,12,13
2022-08-17 23:16:00,12,19.7,0.0,6.4,9.0,0.0,85.0,0.0,12,13
2022-08-17 23:21:00,12,19.7,0.0,6.4,9.0,0.0,85.0,0.0,11,13
2022-08-17 23:26:00,12,19.7,0.0,6.4,9.0,0.0,85.0,0.0,11,13
2022-08-17 23:31:00,12,19.7,0.0,6.4,9.0,0.0,85.0,0.0,11,13
2022-08-17 23:36:00,12,19.7,0.0,6.4,9.0,0.0,85.0,0.0,11,12
2022-08-17 23:41:00,12,19.7,0.0,6.4,9.0,0.0,85.0,0.0,11,12
2022-08-17 23:46:00,12,19.7,0.0,6.4,9.0,0.0,85.0,0.0,11,12
2022-08-17 23:52:00,12,19.7,0.0,6.4,9.0,0.0,85.0,0.0,11,12
2022-08-17 23:56:00,12,19.7,0.0,6.4,9.0,0.0,85.0,0.0,11,12
2022-08-18 00:02:00,12,19.1,0.0,6.8,12.0,0.0,85.0,0.0,11,12
2022-08-18 00:06:00,12,19.1,0.0,6.8,12.0,0.0,85.0,0.0,11,12
2022-08-18 00:12:00,13,19.1,0.0,6.8,12.0,0.0,85.0,0.0,11,12
2022-08-18 00:22:00,13,19.1,0.0,6.8,12.0,0.0,85.0,0.0,11,11
2022-08-18 00:27:00,13,19.1,0.0,6.8,12.0,0.0,85.0,0.0,11,11
2022-08-18 00:37:00,12,19.1,0.0,6.5,11.0,0.0,86.0,0.0,11,11
2022-08-18 00:43:00,12,19.1,0.0,6.5,11.0,0.0,86.0,0.0,11,11
2022-08-18 00:47:00,12,19.1,0.0,6.5,11.0,0.0,86.0,0.0,11,11
2022-08-18 00:53:00,12,19.1,0.0,6.5,11.0,0.0,86.0,0.0,11,11
2022-08-18 00:58:00,12,19.1,0.0,6.5,11.0,0.0,86.0,0.0,11,11
2022-08-18 01:03:00,12,19.1,0.0,6.5,11.0,0.0,86.0,0.0,11,11
2022-08-18 01:08:00,12,19.1,0.0,6.5,11.0,0.0,86.0,0.0,11,11
2022-08-18 01:13:00,12,19.1,0.0,6.5,11.0,0.0,86.0,0.0,11,11
2022-08-18 01:23:00,11,19.1,0.0,6.5,11.0,0.0,86.0,0.0,11,11
2022-08-18 01:28:00,11,19.1,0.0,6.5,11.0,0.0,86.0,0.0,11,11
2022-08-18 01:33:00,11,19.0,0.0,6.1,11.0,0.0,88.0,0.0,11,11
2022-08-18 01:38:00,11,19.0,0.0,6.1,11.0,0.0,88.0,0.0,11,11
2022-08-18 01:43:00,11,19.0,0.0,6.1,11.0,0.0,88.0,0.0,11,11
2022-08-18 01:48:00,11,19.0,0.0,6.1,11.0,0.0,88.0,0.0,11,11
2022-08-18 01:53:00,11,19.0,0.0,6.1,11.0,0.0,88.0,0.0,11,11
2022-08-18 01:58:00,11,19.0,0.0,6.1,11.0,0.0,88.0,0.0,11,11
2022-08-18 02:03:00,11,19.0,0.0,6.1,11.0,0.0,88.0,0.0,11,11
2022-08-18 02:08:00,11,19.0,0.0,6.1,11.0,0.0,88.0,0.0,11,11
2022-08-18 02:13:00,11,19.0,0.0,6.1,11.0,0.0,88.0,0.0,11,11
2022-08-18 02:18:00,11,19.0,0.0,6.1,11.0,0.0,88.0,0.0,12,11
2022-08-18 02:23:00,11,19.0,0.0,6.1,11.0,0.0,88.0,0.0,12,11
2022-08-18 02:28:00,11,19.0,0.0,6.1,11.0,0.0,88.0,0.0,12,11
2022-08-18 02:33:00,11,19.0,0.0,5.8,11.0,0.0,90.0,0.0,12,11
2022-08-18 02:38:00,11,19.0,0.0,5.8,11.0,0.0,90.0,0.0,12,11
2022-08-18 02:43:00,11,19.0,0.0,5.8,11.0,0.0,90.0,0.0,12,11
2022-08-18 02:48:00,11,19.0,0.0,5.8,11.0,0.0,90.0,0.0,12,11
2022-08-18 02:53:00,11,19.0,0.0,5.8,11.0,0.0,90.0,0.0,12,11
2022-08-18 02:58:00,11,19.0,0.0,5.8,11.0,0.0,90.0,0.0,12,11
2022-08-18 03:03:00,11,19.0,0.0,5.8,11.0,0.0,90.0,0.0,12,11
2022-08-18 03:08:00,11,19.0,0.0,5.8,11.0,0.0,90.0,0.0,12,11
2022-08-18 03:13:00,11,19.0,0.0,5.8,11.0,0.0,90.0,0.0,12,11
2022-08-18 03:18:00,11,19.0,0.0,5.8,11.0,0.0,90.0,0.0,12,12
2022-08-18 03:23:00,11,19.0,0.0,5.8,11.0,0.0,90.0,0.0,12,12
2022-08-18 03:28:00,11,19.0,0.0,5.8,11.0,0.0,90.0,0.0,12,12
2022-08-18 03:33:00,11,17.9,0.0,5.2,9.0,0.0,90.0,0.0,12,12
2022-08-18 03:38:00,11,17.9,0.0,5.2,9.0,0.0,90.0,0.0,12,12
2022-08-18 03:43:00,11,17.9,0.0,5.2,9.0,0.0,90.0,0.0,12,12
2022-08-18 03:48:00,11,17.9,0.0,5.2,9.0,0.0,90.0,0.0,12,12
2022-08-18 03:53:00,11,17.9,0.0,5.2,9.0,0.0,90.0,0.0,12,12
2022-08-18 03:58:00,11,17.9,0.0,5.2,9.0,0.0,90.0,0.0,12,12
2022-08-18 04:03:00,11,17.9,0.0,5.2,9.0,0.0,90.0,0.0,12,12
2022-08-18 04:08:00,11,17.9,0.0,5.2,9.0,0.0,90.0,0.0,12,12
2022-08-18 04:13:00,11,17.9,0.0,5.2,9.0,0.0,90.0,0.0,12,12
2022-08-18 04:18:00,12,17.9,0.0,5.2,9.0,0.0,90.0,0.0,12,12
2022-08-18 04:23:00,12,17.9,0.0,5.2,9.0,0.0,90.0,0.0,12,12
2022-08-18 04:28:00,12,17.9,0.0,5.2,9.0,0.0,90.0,0.0,12,12
2022-08-18 04:33:00,12,18.0,0.0,4.6,7.0,0.0,89.0,0.0,12,12
2022-08-18 04:38:00,12,18.0,0.0,4.6,7.0,0.0,89.0,0.0,12,12
2022-08-18 04:43:00,12,18.0,0.0,4.6,7.0,0.0,89.0,0.0,12,12
2022-08-18 04:48:00,12,18.0,0.0,4.6,7.0,0.0,89.0,0.0,12,12
2022-08-18 04:53:00,12,18.0,0.0,4.6,7.0,0.0,89.0,0.0,12,12
2022-08-18 05:03:00,12,18.0,0.0,4.6,7.0,0.0,89.0,0.0,12,12
2022-08-18 05:08:00,12,18.0,0.0,4.6,7.0,0.0,89.0,0.0,13,12
2022-08-18 05:13:00,12,18.0,0.0,4.6,7.0,0.0,89.0,0.0,13,12
2022-08-18 05:18:00,12,18.0,0.0,4.6,7.0,0.0,89.0,0.0,12,12
2022-08-18 05:23:00,12,18.0,0.0,4.6,7.0,0.0,89.0,0.0,12,12
2022-08-18 05:28:00,12,18.0,0.0,4.6,7.0,0.0,89.0,0.0,12,12
2022-08-18 05:33:00,12,18.1,0.0,4.0,5.0,0.0,89.0,0.0,11,12
2022-08-18 05:38:00,12,18.1,0.0,4.0,5.0,0.0,89.0,0.0,11,12
2022-08-18 05:43:00,12,18.1,0.0,4.0,5.0,0.0,89.0,0.0,11,12
2022-08-18 05:48:00,12,18.1,0.0,4.0,5.0,0.0,89.0,0.0,11,12
2022-08-18 05:53:00,12,18.1,0.0,4.0,5.0,0.0,89.0,0.0,11,12
2022-08-18 05:58:00,12,18.1,0.0,4.0,5.0,0.0,89.0,0.0,11,12
2022-08-18 06:03:00,12,18.1,0.0,4.0,5.0,0.0,89.0,0.0,11,12
2022-08-18 06:08:00,12,18.1,0.0,4.0,5.0,0.0,89.0,0.0,11,13
2022-08-18 06:13:00,12,18.1,0.0,4.0,5.0,0.0,89.0,0.0,11,13
2022-08-18 06:18:00,12,18.1,0.0,4.0,5.0,0.0,89.0,0.0,11,12
2022-08-18 06:23:00,12,18.1,0.0,4.0,5.0,0.0,89.0,0.0,12,12
2022-08-18 06:28:00,12,18.1,0.0,4.0,5.0,0.0,89.0,0.0,13,12
2022-08-18 06:33:00,12,20.7,1.0,4.8,6.0,0.0,78.0,0.0,13,11
2022-08-18 06:38:00,12,20.7,1.0,4.8,6.0,0.0,78.0,0.0,11,11
2022-08-18 06:43:00,12,20.7,1.0,4.8,6.0,0.0,78.0,0.0,11,11
2022-08-18 06:48:00,12,20.7,1.0,4.8,6.0,0.0,78.0,0.0,11,11
2022-08-18 06:53:00,12,20.7,1.0,4.8,6.0,0.0,78.0,0.0,11,11
2022-08-18 06:58:00,12,20.7,1.0,4.8,6.0,0.0,78.0,0.0,11,11
2022-08-18 07:03:00,12,20.7,1.0,4.8,6.0,0.0,78.0,0.0,11,11
2022-08-18 07:08:00,13,20.7,1.0,4.8,6.0,0.0,78.0,0.0,11,11
2022-08-18 07:13:00,13,20.7,1.0,4.8,6.0,0.0,78.0,0.0,11,11
2022-08-18 07:18:00,12,20.7,1.0,4.8,6.0,0.0,78.0,0.0,12,11
2022-08-18 07:28:00,12,20.7,1.0,4.8,6.0,0.0,78.0,0.0,11,13
2022-08-18 07:33:00,11,23.3,1.0,5.6,7.0,0.0,68.0,0.0,11,13
2022-08-18 07:38:00,11,23.3,1.0,5.6,7.0,0.0,68.0,0.0,11,11
2022-08-18 07:43:00,11,23.3,1.0,5.6,7.0,0.0,68.0,0.0,11,11
2022-08-18 07:48:00,11,23.3,1.0,5.6,7.0,0.0,68.0,0.0,11,11
2022-08-18 07:53:00,11,23.3,1.0,5.6,7.0,0.0,68.0,0.0,11,11
2022-08-18 07:58:00,11,23.3,1.0,5.6,7.0,0.0,68.0,0.0,11,11
2022-08-18 08:01:00,11,23.3,1.0,5.6,7.0,0.0,68.0,0.0,11,11
2022-08-18 08:04:00,11,23.3,1.0,5.6,7.0,0.0,68.0,0.0,11,11
2022-08-18 08:06:00,11,23.3,1.0,5.6,7.0,0.0,68.0,0.0,11,11
2022-08-18 08:09:00,11,23.3,1.0,5.6,7.0,0.0,68.0,0.0,11,11
2022-08-18 08:13:00,11,23.3,1.0,5.6,7.0,0.0,68.0,0.0,11,11
2022-08-18 08:19:00,11,23.3,1.0,5.6,7.0,0.0,68.0,0.0,11,12
2022-08-18 08:23:00,12,23.3,1.0,5.6,7.0,0.0,68.0,0.0,13,12
2022-08-18 08:29:00,13,23.3,1.0,5.6,7.0,0.0,68.0,0.0,13,11
2022-08-18 08:39:00,11,25.9,1.0,6.5,7.0,0.0,58.0,0.0,13,11
2022-08-18 08:43:00,11,25.9,1.0,6.5,7.0,0.0,58.0,0.0,13,11
2022-08-18 08:49:00,11,25.9,1.0,6.5,7.0,0.0,58.0,0.0,13,11
2022-08-18 08:53:00,11,25.9,1.0,6.5,7.0,0.0,58.0,0.0,13,11
2022-08-18 08:59:00,11,25.9,1.0,6.5,7.0,0.0,58.0,0.0,13,11
2022-08-18 09:03:00,11,25.9,1.0,6.5,7.0,0.0,58.0,0.0,13,11
2022-08-18 09:09:00,11,25.9,1.0,6.5,7.0,0.0,58.0,0.0,13,11
2022-08-18 09:19:00,12,25.9,1.0,6.5,7.0,0.0,58.0,0.0,13,11
2022-08-18 09:23:00,12,25.9,1.0,6.5,7.0,0.0,58.0,0.0,12,13
2022-08-18 09:29:00,11,25.9,1.0,6.5,7.0,0.0,58.0,0.0,12,13
2022-08-18 09:33:00,11,28.8,1.0,8.6,8.0,0.0,50.0,0.0,12,13
2022-08-18 09:39:00,11,28.8,1.0,8.6,8.0,0.0,50.0,0.0,12,13
2022-08-18 09:43:00,11,28.8,1.0,8.6,8.0,0.0,50.0,0.0,12,13
2022-08-18 09:49:00,11,28.8,1.0,8.6,8.0,0.0,50.0,0.0,12,13
2022-08-18 09:53:00,11,28.8,1.0,8.6,8.0,0.0,50.0,0.0,12,13
2022-08-18 09:59:00,11,28.8,1.0,8.6,8.0,0.0,50.0,0.0,12,13
2022-08-18 10:03:00,11,28.8,1.0,8.6,8.0,0.0,50.0,0.0,12,13
2022-08-18 10:09:00,11,28.8,1.0,8.6,8.0,0.0,50.0,0.0,12,13
2022-08-18 10:13:00,11,28.8,1.0,8.6,8.0,0.0,50.0,0.0,12,13
2022-08-18 10:19:00,11,28.8,1.0,8.6,8.0,0.0,50.0,0.0,12,13
2022-08-18 10:24:00,13,28.8,1.0,8.6,8.0,0.0,50.0,0.0,12,12
2022-08-18 10:32:00,13,31.8,1.0,10.8,8.0,0.0,43.0,0.0,12,12
2022-08-18 10:36:00,13,31.8,1.0,10.8,8.0,0.0,43.0,0.0,12,12
2022-08-18 10:42:00,13,31.8,1.0,10.8,8.0,0.0,43.0,0.0,12,12
2022-08-18 10:47:00,13,31.8,1.0,10.8,8.0,0.0,43.0,0.0,12,12
2022-08-18 10:55:00,13,31.8,1.0,10.8,8.0,0.0,43.0,0.0,12,12
2022-08-18 10:59:00,13,31.8,1.0,10.8,8.0,0.0,43.0,0.0,12,12
2022-08-18 11:03:00,13,31.8,1.0,10.8,8.0,0.0,43.0,0.0,12,12
2022-08-18 11:09:00,13,31.8,1.0,10.8,8.0,0.0,43.0,0.0,12,12
2022-08-18 11:13:00,13,31.8,1.0,10.8,8.0,0.0,43.0,0.0,12,12
2022-08-18 11:19:00,13,31.8,1.0,10.8,8.0,0.0,43.0,0.0,12,12
2022-08-18 11:23:00,12,31.8,1.0,10.8,8.0,0.0,43.0,0.0,12,12
2022-08-18 11:29:00,12,31.8,1.0,10.8,8.0,0.0,43.0,0.0,12,12
2022-08-18 11:33:00,12,33.1,1.0,13.0,8.0,0.0,36.0,0.0,12,12
2022-08-18 11:42:00,12,33.1,1.0,13.0,8.0,0.0,36.0,0.0,12,12
2022-08-18 11:46:00,12,33.1,1.0,13.0,8.0,0.0,36.0,0.0,12,12
2022-08-18 11:52:00,12,33.1,1.0,13.0,8.0,0.0,36.0,0.0,12,12
2022-08-18 11:56:00,12,33.1,1.0,13.0,8.0,0.0,36.0,0.0,12,12
2022-08-18 12:02:00,12,33.1,1.0,13.0,8.0,0.0,36.0,0.0,12,12
2022-08-18 12:06:00,12,33.1,1.0,13.0,8.0,0.0,36.0,0.0,12,12
2022-08-18 12:12:00,12,33.1,1.0,13.0,8.0,0.0,36.0,0.0,12,12
2022-08-18 12:17:00,12,33.1,1.0,13.0,8.0,0.0,36.0,0.0,12,12
2022-08-18 12:22:00,12,33.1,1.0,13.0,8.0,0.0,36.0,0.0,12,12
2022-08-18 12:27:00,12,33.1,1.0,13.0,8.0,0.0,36.0,0.0,12,12
2022-08-18 12:33:00,12,33.1,1.0,11.6,8.0,0.0,39.0,0.0,12,12
2022-08-18 12:43:00,12,33.1,1.0,11.6,8.0,0.0,39.0,0.0,12,12
2022-08-18 12:47:00,12,33.1,1.0,11.6,8.0,0.0,39.0,0.0,12,12
2022-08-18 12:53:00,12,33.1,1.0,11.6,8.0,0.0,39.0,0.0,12,12
2022-08-18 12:57:00,12,33.1,1.0,11.6,8.0,0.0,39.0,0.0,12,12
2022-08-18 13:07:00,12,33.1,1.0,11.6,8.0,0.0,39.0,0.0,6,12
2022-08-18 13:13:00,12,33.1,1.0,11.6,8.0,0.0,39.0,0.0,6,12
2022-08-18 13:17:00,12,33.1,1.0,11.6,8.0,0.0,39.0,0.0,6,12
2022-08-18 13:23:00,12,33.1,1.0,11.6,8.0,0.0,39.0,0.0,6,12
2022-08-18 13:32:00,12,32.5,1.0,10.3,9.0,0.0,41.0,0.0,6,12
2022-08-18 13:37:00,12,32.5,1.0,10.3,9.0,0.0,41.0,0.0,6,12
2022-08-18 13:43:00,12,32.5,1.0,10.3,9.0,0.0,41.0,0.0,6,12
2022-08-18 13:48:00,12,32.5,1.0,10.3,9.0,0.0,41.0,0.0,6,12
2022-08-18 13:54:00,12,32.5,1.0,10.3,9.0,0.0,41.0,0.0,6,12
2022-08-18 13:59:00,12,32.5,1.0,10.3,9.0,0.0,41.0,0.0,6,12
2022-08-18 14:04:00,12,32.5,1.0,10.3,9.0,0.0,41.0,0.0,6,12
2022-08-18 14:09:00,12,32.5,1.0,10.3,9.0,0.0,41.0,0.0,6,6
2022-08-18 14:18:00,12,32.5,1.0,10.3,9.0,0.0,41.0,0.0,6,6
2022-08-18 14:24:00,12,32.5,1.0,10.3,9.0,0.0,41.0,0.0,6,6
2022-08-18 14:29:00,12,32.5,1.0,10.3,9.0,0.0,41.0,0.0,6,6
2022-08-18 14:34:00,12,32.0,1.0,9.0,9.0,0.0,43.0,0.0,6,6
2022-08-18 14:38:00,12,32.0,1.0,9.0,9.0,0.0,43.0,0.0,6,6
2022-08-18 14:44:00,12,32.0,1.0,9.0,9.0,0.0,43.0,0.0,6,6
2022-08-18 14:48:00,12,32.0,1.0,9.0,9.0,0.0,43.0,0.0,6,6
2022-08-18 14:54:00,12,32.0,1.0,9.0,9.0,0.0,43.0,0.0,6,6
2022-08-18 14:58:00,12,32.0,1.0,9.0,9.0,0.0,43.0,0.0,6,6
2022-08-18 15:04:00,12,32.0,1.0,9.0,9.0,0.0,43.0,0.0,6,6
2022-08-18 15:09:00,6,32.0,1.0,9.0,9.0,0.0,43.0,0.0,6,6
2022-08-18 15:14:00,6,32.0,1.0,9.0,9.0,0.0,43.0,0.0,6,6
2022-08-18 15:19:00,6,32.0,1.0,9.0,9.0,0.0,43.0,0.0,6,6
2022-08-18 15:24:00,6,32.0,1.0,9.0,9.0,0.0,43.0,0.0,6,6
2022-08-18 15:29:00,6,32.0,1.0,9.0,9.0,0.0,43.0,0.0,6,6
2022-08-18 15:34:00,6,31.1,1.0,8.0,7.0,0.0,48.0,0.0,6,6
2022-08-18 15:39:00,6,31.1,1.0,8.0,7.0,0.0,48.0,0.0,6,6
2022-08-18 15:44:00,6,31.1,1.0,8.0,7.0,0.0,48.0,0.0,6,6
2022-08-18 15:49:00,6,31.1,1.0,8.0,7.0,0.0,48.0,0.0,6,6
2022-08-18 15:54:00,6,31.1,1.0,8.0,7.0,0.0,48.0,0.0,6,6
2022-08-18 15:59:00,6,31.1,1.0,8.0,7.0,0.0,48.0,0.0,6,6
2022-08-18 16:04:00,6,31.1,1.0,8.0,7.0,0.0,48.0,0.0,6,6
2022-08-18 16:09:00,6,31.1,1.0,8.0,7.0,0.0,48.0,0.0,6,6
2022-08-18 16:15:00,6,31.1,1.0,8.0,7.0,0.0,48.0,0.0,6,6
2022-08-18 16:20:00,6,31.1,1.0,8.0,7.0,0.0,48.0,0.0,6,6
2022-08-18 16:25:00,6,31.1,1.0,8.0,7.0,0.0,48.0,0.0,6,6
2022-08-20 06:28:00,15,15.7,0.0,1.1,72.0,0.0,95.0,0.0,15,15
2022-08-20 06:34:00,15,17.9,1.0,1.8,63.0,0.0,86.0,0.0,15,15
2022-08-20 06:39:00,15,17.9,1.0,1.8,63.0,0.0,86.0,0.0,15,15
2022-08-20 06:44:00,15,17.9,1.0,1.8,63.0,0.0,86.0,0.0,15,15
2022-08-20 06:48:00,15,17.9,1.0,1.8,63.0,0.0,86.0,0.0,15,15
2022-08-20 06:54:00,15,17.9,1.0,1.8,63.0,0.0,86.0,0.0,15,15
2022-08-20 06:58:00,15,17.9,1.0,1.8,63.0,0.0,86.0,0.0,13,15
2022-08-20 07:04:00,15,17.9,1.0,1.8,63.0,0.0,86.0,0.0,13,15
2022-08-20 07:08:00,15,17.9,1.0,1.8,63.0,0.0,86.0,0.0,13,15
2022-08-20 07:14:00,15,17.9,1.0,1.8,63.0,0.0,86.0,0.0,13,15
2022-08-20 07:18:00,15,17.9,1.0,1.8,63.0,0.0,86.0,0.0,13,15
2022-08-20 07:24:00,15,17.9,1.0,1.8,63.0,0.0,86.0,0.0,13,15
2022-08-20 07:28:00,15,17.9,1.0,1.8,63.0,0.0,86.0,0.0,13,15
2022-08-20 07:34:00,15,20.0,1.0,2.5,54.0,0.0,77.0,0.0,13,15
2022-08-20 07:38:00,15,20.0,1.0,2.5,54.0,0.0,77.0,0.0,13,15
2022-08-20 07:44:00,15,20.0,1.0,2.5,54.0,0.0,77.0,0.0,13,15
2022-08-20 07:48:00,15,20.0,1.0,2.5,54.0,0.0,77.0,0.0,13,15
2022-08-20 07:54:00,15,20.0,1.0,2.5,54.0,0.0,77.0,0.0,13,15
2022-08-20 07:58:00,15,20.0,1.0,2.5,54.0,0.0,77.0,0.0,13,13
2022-08-20 08:04:00,15,20.0,1.0,2.5,54.0,0.0,77.0,0.0,13,13
2022-08-20 08:08:00,15,20.0,1.0,2.5,54.0,0.0,77.0,0.0,13,13
2022-08-20 08:14:00,15,20.0,1.0,2.5,54.0,0.0,77.0,0.0,13,13
2022-08-20 08:18:00,15,20.0,1.0,2.5,54.0,0.0,77.0,0.0,13,13
2022-08-20 08:24:00,15,20.0,1.0,2.5,54.0,0.0,77.0,0.0,13,13
2022-08-20 08:28:00,15,20.0,1.0,2.5,54.0,0.0,77.0,0.0,13,13
2022-08-20 08:34:00,15,22.2,1.0,3.2,45.0,0.0,67.0,0.0,13,13
2022-08-20 08:38:00,15,22.2,1.0,3.2,45.0,0.0,67.0,0.0,13,13
2022-08-20 08:44:00,15,22.2,1.0,3.2,45.0,0.0,67.0,0.0,12,13
2022-08-20 08:49:00,15,22.2,1.0,3.2,45.0,0.0,67.0,0.0,12,13
2022-08-20 08:54:00,15,22.2,1.0,3.2,45.0,0.0,67.0,0.0,12,13
2022-08-20 08:58:00,13,22.2,1.0,3.2,45.0,0.0,67.0,0.0,12,13
2022-08-20 09:08:00,13,22.2,1.0,3.2,45.0,0.0,67.0,0.0,12,13
2022-08-20 09:14:00,13,22.2,1.0,3.2,45.0,0.0,67.0,0.0,12,13
2022-08-20 09:18:00,13,22.2,1.0,3.2,45.0,0.0,67.0,0.0,12,13
2022-08-20 09:24:00,13,22.2,1.0,3.2,45.0,0.0,67.0,0.0,12,13
2022-08-20 09:28:00,13,22.2,1.0,3.2,45.0,0.0,67.0,0.0,12,13
2022-08-20 09:34:00,13,23.7,1.0,4.3,60.0,0.0,64.0,0.0,12,13
2022-08-20 09:38:00,13,23.7,1.0,4.3,60.0,0.0,64.0,0.0,12,13
2022-08-20 09:44:00,13,23.7,1.0,4.3,60.0,0.0,64.0,0.0,12,12
2022-08-20 09:48:00,13,23.7,1.0,4.3,60.0,0.0,64.0,0.0,12,12
2022-08-20 09:54:00,13,23.7,1.0,4.3,60.0,0.0,64.0,0.0,12,12
2022-08-20 09:59:00,13,23.7,1.0,4.3,60.0,0.0,64.0,0.0,12,12
2022-08-20 10:05:00,13,23.7,1.0,4.3,60.0,0.0,64.0,0.0,11,12
2022-08-20 10:09:00,13,23.7,1.0,4.3,60.0,0.0,64.0,0.0,11,12
2022-08-20 10:14:00,13,23.7,1.0,4.3,60.0,0.0,64.0,0.0,11,12
2022-08-20 10:19:00,13,23.7,1.0,4.3,60.0,0.0,64.0,0.0,10,12
2022-08-20 10:25:00,13,23.7,1.0,4.3,60.0,0.0,64.0,0.0,11,12
2022-08-20 10:29:00,13,23.7,1.0,4.3,60.0,0.0,64.0,0.0,11,12
2022-08-20 10:35:00,13,25.1,1.0,5.4,74.0,0.0,60.0,0.0,11,12
2022-08-20 10:45:00,12,25.1,1.0,5.4,74.0,0.0,60.0,0.0,11,12
2022-08-20 10:50:00,12,25.1,1.0,5.4,74.0,0.0,60.0,0.0,11,12
2022-08-20 10:56:00,12,25.1,1.0,5.4,74.0,0.0,60.0,0.0,13,12
2022-08-20 11:00:00,12,25.1,1.0,5.4,74.0,0.0,60.0,0.0,13,12
2022-08-20 11:06:00,12,25.1,1.0,5.4,74.0,0.0,60.0,0.0,14,11
2022-08-20 11:16:00,12,25.1,1.0,5.4,74.0,0.0,60.0,0.0,14,11
2022-08-20 11:22:00,12,25.1,1.0,5.4,74.0,0.0,60.0,0.0,14,11
2022-08-20 11:27:00,12,25.1,1.0,5.4,74.0,0.0,60.0,0.0,14,11
2022-08-20 11:32:00,12,26.6,1.0,6.5,89.0,0.0,56.0,0.0,14,11
2022-08-20 11:37:00,12,26.6,1.0,6.5,89.0,0.0,56.0,0.0,14,11
2022-08-20 11:47:00,12,26.6,1.0,6.5,89.0,0.0,56.0,0.0,16,11
2022-08-20 11:53:00,12,26.6,1.0,6.5,89.0,0.0,56.0,0.0,16,13
2022-08-20 11:58:00,12,26.6,1.0,6.5,89.0,0.0,56.0,0.0,16,13
2022-08-20 12:04:00,11,26.6,1.0,6.5,89.0,0.0,56.0,0.0,16,14
2022-08-20 12:08:00,11,26.6,1.0,6.5,89.0,0.0,56.0,0.0,16,14
2022-08-20 12:14:00,11,26.6,1.0,6.5,89.0,0.0,56.0,0.0,16,14
2022-08-20 12:18:00,10,26.6,1.0,6.5,89.0,0.0,56.0,0.0,16,14
2022-08-20 12:25:00,11,26.6,1.0,6.5,89.0,0.0,56.0,0.0,16,14
2022-08-20 12:29:00,11,26.6,1.0,6.5,89.0,0.0,56.0,0.0,16,14
2022-08-20 12:35:00,11,26.8,1.0,6.5,66.0,0.1,51.0,0.0,16,14
2022-08-20 12:39:00,11,26.8,1.0,6.5,66.0,0.1,51.0,0.0,16,14
2022-08-20 12:45:00,11,26.8,1.0,6.5,66.0,0.1,51.0,0.0,16,16
2022-08-20 12:50:00,11,26.8,1.0,6.5,66.0,0.1,51.0,0.0,16,16
2022-08-20 12:55:00,13,26.8,1.0,6.5,66.0,0.1,51.0,0.0,16,16
2022-08-20 13:06:00,14,26.8,1.0,6.5,66.0,0.1,51.0,0.0,16,16
2022-08-20 13:10:00,14,26.8,1.0,6.5,66.0,0.1,51.0,0.0,16,16
2022-08-20 13:16:00,14,26.8,1.0,6.5,66.0,0.1,51.0,0.0,16,16
2022-08-20 14:11:00,16,27.0,1.0,6.5,89.0,0.8,45.0,0.0,17,16
2022-08-20 14:17:00,16,27.0,1.0,6.5,89.0,0.8,45.0,0.0,17,16
2022-08-20 14:22:00,16,27.0,1.0,6.5,89.0,0.8,45.0,0.0,16,16
2022-08-20 14:26:00,16,27.0,1.0,6.5,89.0,0.8,45.0,0.0,16,16
2022-08-20 14:32:00,16,27.2,1.0,6.5,78.0,0.9,40.0,0.0,16,16
2022-08-20 14:37:00,16,27.2,1.0,6.5,78.0,0.9,40.0,0.0,16,16
2022-08-20 14:41:00,16,27.2,1.0,6.5,78.0,0.9,40.0,0.0,15,16
2022-08-20 14:46:00,16,27.2,1.0,6.5,78.0,0.9,40.0,0.0,15,16
2022-08-20 14:51:00,16,27.2,1.0,6.5,78.0,0.9,40.0,0.0,15,16
2022-08-20 14:57:00,16,27.2,1.0,6.5,78.0,0.9,40.0,0.0,15,17
2022-08-20 15:02:00,16,27.2,1.0,6.5,78.0,0.9,40.0,0.0,15,17
2022-08-20 15:07:00,16,27.2,1.0,6.5,78.0,0.9,40.0,0.0,15,17
2022-08-20 15:11:00,16,27.2,1.0,6.5,78.0,0.9,40.0,0.0,15,17
2022-08-20 15:16:00,16,27.2,1.0,6.5,78.0,0.9,40.0,0.0,15,17
2022-08-20 15:21:00,16,27.2,1.0,6.5,78.0,0.9,40.0,0.0,15,16
2022-08-20 15:27:00,16,27.2,1.0,6.5,78.0,0.9,40.0,0.0,15,16
2022-08-20 15:32:00,16,24.3,1.0,5.2,77.0,2.3,47.0,0.0,15,16
2022-08-20 15:37:00,16,24.3,1.0,5.2,77.0,2.3,47.0,0.0,15,16
2022-08-20 15:41:00,16,24.3,1.0,5.2,77.0,2.3,47.0,0.0,15,15
2022-08-20 15:46:00,16,24.3,1.0,5.2,77.0,2.3,47.0,0.0,15,15
2022-08-20 15:51:00,16,24.3,1.0,5.2,77.0,2.3,47.0,0.0,15,15
2022-08-20 16:01:00,17,24.3,1.0,5.2,77.0,2.3,47.0,0.0,16,15
2022-08-20 16:06:00,17,24.3,1.0,5.2,77.0,2.3,47.0,0.0,15,15
2022-08-20 16:11:00,17,24.3,1.0,5.2,77.0,2.3,47.0,0.0,14,15
2022-08-20 16:16:00,17,24.3,1.0,5.2,77.0,2.3,47.0,0.0,15,15
2022-08-20 16:21:00,16,24.3,1.0,5.2,77.0,2.3,47.0,0.0,14,15
2022-08-20 16:26:00,16,24.3,1.0,5.2,77.0,2.3,47.0,0.0,16,15
2022-08-20 16:31:00,16,23.9,1.0,3.8,72.0,0.2,55.0,0.0,16,15
2022-08-20 16:36:00,16,23.9,1.0,3.8,72.0,0.2,55.0,0.0,17,15
2022-08-20 16:41:00,15,23.9,1.0,3.8,72.0,0.2,55.0,0.0,17,15
2022-08-20 16:46:00,15,23.9,1.0,3.8,72.0,0.2,55.0,0.0,17,15
2022-08-20 16:51:00,15,23.9,1.0,3.8,72.0,0.2,55.0,0.0,17,15
2022-08-20 16:56:00,15,23.9,1.0,3.8,72.0,0.2,55.0,0.0,17,16
2022-08-20 17:01:00,15,23.9,1.0,3.8,72.0,0.2,55.0,0.0,17,16
2022-08-20 17:06:00,15,23.9,1.0,3.8,72.0,0.2,55.0,0.0,17,15
2022-08-20 17:11:00,15,23.9,1.0,3.8,72.0,0.2,55.0,0.0,15,14
2022-08-20 17:16:00,15,23.9,1.0,3.8,72.0,0.2,55.0,0.0,15,15
2022-08-20 17:21:00,15,23.9,1.0,3.8,72.0,0.2,55.0,0.0,16,14
2022-08-20 17:31:00,15,22.3,1.0,6.4,15.0,0.0,62.0,0.0,16,16
2022-08-20 17:36:00,15,22.3,1.0,6.4,15.0,0.0,62.0,0.0,16,17
2022-08-20 17:46:00,15,22.3,1.0,6.4,15.0,0.0,62.0,0.0,16,17
2022-08-20 17:56:00,16,22.3,1.0,6.4,15.0,0.0,62.0,0.0,16,17
2022-08-20 18:01:00,16,22.3,1.0,6.4,15.0,0.0,62.0,0.0,17,17
2022-08-20 18:06:00,15,22.3,1.0,6.4,15.0,0.0,62.0,0.0,18,17
2022-08-20 18:11:00,14,22.3,1.0,6.4,15.0,0.0,62.0,0.0,18,15
2022-08-20 18:16:00,15,22.3,1.0,6.4,15.0,0.0,62.0,0.0,18,15
2022-08-20 18:21:00,14,22.3,1.0,6.4,15.0,0.0,62.0,0.0,18,16
2022-08-20 18:26:00,16,22.3,1.0,6.4,15.0,0.0,62.0,0.0,18,16
2022-08-20 18:31:00,16,20.3,1.0,2.5,14.0,0.0,69.0,0.0,18,16
2022-08-20 18:36:00,17,20.3,1.0,2.5,14.0,0.0,69.0,0.0,18,16
2022-08-20 18:41:00,17,20.3,1.0,2.5,14.0,0.0,69.0,0.0,18,16
2022-08-20 18:46:00,17,20.3,1.0,2.5,14.0,0.0,69.0,0.0,18,16
2022-08-20 18:51:00,17,20.3,1.0,2.5,14.0,0.0,69.0,0.0,18,16
2022-08-20 18:56:00,17,20.3,1.0,2.5,14.0,0.0,69.0,0.0,18,16
2022-08-20 19:01:00,17,20.3,1.0,2.5,14.0,0.0,69.0,0.0,18,17
2022-08-20 19:06:00,17,20.3,1.0,2.5,14.0,0.0,69.0,0.0,18,18
2022-08-20 19:11:00,15,20.3,1.0,2.5,14.0,0.0,69.0,0.0,18,18
2022-08-20 19:26:00,16,20.3,1.0,2.5,14.0,0.0,69.0,0.0,18,18
2022-08-20 19:31:00,16,20.5,1.0,2.5,73.0,0.1,75.0,0.0,18,18
2022-08-20 19:36:00,16,20.5,1.0,2.5,73.0,0.1,75.0,0.0,18,18
2022-08-20 19:41:00,16,20.5,1.0,2.5,73.0,0.1,75.0,0.0,16,18
2022-08-20 19:46:00,16,20.5,1.0,2.5,73.0,0.1,75.0,0.0,16,18
2022-08-20 19:56:00,16,20.5,1.0,2.5,73.0,0.1,75.0,0.0,16,18
2022-08-20 20:01:00,17,20.5,1.0,2.5,73.0,0.1,75.0,0.0,16,18
2022-08-20 20:06:00,18,20.5,1.0,2.5,73.0,0.1,75.0,0.0,16,18
2022-08-20 20:11:00,18,20.5,1.0,2.5,73.0,0.1,75.0,0.0,16,18
2022-08-20 20:16:00,18,20.5,1.0,2.5,73.0,0.1,75.0,0.0,16,18
2022-08-20 20:21:00,18,20.5,1.0,2.5,73.0,0.1,75.0,0.0,16,18
2022-08-20 20:26:00,18,20.5,1.0,2.5,73.0,0.1,75.0,0.0,16,18
2022-08-20 20:31:00,18,19.0,0.0,2.5,13.0,0.0,81.0,0.0,17,18
2022-08-20 20:37:00,18,19.0,0.0,2.5,13.0,0.0,81.0,0.0,19,18
2022-08-20 20:41:00,18,19.0,0.0,2.5,13.0,0.0,81.0,0.0,19,16
2022-08-20 20:47:00,18,19.0,0.0,2.5,13.0,0.0,81.0,0.0,19,16
2022-08-20 20:51:00,18,19.0,0.0,2.5,13.0,0.0,81.0,0.0,19,16
2022-08-20 20:56:00,18,19.0,0.0,2.5,13.0,0.0,81.0,0.0,20,16
2022-08-20 21:01:00,18,19.0,0.0,2.5,13.0,0.0,81.0,0.0,20,16
2022-08-20 21:06:00,18,19.0,0.0,2.5,13.0,0.0,81.0,0.0,20,16
2022-08-20 21:11:00,18,19.0,0.0,2.5,13.0,0.0,81.0,0.0,20,16
2022-08-20 21:17:00,18,19.0,0.0,2.5,13.0,0.0,81.0,0.0,20,16
2022-08-20 21:21:00,18,19.0,0.0,2.5,13.0,0.0,81.0,0.0,20,16
2022-08-20 21:27:00,18,19.0,0.0,2.5,13.0,0.0,81.0,0.0,20,17
2022-08-20 21:31:00,18,18.0,0.0,1.8,32.0,0.0,86.0,0.0,20,17
2022-08-20 21:37:00,18,18.0,0.0,1.8,32.0,0.0,86.0,0.0,20,19
2022-08-20 21:41:00,16,18.0,0.0,1.8,32.0,0.0,86.0,0.0,20,19
2022-08-20 21:47:00,16,18.0,0.0,1.8,32.0,0.0,86.0,0.0,20,19
2022-08-20 21:51:00,16,18.0,0.0,1.8,32.0,0.0,86.0,0.0,20,19
2022-08-20 21:57:00,16,18.0,0.0,1.8,32.0,0.0,86.0,0.0,20,20
2022-08-20 22:01:00,16,18.0,0.0,1.8,32.0,0.0,86.0,0.0,20,20
2022-08-20 22:07:00,16,18.0,0.0,1.8,32.0,0.0,86.0,0.0,20,20
2022-08-20 22:11:00,16,18.0,0.0,1.8,32.0,0.0,86.0,0.0,20,20
2022-08-20 22:17:00,16,18.0,0.0,1.8,32.0,0.0,86.0,0.0,20,20
2022-08-20 22:21:00,16,18.0,0.0,1.8,32.0,0.0,86.0,0.0,20,20
2022-08-20 22:31:00,17,17.5,0.0,1.1,52.0,0.0,91.0,0.0,20,20
2022-08-20 22:37:00,19,17.5,0.0,1.1,52.0,0.0,91.0,0.0,20,20
2022-08-20 22:47:00,19,17.5,0.0,1.1,52.0,0.0,91.0,0.0,19,20
2022-08-20 22:51:00,19,17.5,0.0,1.1,52.0,0.0,91.0,0.0,19,20
2022-08-20 22:56:00,20,17.5,0.0,1.1,52.0,0.0,91.0,0.0,19,20
2022-08-20 23:01:00,20,17.5,0.0,1.1,52.0,0.0,91.0,0.0,19,20
2022-08-20 23:06:00,20,17.5,0.0,1.1,52.0,0.0,91.0,0.0,19,20
2022-08-20 23:17:00,20,17.5,0.0,1.1,52.0,0.0,91.0,0.0,19,20
2022-08-20 23:21:00,20,17.5,0.0,1.1,52.0,0.0,91.0,0.0,19,20
2022-08-20 23:27:00,20,17.5,0.0,1.1,52.0,0.0,91.0,0.0,19,20
2022-08-20 23:31:00,20,17.5,0.0,1.1,52.0,0.0,91.0,0.0,19,20
2022-08-20 23:37:00,20,17.5,0.0,1.1,52.0,0.0,91.0,0.0,19,20
2022-08-20 23:41:00,20,17.5,0.0,1.1,52.0,0.0,91.0,0.0,19,19
2022-08-20 23:47:00,20,17.5,0.0,1.1,52.0,0.0,91.0,0.0,19,19
2022-08-20 23:52:00,20,17.5,0.0,1.1,52.0,0.0,91.0,0.0,19,19
2022-08-20 23:57:00,20,17.5,0.0,1.1,52.0,0.0,91.0,0.0,19,19
2022-08-21 00:02:00,20,17.0,0.0,0.4,72.0,0.0,97.0,0.0,19,19
2022-08-21 00:07:00,20,17.0,0.0,0.4,72.0,0.0,97.0,0.0,19,19
2022-08-21 00:12:00,20,17.0,0.0,0.4,72.0,0.0,97.0,0.0,19,19
2022-08-21 00:17:00,20,17.0,0.0,0.4,72.0,0.0,97.0,0.0,19,19
2022-08-21 00:21:00,20,17.0,0.0,0.4,72.0,0.0,97.0,0.0,19,19
2022-08-21 00:27:00,20,17.0,0.0,0.4,72.0,0.0,97.0,0.0,19,19
2022-08-21 00:32:00,20,16.8,0.0,0.4,63.0,0.0,97.0,0.0,19,19
2022-08-21 00:43:00,19,16.8,0.0,0.4,63.0,0.0,97.0,0.0,19,19
2022-08-21 00:48:00,19,16.8,0.0,0.4,63.0,0.0,97.0,0.0,19,19
2022-08-21 00:54:00,19,16.8,0.0,0.4,63.0,0.0,97.0,0.0,19,19
2022-08-21 00:58:00,19,16.8,0.0,0.4,63.0,0.0,97.0,0.0,19,19
2022-08-21 01:04:00,19,16.8,0.0,0.4,63.0,0.0,97.0,0.0,19,19
2022-08-21 01:08:00,19,16.8,0.0,0.4,63.0,0.0,97.0,0.0,19,19
2022-08-21 01:14:00,19,16.8,0.0,0.4,63.0,0.0,97.0,0.0,19,19
2022-08-21 01:18:00,19,16.8,0.0,0.4,63.0,0.0,97.0,0.0,19,19
2022-08-21 01:24:00,19,16.8,0.0,0.4,63.0,0.0,97.0,0.0,19,19
2022-08-21 01:29:00,19,16.8,0.0,0.4,63.0,0.0,97.0,0.0,19,19
2022-08-21 01:34:00,19,16.9,0.0,0.4,53.0,0.0,97.0,0.0,19,19
2022-08-21 01:44:00,19,16.9,0.0,0.4,53.0,0.0,97.0,0.0,19,19
2022-08-21 01:49:00,19,16.9,0.0,0.4,53.0,0.0,97.0,0.0,19,19
2022-08-21 01:55:00,19,16.9,0.0,0.4,53.0,0.0,97.0,0.0,19,19
2022-08-21 01:59:00,19,16.9,0.0,0.4,53.0,0.0,97.0,0.0,19,19
2022-08-21 02:05:00,19,16.9,0.0,0.4,53.0,0.0,97.0,0.0,19,19
2022-08-21 02:09:00,19,16.9,0.0,0.4,53.0,0.0,97.0,0.0,19,19
2022-08-21 02:15:00,19,16.9,0.0,0.4,53.0,0.0,97.0,0.0,19,19
2022-08-21 02:19:00,19,16.9,0.0,0.4,53.0,0.0,97.0,0.0,19,19
2022-08-21 02:25:00,19,16.9,0.0,0.4,53.0,0.0,97.0,0.0,19,19
2022-08-21 02:29:00,19,16.9,0.0,0.4,53.0,0.0,97.0,0.0,19,19
2022-08-21 02:35:00,19,17.0,0.0,0.4,44.0,0.0,97.0,0.0,19,19
2022-08-21 02:39:00,19,17.0,0.0,0.4,44.0,0.0,97.0,0.0,19,19
2022-08-21 02:45:00,19,17.0,0.0,0.4,44.0,0.0,97.0,0.0,19,19
2022-08-21 02:48:00,19,17.0,0.0,0.4,44.0,0.0,97.0,0.0,19,19
2022-08-21 02:55:00,19,17.0,0.0,0.4,44.0,0.0,97.0,0.0,19,19
2022-08-21 02:59:00,19,17.0,0.0,0.4,44.0,0.0,97.0,0.0,19,19
2022-08-21 03:05:00,19,17.0,0.0,0.4,44.0,0.0,97.0,0.0,19,19
2022-08-21 03:09:00,19,17.0,0.0,0.4,44.0,0.0,97.0,0.0,19,19
2022-08-21 03:14:00,19,17.0,0.0,0.4,44.0,0.0,97.0,0.0,19,19
2022-08-21 03:19:00,19,17.0,0.0,0.4,44.0,0.0,97.0,0.0,19,19
2022-08-21 03:25:00,19,17.0,0.0,0.4,44.0,0.0,97.0,0.0,19,19
2022-08-21 03:29:00,19,17.0,0.0,0.4,44.0,0.0,97.0,0.0,19,19
2022-08-21 03:39:00,19,15.5,0.0,1.1,41.0,0.0,97.0,0.0,19,19
2022-08-21 03:45:00,19,15.5,0.0,1.1,41.0,0.0,97.0,0.0,19,19
2022-08-21 03:49:00,19,15.5,0.0,1.1,41.0,0.0,97.0,0.0,19,19
2022-08-21 03:55:00,19,15.5,0.0,1.1,41.0,0.0,97.0,0.0,19,19
2022-08-21 03:59:00,19,15.5,0.0,1.1,41.0,0.0,97.0,0.0,19,19
2022-08-21 04:09:00,19,15.5,0.0,1.1,41.0,0.0,97.0,0.0,19,19
2022-08-21 04:15:00,19,15.5,0.0,1.1,41.0,0.0,97.0,0.0,19,19
2022-08-21 04:19:00,19,15.5,0.0,1.1,41.0,0.0,97.0,0.0,19,19
2022-08-21 04:25:00,19,15.5,0.0,1.1,41.0,0.0,97.0,0.0,19,19
2022-08-21 04:29:00,19,15.5,0.0,1.1,41.0,0.0,97.0,0.0,19,19
2022-08-21 04:35:00,19,15.5,0.0,1.8,38.0,0.0,96.0,0.0,19,19
2022-08-21 04:40:00,19,15.5,0.0,1.8,38.0,0.0,96.0,0.0,19,19
2022-08-21 04:46:00,19,15.5,0.0,1.8,38.0,0.0,96.0,0.0,19,19
2022-08-21 04:50:00,19,15.5,0.0,1.8,38.0,0.0,96.0,0.0,19,19
2022-08-21 04:56:00,19,15.5,0.0,1.8,38.0,0.0,96.0,0.0,19,19
2022-08-21 05:00:00,19,15.5,0.0,1.8,38.0,0.0,96.0,0.0,19,19
2022-08-21 05:06:00,19,15.5,0.0,1.8,38.0,0.0,96.0,0.0,19,19
2022-08-21 05:16:00,19,15.5,0.0,1.8,38.0,0.0,96.0,0.0,19,19
2022-08-21 05:21:00,19,15.5,0.0,1.8,38.0,0.0,96.0,0.0,19,19
2022-08-21 05:26:00,19,15.5,0.0,1.8,38.0,0.0,96.0,0.0,19,19
2022-08-21 05:31:00,19,15.5,0.0,2.5,34.0,0.0,96.0,0.0,19,19
2022-08-21 05:37:00,19,15.5,0.0,2.5,34.0,0.0,96.0,0.0,19,19
2022-08-21 05:42:00,19,15.5,0.0,2.5,34.0,0.0,96.0,0.0,19,19
2022-08-21 05:47:00,19,15.5,0.0,2.5,34.0,0.0,96.0,0.0,19,19
2022-08-21 05:52:00,19,15.5,0.0,2.5,34.0,0.0,96.0,0.0,19,19
2022-08-21 05:57:00,19,15.5,0.0,2.5,34.0,0.0,96.0,0.0,19,19
2022-08-21 06:02:00,19,15.5,0.0,2.5,34.0,0.0,96.0,0.0,19,19
2022-08-21 06:07:00,19,15.5,0.0,2.5,34.0,0.0,96.0,0.0,19,19
2022-08-21 06:12:00,19,15.5,0.0,2.5,34.0,0.0,96.0,0.0,19,19
2022-08-21 06:17:00,19,15.5,0.0,2.5,34.0,0.0,96.0,0.0,19,19
2022-08-21 06:22:00,19,15.5,0.0,2.5,34.0,0.0,96.0,0.0,19,19
2022-08-21 06:27:00,19,15.5,0.0,2.5,34.0,0.0,96.0,0.0,19,19
2022-08-21 06:32:00,19,17.4,1.0,2.5,29.0,0.0,86.0,0.0,19,19
2022-08-21 06:37:00,19,17.4,1.0,2.5,29.0,0.0,86.0,0.0,19,19
2022-08-21 06:42:00,19,17.4,1.0,2.5,29.0,0.0,86.0,0.0,19,19
2022-08-21 06:47:00,19,17.4,1.0,2.5,29.0,0.0,86.0,0.0,19,19
2022-08-21 06:52:00,19,17.4,1.0,2.5,29.0,0.0,86.0,0.0,19,19
2022-08-21 06:57:00,19,17.4,1.0,2.5,29.0,0.0,86.0,0.0,19,19
2022-08-21 07:02:00,19,17.4,1.0,2.5,29.0,0.0,86.0,0.0,19,19
2022-08-21 07:07:00,19,17.4,1.0,2.5,29.0,0.0,86.0,0.0,19,19
2022-08-21 07:12:00,19,17.4,1.0,2.5,29.0,0.0,86.0,0.0,19,19
2022-08-21 07:17:00,19,17.4,1.0,2.5,29.0,0.0,86.0,0.0,19,19
2022-08-21 07:22:00,19,17.4,1.0,2.5,29.0,0.0,86.0,0.0,19,19
2022-08-21 07:27:00,19,17.4,1.0,2.5,29.0,0.0,86.0,0.0,19,19
2022-08-21 07:37:00,19,19.4,1.0,2.5,88.0,0.2,77.0,0.0,19,19
2022-08-21 07:42:00,19,19.4,1.0,2.5,88.0,0.2,77.0,0.0,19,19
2022-08-21 07:47:00,19,19.4,1.0,2.5,88.0,0.2,77.0,0.0,19,19
2022-08-21 07:52:00,19,19.4,1.0,2.5,88.0,0.2,77.0,0.0,19,19
2022-08-21 07:57:00,19,19.4,1.0,2.5,88.0,0.2,77.0,0.0,18,19
2022-08-21 08:02:00,19,19.4,1.0,2.5,88.0,0.2,77.0,0.0,19,19
2022-08-21 08:07:00,19,19.4,1.0,2.5,88.0,0.2,77.0,0.0,19,19
2022-08-21 08:12:00,19,19.4,1.0,2.5,88.0,0.2,77.0,0.0,19,19
2022-08-21 08:17:00,19,19.4,1.0,2.5,88.0,0.2,77.0,0.0,19,19
2022-08-21 08:22:00,19,19.4,1.0,2.5,88.0,0.2,77.0,0.0,19,19
2022-08-21 08:27:00,19,19.4,1.0,2.5,88.0,0.2,77.0,0.0,19,19
2022-08-21 08:32:00,19,21.3,1.0,2.5,87.0,0.1,67.0,0.0,19,19
2022-08-21 08:37:00,19,21.3,1.0,2.5,87.0,0.1,67.0,0.0,19,19
2022-08-21 08:42:00,19,21.3,1.0,2.5,87.0,0.1,67.0,0.0,19,19
2022-08-21 08:47:00,19,21.3,1.0,2.5,87.0,0.1,67.0,0.0,19,19
2022-08-21 08:52:00,19,21.3,1.0,2.5,87.0,0.1,67.0,0.0,19,19
2022-08-21 08:57:00,19,21.3,1.0,2.5,87.0,0.1,67.0,0.0,19,18
2022-08-21 09:02:00,19,21.3,1.0,2.5,87.0,0.1,67.0,0.0,19,19
2022-08-21 09:07:00,19,21.3,1.0,2.5,87.0,0.1,67.0,0.0,19,19
2022-08-21 09:12:00,19,21.3,1.0,2.5,87.0,0.1,67.0,0.0,19,19
2022-08-21 09:17:00,19,21.3,1.0,2.5,87.0,0.1,67.0,0.0,19,19
2022-08-21 09:22:00,19,21.3,1.0,2.5,87.0,0.1,67.0,0.0,19,19
2022-08-21 09:27:00,19,21.3,1.0,2.5,87.0,0.1,67.0,0.0,19,19
2022-08-21 09:32:00,19,23.2,1.0,4.0,20.0,0.0,59.0,0.0,19,19
2022-08-21 09:37:00,19,23.2,1.0,4.0,20.0,0.0,59.0,0.0,19,19
2022-08-21 09:42:00,19,23.2,1.0,4.0,20.0,0.0,59.0,0.0,19,19
2022-08-21 09:47:00,19,23.2,1.0,4.0,20.0,0.0,59.0,0.0,19,19
2022-08-21 09:52:00,19,23.2,1.0,4.0,20.0,0.0,59.0,0.0,19,19
2022-08-21 09:57:00,18,23.2,1.0,4.0,20.0,0.0,59.0,0.0,19,19
2022-08-21 10:02:00,19,23.2,1.0,4.0,20.0,0.0,59.0,0.0,18,18
2022-08-23 00:10:00,6,15.4,0.0,0.4,74.0,0.1,96.0,0.0,6,6
2022-08-23 00:16:00,6,15.4,0.0,0.4,74.0,0.1,96.0,0.0,6,6
2022-08-23 00:20:00,6,15.4,0.0,0.4,74.0,0.1,96.0,0.0,6,6
2022-08-23 00:26:00,6,15.4,0.0,0.4,74.0,0.1,96.0,0.0,6,6
2022-08-23 00:31:00,6,15.5,0.0,0.8,73.0,0.1,96.0,0.0,6,6
2022-08-23 00:36:00,6,15.5,0.0,0.8,73.0,0.1,96.0,0.0,6,6
2022-08-23 00:41:00,6,15.5,0.0,0.8,73.0,0.1,96.0,0.0,6,6
2022-08-23 00:47:00,6,15.5,0.0,0.8,73.0,0.1,96.0,0.0,6,6
2022-08-23 00:51:00,6,15.5,0.0,0.8,73.0,0.1,96.0,0.0,6,6
2022-08-23 00:57:00,6,15.5,0.0,0.8,73.0,0.1,96.0,0.0,6,6
2022-08-23 01:02:00,6,15.5,0.0,0.8,73.0,0.1,96.0,0.0,6,6
2022-08-23 01:07:00,6,15.5,0.0,0.8,73.0,0.1,96.0,0.0,6,6
2022-08-23 01:11:00,6,15.5,0.0,0.8,73.0,0.1,96.0,0.0,6,6
2022-08-23 01:17:00,6,15.5,0.0,0.8,73.0,0.1,96.0,0.0,6,6
2022-08-23 01:21:00,6,15.5,0.0,0.8,73.0,0.1,96.0,0.0,6,6
2022-08-23 01:26:00,6,15.5,0.0,0.8,73.0,0.1,96.0,0.0,6,6
2022-08-23 01:30:00,6,15.5,0.0,0.8,73.0,0.1,96.0,0.0,6,6
2022-08-23 01:36:00,6,15.4,0.0,1.3,86.0,0.1,96.0,0.0,6,6
2022-08-23 01:40:00,6,15.4,0.0,1.3,86.0,0.1,96.0,0.0,6,6
2022-08-23 01:46:00,6,15.4,0.0,1.3,86.0,0.1,96.0,0.0,6,6
2022-08-23 01:50:00,6,15.4,0.0,1.3,86.0,0.1,96.0,0.0,6,6
2022-08-23 01:56:00,6,15.4,0.0,1.3,86.0,0.1,96.0,0.0,6,6
2022-08-23 02:00:00,6,15.4,0.0,1.3,86.0,0.1,96.0,0.0,6,6
2022-08-23 02:06:00,6,15.4,0.0,1.3,86.0,0.1,96.0,0.0,6,6
2022-08-23 02:10:00,6,15.4,0.0,1.3,86.0,0.1,96.0,0.0,6,6
2022-08-23 02:16:00,6,15.4,0.0,1.3,86.0,0.1,96.0,0.0,6,6
2022-08-23 02:20:00,6,15.4,0.0,1.3,86.0,0.1,96.0,0.0,6,6
2022-08-23 02:26:00,6,15.4,0.0,1.3,86.0,0.1,96.0,0.0,6,6
2022-08-23 02:30:00,6,15.4,0.0,1.3,86.0,0.1,96.0,0.0,6,6
2022-08-23 02:36:00,6,15.6,0.0,1.8,82.0,0.1,96.0,0.0,6,6
2022-08-23 02:40:00,6,15.6,0.0,1.8,82.0,0.1,96.0,0.0,6,6
2022-08-23 02:46:00,6,15.6,0.0,1.8,82.0,0.1,96.0,0.0,6,6
2022-08-23 02:50:00,6,15.6,0.0,1.8,82.0,0.1,96.0,0.0,6,6
2022-08-23 02:56:00,6,15.6,0.0,1.8,82.0,0.1,96.0,0.0,6,6
2022-08-23 03:00:00,6,15.6,0.0,1.8,82.0,0.1,96.0,0.0,6,6
2022-08-23 03:11:00,6,15.6,0.0,1.8,82.0,0.1,96.0,0.0,6,6
2022-08-23 03:16:00,6,15.6,0.0,1.8,82.0,0.1,96.0,0.0,6,6
2022-08-23 03:21:00,6,15.6,0.0,1.8,82.0,0.1,96.0,0.0,6,6
2022-08-23 03:26:00,6,15.6,0.0,1.8,82.0,0.1,96.0,0.0,6,6
2022-08-23 03:30:00,6,15.6,0.0,1.8,82.0,0.1,96.0,0.0,6,6
2022-08-23 03:36:00,6,15.6,0.0,1.8,78.0,0.2,96.0,0.0,6,6
2022-08-23 03:41:00,6,15.6,0.0,1.8,78.0,0.2,96.0,0.0,6,6
2022-08-23 03:46:00,6,15.6,0.0,1.8,78.0,0.2,96.0,0.0,6,6
2022-08-23 03:50:00,6,15.6,0.0,1.8,78.0,0.2,96.0,0.0,6,6
2022-08-23 03:56:00,6,15.6,0.0,1.8,78.0,0.2,96.0,0.0,6,6
2022-08-23 04:00:00,6,15.6,0.0,1.8,78.0,0.2,96.0,0.0,6,6
2022-08-23 04:06:00,6,15.6,0.0,1.8,78.0,0.2,96.0,0.0,6,6
2022-08-23 04:10:00,6,15.6,0.0,1.8,78.0,0.2,96.0,0.0,6,6
2022-08-23 04:16:00,6,15.6,0.0,1.8,78.0,0.2,96.0,0.0,6,6
2022-08-23 04:20:00,6,15.6,0.0,1.8,78.0,0.2,96.0,0.0,6,6
2022-08-23 04:26:00,6,15.6,0.0,1.8,78.0,0.2,96.0,0.0,6,6
2022-08-23 04:30:00,6,15.6,0.0,1.8,78.0,0.2,96.0,0.0,6,6
2022-08-23 04:36:00,6,15.4,0.0,1.8,79.0,0.3,96.0,0.0,6,6
2022-08-23 04:40:00,6,15.4,0.0,1.8,79.0,0.3,96.0,0.0,6,6
2022-08-23 04:46:00,6,15.4,0.0,1.8,79.0,0.3,96.0,0.0,6,6
2022-08-23 04:50:00,6,15.4,0.0,1.8,79.0,0.3,96.0,0.0,6,6
2022-08-23 04:56:00,6,15.4,0.0,1.8,79.0,0.3,96.0,0.0,6,6
2022-08-23 05:01:00,6,15.4,0.0,1.8,79.0,0.3,96.0,0.0,6,6
2022-08-23 05:06:00,6,15.4,0.0,1.8,79.0,0.3,96.0,0.0,6,6
2022-08-23 05:11:00,6,15.4,0.0,1.8,79.0,0.3,96.0,0.0,6,6
2022-08-23 05:17:00,6,15.4,0.0,1.8,79.0,0.3,96.0,0.0,6,6
2022-08-23 05:21:00,6,15.4,0.0,1.8,79.0,0.3,96.0,0.0,6,6
2022-08-23 05:26:00,6,15.4,0.0,1.8,79.0,0.3,96.0,0.0,6,6
2022-08-23 05:30:00,6,15.4,0.0,1.8,79.0,0.3,96.0,0.0,5,6
2022-08-23 05:36:00,6,15.3,0.0,1.8,88.0,0.3,96.0,0.0,5,6
2022-08-23 05:41:00,6,15.3,0.0,1.8,88.0,0.3,96.0,0.0,5,6
2022-08-23 05:46:00,6,15.3,0.0,1.8,88.0,0.3,96.0,0.0,5,6
2022-08-23 05:50:00,6,15.3,0.0,1.8,88.0,0.3,96.0,0.0,5,6
2022-08-23 05:56:00,6,15.3,0.0,1.8,88.0,0.3,96.0,0.0,5,6
2022-08-23 06:01:00,6,15.3,0.0,1.8,88.0,0.3,96.0,0.0,5,6
2022-08-23 06:06:00,6,15.3,0.0,1.8,88.0,0.3,96.0,0.0,7,6
2022-08-23 06:11:00,6,15.3,0.0,1.8,88.0,0.3,96.0,0.0,7,6
2022-08-23 06:16:00,6,15.3,0.0,1.8,88.0,0.3,96.0,0.0,7,6
2022-08-23 06:21:00,6,15.3,0.0,1.8,88.0,0.3,96.0,0.0,6,6
2022-08-23 06:26:00,6,15.3,0.0,1.8,88.0,0.3,96.0,0.0,6,6
2022-08-23 06:31:00,6,16.0,1.0,2.4,61.0,0.2,93.0,0.0,6,5
2022-08-23 06:37:00,6,16.0,1.0,2.4,61.0,0.2,93.0,0.0,6,5
2022-08-23 06:41:00,6,16.0,1.0,2.4,61.0,0.2,93.0,0.0,6,5
2022-08-23 06:46:00,6,16.0,1.0,2.4,61.0,0.2,93.0,0.0,6,5
2022-08-23 06:51:00,6,16.0,1.0,2.4,61.0,0.2,93.0,0.0,6,5
2022-08-23 06:56:00,6,16.0,1.0,2.4,61.0,0.2,93.0,0.0,6,5
2022-08-23 07:00:00,6,16.0,1.0,2.4,61.0,0.2,93.0,0.0,6,5
2022-08-23 07:06:00,6,16.0,1.0,2.4,61.0,0.2,93.0,0.0,6,7
2022-08-23 07:11:00,6,16.0,1.0,2.4,61.0,0.2,93.0,0.0,6,7
2022-08-23 07:16:00,6,16.0,1.0,2.4,61.0,0.2,93.0,0.0,6,7
2022-08-23 07:21:00,6,16.0,1.0,2.4,61.0,0.2,93.0,0.0,6,6
2022-08-23 07:26:00,6,16.0,1.0,2.4,61.0,0.2,93.0,0.0,6,6
2022-08-23 07:31:00,5,15.3,1.0,3.0,81.0,1.6,89.0,0.0,6,6
2022-08-23 07:36:00,5,15.3,1.0,3.0,81.0,1.6,89.0,0.0,6,6
2022-08-23 07:40:00,5,15.3,1.0,3.0,81.0,1.6,89.0,0.0,6,6
2022-08-23 07:46:00,5,15.3,1.0,3.0,81.0,1.6,89.0,0.0,6,6
2022-08-23 07:51:00,5,15.3,1.0,3.0,81.0,1.6,89.0,0.0,6,6
2022-08-23 07:56:00,5,15.3,1.0,3.0,81.0,1.6,89.0,0.0,6,6
2022-08-23 08:01:00,5,15.3,1.0,3.0,81.0,1.6,89.0,0.0,6,6
2022-08-23 08:07:00,7,15.3,1.0,3.0,81.0,1.6,89.0,0.0,6,6
2022-08-23 08:11:00,7,15.3,1.0,3.0,81.0,1.6,89.0,0.0,6,6
2022-08-23 08:17:00,7,15.3,1.0,3.0,81.0,1.6,89.0,0.0,6,6
2022-08-23 08:21:00,6,15.3,1.0,3.0,81.0,1.6,89.0,0.0,6,6
2022-08-23 08:26:00,6,15.3,1.0,3.0,81.0,1.6,89.0,0.0,6,6
2022-08-23 08:31:00,6,16.4,1.0,3.6,100.0,0.6,86.0,0.0,6,6
2022-08-23 08:41:00,6,16.4,1.0,3.6,100.0,0.6,86.0,0.0,6,6
2022-08-23 08:51:00,6,16.4,1.0,3.6,100.0,0.6,86.0,0.0,6,6
2022-08-23 08:57:00,6,16.4,1.0,3.6,100.0,0.6,86.0,0.0,6,6
2022-08-23 09:01:00,6,16.4,1.0,3.6,100.0,0.6,86.0,0.0,6,6
2022-08-23 09:07:00,6,16.4,1.0,3.6,100.0,0.6,86.0,0.0,6,6
2022-08-23 09:11:00,6,16.4,1.0,3.6,100.0,0.6,86.0,0.0,6,6
2022-08-23 09:16:00,6,16.4,1.0,3.6,100.0,0.6,86.0,0.0,6,6
2022-08-23 09:21:00,6,16.4,1.0,3.6,100.0,0.6,86.0,0.0,6,6
2022-08-23 09:26:00,6,16.4,1.0,3.6,100.0,0.6,86.0,0.0,6,6
2022-08-23 09:31:00,6,17.3,1.0,4.7,94.0,0.1,79.0,0.0,6,6
2022-08-23 09:37:00,6,17.3,1.0,4.7,94.0,0.1,79.0,0.0,6,6
2022-08-23 09:41:00,6,17.3,1.0,4.7,94.0,0.1,79.0,0.0,6,6
2022-08-23 09:47:00,6,17.3,1.0,4.7,94.0,0.1,79.0,0.0,3,6
2022-08-23 09:51:00,6,17.3,1.0,4.7,94.0,0.1,79.0,0.0,3,6
2022-08-23 10:01:00,6,17.3,1.0,4.7,94.0,0.1,79.0,0.0,3,6
2022-08-23 10:07:00,6,17.3,1.0,4.7,94.0,0.1,79.0,0.0,3,6
2022-08-23 10:11:00,6,17.3,1.0,4.7,94.0,0.1,79.0,0.0,3,6
2022-08-23 10:21:00,6,17.3,1.0,4.7,94.0,0.1,79.0,0.0,3,6
2022-08-23 10:27:00,6,17.3,1.0,4.7,94.0,0.1,79.0,0.0,3,6
2022-08-23 10:31:00,6,18.3,1.0,5.8,88.0,0.0,73.0,0.0,3,6
2022-08-23 10:37:00,6,18.3,1.0,5.8,88.0,0.0,73.0,0.0,3,6
2022-08-23 10:41:00,6,18.3,1.0,5.8,88.0,0.0,73.0,0.0,3,6
2022-08-23 10:47:00,6,18.3,1.0,5.8,88.0,0.0,73.0,0.0,3,3
2022-08-23 10:51:00,6,18.3,1.0,5.8,88.0,0.0,73.0,0.0,3,3
2022-08-23 10:57:00,6,18.3,1.0,5.8,88.0,0.0,73.0,0.0,4,3
2022-08-23 11:01:00,6,18.3,1.0,5.8,88.0,0.0,73.0,0.0,4,3
2022-08-23 11:07:00,6,18.3,1.0,5.8,88.0,0.0,73.0,0.0,4,3
2022-08-23 11:11:00,6,18.3,1.0,5.8,88.0,0.0,73.0,0.0,4,3
2022-08-23 11:17:00,6,18.3,1.0,5.8,88.0,0.0,73.0,0.0,4,3
2022-08-23 11:21:00,6,18.3,1.0,5.8,88.0,0.0,73.0,0.0,4,3
2022-08-23 11:27:00,6,18.3,1.0,5.8,88.0,0.0,73.0,0.0,4,3
2022-08-23 11:31:00,6,19.2,1.0,6.8,82.0,0.0,67.0,0.0,4,3
2022-08-23 11:37:00,6,19.2,1.0,6.8,82.0,0.0,67.0,0.0,6,3
2022-08-23 11:41:00,6,19.2,1.0,6.8,82.0,0.0,67.0,0.0,6,3
2022-08-23 11:47:00,3,19.2,1.0,6.8,82.0,0.0,67.0,0.0,6,3
2022-08-23 11:51:00,3,19.2,1.0,6.8,82.0,0.0,67.0,0.0,6,3
2022-08-23 11:57:00,3,19.2,1.0,6.8,82.0,0.0,67.0,0.0,5,4
2022-08-23 12:01:00,3,19.2,1.0,6.8,82.0,0.0,67.0,0.0,4,4
2022-08-23 12:07:00,3,19.2,1.0,6.8,82.0,0.0,67.0,0.0,3,4
2022-08-23 12:11:00,3,19.2,1.0,6.8,82.0,0.0,67.0,0.0,2,4
2022-08-23 12:17:00,3,19.2,1.0,6.8,82.0,0.0,67.0,0.0,0,4
2022-08-23 12:21:00,3,19.2,1.0,6.8,82.0,0.0,67.0,0.0,0,4
2022-08-23 12:31:00,3,20.7,1.0,7.0,70.0,0.1,65.0,0.0,0,4
2022-08-23 12:37:00,3,20.7,1.0,7.0,70.0,0.1,65.0,0.0,0,6
2022-08-23 12:41:00,3,20.7,1.0,7.0,70.0,0.1,65.0,0.0,0,6
2022-08-23 12:47:00,3,20.7,1.0,7.0,70.0,0.1,65.0,0.0,0,6
2022-08-23 12:51:00,3,20.7,1.0,7.0,70.0,0.1,65.0,0.0,0,6
2022-08-23 12:57:00,4,20.7,1.0,7.0,70.0,0.1,65.0,0.0,0,5
2022-08-23 13:01:00,4,20.7,1.0,7.0,70.0,0.1,65.0,0.0,0,4
2022-08-23 13:07:00,4,20.7,1.0,7.0,70.0,0.1,65.0,0.0,0,3
2022-08-23 13:11:00,4,20.7,1.0,7.0,70.0,0.1,65.0,0.0,0,2
2022-08-23 13:17:00,4,20.7,1.0,7.0,70.0,0.1,65.0,0.0,2,0
2022-08-23 13:21:00,4,20.7,1.0,7.0,70.0,0.1,65.0,0.0,2,0
2022-08-23 13:27:00,4,20.7,1.0,7.0,70.0,0.1,65.0,0.0,2,0
2022-08-23 13:31:00,4,20.7,1.0,7.1,58.0,0.1,62.0,0.0,2,0
2022-08-23 13:37:00,6,20.7,1.0,7.1,58.0,0.1,62.0,0.0,3,0
2022-08-23 13:41:00,6,20.7,1.0,7.1,58.0,0.1,62.0,0.0,3,0
2022-08-23 13:47:00,6,20.7,1.0,7.1,58.0,0.1,62.0,0.0,5,0
2022-08-23 13:51:00,6,20.7,1.0,7.1,58.0,0.1,62.0,0.0,4,0
2022-08-23 13:57:00,5,20.7,1.0,7.1,58.0,0.1,62.0,0.0,4,0
2022-08-23 14:01:00,4,20.7,1.0,7.1,58.0,0.1,62.0,0.0,4,0
2022-08-23 14:07:00,3,20.7,1.0,7.1,58.0,0.1,62.0,0.0,4,0
2022-08-23 14:11:00,2,20.7,1.0,7.1,58.0,0.1,62.0,0.0,4,0
2022-08-23 14:17:00,0,20.7,1.0,7.1,58.0,0.1,62.0,0.0,4,2
2022-08-23 14:22:00,0,20.7,1.0,7.1,58.0,0.1,62.0,0.0,3,2
2022-08-23 14:27:00,0,20.7,1.0,7.1,58.0,0.1,62.0,0.0,3,2
2022-08-23 14:32:00,0,20.5,1.0,7.2,45.0,0.0,60.0,0.0,3,2
2022-08-23 14:37:00,0,20.5,1.0,7.2,45.0,0.0,60.0,0.0,4,3
2022-08-23 14:42:00,0,20.5,1.0,7.2,45.0,0.0,60.0,0.0,4,3
2022-08-23 14:47:00,0,20.5,1.0,7.2,45.0,0.0,60.0,0.0,4,5
2022-08-23 14:57:00,0,20.5,1.0,7.2,45.0,0.0,60.0,0.0,4,4
2022-08-23 15:02:00,0,20.5,1.0,7.2,45.0,0.0,60.0,0.0,4,4
2022-08-23 15:07:00,0,20.5,1.0,7.2,45.0,0.0,60.0,0.0,4,4
2022-08-23 15:12:00,0,20.5,1.0,7.2,45.0,0.0,60.0,0.0,4,4
2022-08-23 15:17:00,2,20.5,1.0,7.2,45.0,0.0,60.0,0.0,4,4
2022-08-23 15:21:00,2,20.5,1.0,7.2,45.0,0.0,60.0,0.0,4,3
2022-08-23 15:27:00,2,20.5,1.0,7.2,45.0,0.0,60.0,0.0,4,3
2022-08-23 15:31:00,2,19.8,1.0,7.1,46.0,0.0,64.0,0.0,3,3
2022-08-23 15:37:00,3,19.8,1.0,7.1,46.0,0.0,64.0,0.0,4,4
2022-08-23 15:47:00,5,19.8,1.0,7.1,46.0,0.0,64.0,0.0,4,4
2022-08-23 15:51:00,4,19.8,1.0,7.1,46.0,0.0,64.0,0.0,4,4
2022-08-23 15:57:00,4,19.8,1.0,7.1,46.0,0.0,64.0,0.0,4,4
2022-08-23 16:01:00,4,19.8,1.0,7.1,46.0,0.0,64.0,0.0,3,4
2022-08-23 16:17:00,4,19.8,1.0,7.1,46.0,0.0,64.0,0.0,3,4
2022-08-23 16:22:00,3,19.8,1.0,7.1,46.0,0.0,64.0,0.0,3,4
2022-08-23 16:27:00,3,19.8,1.0,7.1,46.0,0.0,64.0,0.0,3,4
2022-08-23 16:31:00,3,19.3,1.0,7.0,46.0,0.0,69.0,0.0,3,3
2022-08-23 16:37:00,4,19.3,1.0,7.0,46.0,0.0,69.0,0.0,3,4
2022-08-23 16:47:00,4,19.3,1.0,7.0,46.0,0.0,69.0,0.0,2,4
2022-08-23 16:51:00,4,19.3,1.0,7.0,46.0,0.0,69.0,0.0,2,4
2022-08-23 16:57:00,4,19.3,1.0,7.0,46.0,0.0,69.0,0.0,3,4
2022-08-23 17:01:00,4,19.3,1.0,7.0,46.0,0.0,69.0,0.0,3,3
2022-08-23 17:07:00,4,19.3,1.0,7.0,46.0,0.0,69.0,0.0,5,3
2022-08-23 17:11:00,4,19.3,1.0,7.0,46.0,0.0,69.0,0.0,5,3
2022-08-23 17:17:00,4,19.3,1.0,7.0,46.0,0.0,69.0,0.0,5,3
2022-08-23 17:21:00,4,19.3,1.0,7.0,46.0,0.0,69.0,0.0,5,3
2022-08-23 17:27:00,4,19.3,1.0,7.0,46.0,0.0,69.0,0.0,5,3
2022-08-23 17:31:00,3,18.8,1.0,6.8,46.0,0.0,74.0,0.0,5,3
2022-08-23 17:37:00,4,18.8,1.0,6.8,46.0,0.0,74.0,0.0,5,3
2022-08-23 17:41:00,4,18.8,1.0,6.8,46.0,0.0,74.0,0.0,5,2
2022-08-23 17:47:00,4,18.8,1.0,6.8,46.0,0.0,74.0,0.0,5,2
2022-08-23 17:51:00,4,18.8,1.0,6.8,46.0,0.0,74.0,0.0,5,2
2022-08-23 17:57:00,4,18.8,1.0,6.8,46.0,0.0,74.0,0.0,5,3
2022-08-23 18:01:00,3,18.8,1.0,6.8,46.0,0.0,74.0,0.0,5,3
2022-08-23 18:07:00,3,18.8,1.0,6.8,46.0,0.0,74.0,0.0,5,5
2022-08-23 18:11:00,3,18.8,1.0,6.8,46.0,0.0,74.0,0.0,5,5
2022-08-23 18:17:00,3,18.8,1.0,6.8,46.0,0.0,74.0,0.0,5,5
2022-08-23 18:21:00,3,18.8,1.0,6.8,46.0,0.0,74.0,0.0,5,5
2022-08-23 18:27:00,3,18.8,1.0,6.8,46.0,0.0,74.0,0.0,4,5
2022-08-23 18:31:00,3,17.7,1.0,5.9,42.0,0.0,79.0,0.0,4,5
2022-08-23 18:37:00,3,17.7,1.0,5.9,42.0,0.0,79.0,0.0,4,5
2022-08-23 18:42:00,2,17.7,1.0,5.9,42.0,0.0,79.0,0.0,4,5
2022-08-23 18:47:00,2,17.7,1.0,5.9,42.0,0.0,79.0,0.0,4,5
2022-08-23 18:51:00,2,17.7,1.0,5.9,42.0,0.0,79.0,0.0,4,5
2022-08-23 18:57:00,3,17.7,1.0,5.9,42.0,0.0,79.0,0.0,5,5
2022-08-23 19:01:00,3,17.7,1.0,5.9,42.0,0.0,79.0,0.0,5,5
2022-08-23 19:07:00,5,17.7,1.0,5.9,42.0,0.0,79.0,0.0,5,5
2022-08-23 19:11:00,5,17.7,1.0,5.9,42.0,0.0,79.0,0.0,5,5
2022-08-23 19:17:00,5,17.7,1.0,5.9,42.0,0.0,79.0,0.0,5,5
2022-08-23 19:21:00,5,17.7,1.0,5.9,42.0,0.0,79.0,0.0,5,5
2022-08-23 19:27:00,5,17.7,1.0,5.9,42.0,0.0,79.0,0.0,5,4
2022-08-23 19:31:00,5,16.5,0.0,4.9,39.0,0.0,85.0,0.0,6,4
2022-08-23 19:37:00,5,16.5,0.0,4.9,39.0,0.0,85.0,0.0,6,4
2022-08-23 19:41:00,5,16.5,0.0,4.9,39.0,0.0,85.0,0.0,7,4
2022-08-23 19:47:00,5,16.5,0.0,4.9,39.0,0.0,85.0,0.0,7,4
2022-08-23 19:51:00,5,16.5,0.0,4.9,39.0,0.0,85.0,0.0,7,4
2022-08-23 19:57:00,5,16.5,0.0,4.9,39.0,0.0,85.0,0.0,7,5
2022-08-23 20:01:00,5,16.5,0.0,4.9,39.0,0.0,85.0,0.0,7,5
2022-08-23 20:07:00,5,16.5,0.0,4.9,39.0,0.0,85.0,0.0,7,5
2022-08-23 20:11:00,5,16.5,0.0,4.9,39.0,0.0,85.0,0.0,7,5
2022-08-23 20:17:00,5,16.5,0.0,4.9,39.0,0.0,85.0,0.0,7,5
2022-08-23 20:21:00,5,16.5,0.0,4.9,39.0,0.0,85.0,0.0,7,5
2022-08-23 20:27:00,4,16.5,0.0,4.9,39.0,0.0,85.0,0.0,7,5
2022-08-23 20:31:00,4,15.6,0.0,4.0,35.0,0.0,91.0,0.0,7,6
2022-08-23 20:37:00,4,15.6,0.0,4.0,35.0,0.0,91.0,0.0,7,6
2022-08-23 20:41:00,4,15.6,0.0,4.0,35.0,0.0,91.0,0.0,7,7
2022-08-23 20:47:00,4,15.6,0.0,4.0,35.0,0.0,91.0,0.0,7,7
2022-08-23 20:51:00,4,15.6,0.0,4.0,35.0,0.0,91.0,0.0,8,7
2022-08-23 20:57:00,5,15.6,0.0,4.0,35.0,0.0,91.0,0.0,8,7
2022-08-23 21:01:00,5,15.6,0.0,4.0,35.0,0.0,91.0,0.0,8,7
2022-08-23 21:07:00,5,15.6,0.0,4.0,35.0,0.0,91.0,0.0,8,7
2022-08-23 21:12:00,5,15.6,0.0,4.0,35.0,0.0,91.0,0.0,8,7
2022-08-23 21:17:00,5,15.6,0.0,4.0,35.0,0.0,91.0,0.0,8,7
2022-08-23 21:21:00,5,15.6,0.0,4.0,35.0,0.0,91.0,0.0,8,7
2022-08-23 21:27:00,5,15.6,0.0,4.0,35.0,0.0,91.0,0.0,9,7
2022-08-23 21:31:00,6,15.1,0.0,3.0,56.0,0.0,93.0,0.0,9,7
2022-08-23 21:37:00,6,15.1,0.0,3.0,56.0,0.0,93.0,0.0,9,7
2022-08-23 21:42:00,7,15.1,0.0,3.0,56.0,0.0,93.0,0.0,9,7
2022-08-23 21:47:00,7,15.1,0.0,3.0,56.0,0.0,93.0,0.0,9,7
2022-08-23 21:51:00,7,15.1,0.0,3.0,56.0,0.0,93.0,0.0,9,8
2022-08-23 21:57:00,7,15.1,0.0,3.0,56.0,0.0,93.0,0.0,9,8
2022-08-23 22:01:00,7,15.1,0.0,3.0,56.0,0.0,93.0,0.0,9,8
2022-08-23 22:07:00,7,15.1,0.0,3.0,56.0,0.0,93.0,0.0,9,8
2022-08-23 22:11:00,7,15.1,0.0,3.0,56.0,0.0,93.0,0.0,9,8
2022-08-23 22:17:00,7,15.1,0.0,3.0,56.0,0.0,93.0,0.0,9,8
2022-08-23 22:21:00,7,15.1,0.0,3.0,56.0,0.0,93.0,0.0,9,8
2022-08-23 22:27:00,7,15.1,0.0,3.0,56.0,0.0,93.0,0.0,10,9
2022-08-23 22:31:00,7,14.8,0.0,2.0,78.0,0.0,95.0,0.0,10,9
2022-08-23 22:38:00,7,14.8,0.0,2.0,78.0,0.0,95.0,0.0,10,9
2022-08-23 22:44:00,7,14.8,0.0,2.0,78.0,0.0,95.0,0.0,10,9
2022-08-23 22:50:00,8,14.8,0.0,2.0,78.0,0.0,95.0,0.0,10,9
2022-08-23 22:54:00,8,14.8,0.0,2.0,78.0,0.0,95.0,0.0,9,9
2022-08-23 22:57:00,8,14.8,0.0,2.0,78.0,0.0,95.0,0.0,9,9
2022-08-23 23:00:00,8,14.8,0.0,2.0,78.0,0.0,95.0,0.0,9,9
2022-08-23 23:04:00,8,14.8,0.0,2.0,78.0,0.0,95.0,0.0,9,9
2022-08-23 23:08:00,8,14.8,0.0,2.0,78.0,0.0,95.0,0.0,9,9
2022-08-23 23:14:00,8,14.8,0.0,2.0,78.0,0.0,95.0,0.0,9,9
2022-08-23 23:18:00,8,14.8,0.0,2.0,78.0,0.0,95.0,0.0,9,9
2022-08-23 23:24:00,8,14.8,0.0,2.0,78.0,0.0,95.0,0.0,9,10
2022-08-23 23:28:00,9,14.8,0.0,2.0,78.0,0.0,95.0,0.0,9,10
2022-08-23 23:34:00,9,14.8,0.0,2.0,78.0,0.0,95.0,0.0,9,10
2022-08-23 23:38:00,9,14.8,0.0,2.0,78.0,0.0,95.0,0.0,9,10
2022-08-23 23:44:00,9,14.8,0.0,2.0,78.0,0.0,95.0,0.0,9,10
2022-08-23 23:48:00,9,14.8,0.0,2.0,78.0,0.0,95.0,0.0,9,10
2022-08-23 23:54:00,9,14.8,0.0,2.0,78.0,0.0,95.0,0.0,9,9
2022-08-23 23:58:00,9,14.8,0.0,2.0,78.0,0.0,95.0,0.0,9,9
2022-08-24 00:04:00,9,14.7,0.0,1.1,100.0,0.0,97.0,0.0,9,9
2022-08-24 00:08:00,9,14.7,0.0,1.1,100.0,0.0,97.0,0.0,9,9
2022-08-24 00:14:00,9,14.7,0.0,1.1,100.0,0.0,97.0,0.0,9,9
2022-08-24 00:18:00,9,14.7,0.0,1.1,100.0,0.0,97.0,0.0,9,9
2022-08-24 00:24:00,10,14.7,0.0,1.1,100.0,0.0,97.0,0.0,9,9
2022-08-24 00:28:00,10,14.7,0.0,1.1,100.0,0.0,97.0,0.0,9,9
2022-08-24 00:35:00,10,14.5,0.0,1.4,100.0,0.0,98.0,0.0,9,9
2022-08-24 00:38:00,10,14.5,0.0,1.4,100.0,0.0,98.0,0.0,9,9
2022-08-24 00:45:00,10,14.5,0.0,1.4,100.0,0.0,98.0,0.0,9,9
2022-08-24 00:48:00,10,14.5,0.0,1.4,100.0,0.0,98.0,0.0,9,9
2022-08-24 00:54:00,9,14.5,0.0,1.4,100.0,0.0,98.0,0.0,9,9
2022-08-24 00:58:00,9,14.5,0.0,1.4,100.0,0.0,98.0,0.0,9,9
2022-08-24 01:04:00,9,14.5,0.0,1.4,100.0,0.0,98.0,0.0,9,9
2022-08-24 01:08:00,9,14.5,0.0,1.4,100.0,0.0,98.0,0.0,9,9
2022-08-24 01:14:00,9,14.5,0.0,1.4,100.0,0.0,98.0,0.0,9,9
2022-08-24 01:18:00,9,14.5,0.0,1.4,100.0,0.0,98.0,0.0,9,9
2022-08-24 01:24:00,9,14.5,0.0,1.4,100.0,0.0,98.0,0.0,9,9
2022-08-24 01:28:00,9,14.5,0.0,1.4,100.0,0.0,98.0,0.0,9,9
2022-08-24 01:34:00,9,14.3,0.0,1.8,100.0,0.0,98.0,0.0,9,9
2022-08-24 01:38:00,9,14.3,0.0,1.8,100.0,0.0,98.0,0.0,9,9
2022-08-24 01:44:00,9,14.3,0.0,1.8,100.0,0.0,98.0,0.0,9,9
2022-08-24 01:48:00,9,14.3,0.0,1.8,100.0,0.0,98.0,0.0,9,9
2022-08-24 01:54:00,9,14.3,0.0,1.8,100.0,0.0,98.0,0.0,9,9
2022-08-24 01:58:00,9,14.3,0.0,1.8,100.0,0.0,98.0,0.0,9,9
2022-08-24 02:04:00,9,14.3,0.0,1.8,100.0,0.0,98.0,0.0,9,9
2022-08-24 02:08:00,9,14.3,0.0,1.8,100.0,0.0,98.0,0.0,9,9
2022-08-24 02:14:00,9,14.3,0.0,1.8,100.0,0.0,98.0,0.0,9,9
2022-08-24 02:18:00,9,14.3,0.0,1.8,100.0,0.0,98.0,0.0,9,9
2022-08-24 02:24:00,9,14.3,0.0,1.8,100.0,0.0,98.0,0.0,9,9
2022-08-24 02:28:00,9,14.3,0.0,1.8,100.0,0.0,98.0,0.0,9,9
2022-08-24 02:34:00,9,14.3,0.0,2.2,100.0,0.0,98.0,0.0,9,9
2022-08-24 02:39:00,9,14.3,0.0,2.2,100.0,0.0,98.0,0.0,9,9
2022-08-24 02:44:00,9,14.3,0.0,2.2,100.0,0.0,98.0,0.0,9,9
2022-08-24 02:48:00,9,14.3,0.0,2.2,100.0,0.0,98.0,0.0,9,9
2022-08-24 02:54:00,9,14.3,0.0,2.2,100.0,0.0,98.0,0.0,9,9
2022-08-24 02:58:00,9,14.3,0.0,2.2,100.0,0.0,98.0,0.0,9,9
2022-08-24 03:04:00,9,14.3,0.0,2.2,100.0,0.0,98.0,0.0,9,9
2022-08-24 03:08:00,9,14.3,0.0,2.2,100.0,0.0,98.0,0.0,9,9
2022-08-24 03:14:00,9,14.3,0.0,2.2,100.0,0.0,98.0,0.0,9,9
2022-08-24 03:18:00,9,14.3,0.0,2.2,100.0,0.0,98.0,0.0,9,9
2022-08-24 03:24:00,9,14.3,0.0,2.2,100.0,0.0,98.0,0.0,9,9
2022-08-24 03:28:00,9,14.3,0.0,2.2,100.0,0.0,98.0,0.0,9,9
2022-08-24 03:34:00,9,14.6,0.0,1.8,100.0,0.0,98.0,0.0,9,9
2022-08-24 03:38:00,9,14.6,0.0,1.8,100.0,0.0,98.0,0.0,9,9
2022-08-24 03:44:00,9,14.6,0.0,1.8,100.0,0.0,98.0,0.0,9,9
2022-08-24 03:48:00,9,14.6,0.0,1.8,100.0,0.0,98.0,0.0,9,9
2022-08-24 03:54:00,9,14.6,0.0,1.8,100.0,0.0,98.0,0.0,9,9
2022-08-24 03:58:00,9,14.6,0.0,1.8,100.0,0.0,98.0,0.0,9,9
2022-08-24 04:04:00,9,14.6,0.0,1.8,100.0,0.0,98.0,0.0,9,9
2022-08-24 04:08:00,9,14.6,0.0,1.8,100.0,0.0,98.0,0.0,9,9
2022-08-24 04:14:00,9,14.6,0.0,1.8,100.0,0.0,98.0,0.0,9,9
2022-08-24 04:18:00,9,14.6,0.0,1.8,100.0,0.0,98.0,0.0,9,9
2022-08-24 04:25:00,9,14.6,0.0,1.8,100.0,0.0,98.0,0.0,9,9
2022-08-24 04:28:00,9,14.6,0.0,1.8,100.0,0.0,98.0,0.0,9,9
2022-08-24 04:35:00,9,14.6,0.0,1.4,100.0,0.0,98.0,0.0,9,9
2022-08-24 04:38:00,9,14.6,0.0,1.4,100.0,0.0,98.0,0.0,9,9
2022-08-24 04:44:00,9,14.6,0.0,1.4,100.0,0.0,98.0,0.0,9,9
2022-08-24 04:48:00,9,14.6,0.0,1.4,100.0,0.0,98.0,0.0,9,9
2022-08-24 04:54:00,9,14.6,0.0,1.4,100.0,0.0,98.0,0.0,8,9
2022-08-24 04:58:00,9,14.6,0.0,1.4,100.0,0.0,98.0,0.0,8,9
2022-08-24 05:05:00,9,14.6,0.0,1.4,100.0,0.0,98.0,0.0,8,9
2022-08-24 05:08:00,9,14.6,0.0,1.4,100.0,0.0,98.0,0.0,8,9
2022-08-24 05:14:00,9,14.6,0.0,1.4,100.0,0.0,98.0,0.0,8,9
2022-08-24 05:18:00,9,14.6,0.0,1.4,100.0,0.0,98.0,0.0,8,9
2022-08-24 05:25:00,9,14.6,0.0,1.4,100.0,0.0,98.0,0.0,8,9
2022-08-24 05:28:00,9,14.6,0.0,1.4,100.0,0.0,98.0,0.0,8,9
2022-08-24 05:35:00,9,14.8,0.0,1.1,100.0,0.0,98.0,0.0,6,9
2022-08-24 05:38:00,9,14.8,0.0,1.1,100.0,0.0,98.0,0.0,6,9
2022-08-24 05:44:00,9,14.8,0.0,1.1,100.0,0.0,98.0,0.0,6,9
2022-08-24 05:48:00,9,14.8,0.0,1.1,100.0,0.0,98.0,0.0,6,9
2022-08-24 05:58:00,9,14.8,0.0,1.1,100.0,0.0,98.0,0.0,5,8
2022-08-24 06:05:00,9,14.8,0.0,1.1,100.0,0.0,98.0,0.0,5,8
2022-08-24 06:14:00,9,14.8,0.0,1.1,100.0,0.0,98.0,0.0,5,8
2022-08-24 06:18:00,9,14.8,0.0,1.1,100.0,0.0,98.0,0.0,5,8
2022-08-24 06:25:00,9,14.8,0.0,1.1,100.0,0.0,98.0,0.0,6,8
2022-08-24 06:29:00,9,14.8,0.0,1.1,100.0,0.0,98.0,0.0,6,8
2022-08-24 06:35:00,9,15.7,1.0,2.2,75.0,0.0,88.0,0.0,5,6
2022-08-24 06:39:00,9,15.7,1.0,2.2,75.0,0.0,88.0,0.0,5,6
2022-08-24 06:45:00,9,15.7,1.0,2.2,75.0,0.0,88.0,0.0,5,6
2022-08-24 06:48:00,9,15.7,1.0,2.2,75.0,0.0,88.0,0.0,5,6
2022-08-24 06:55:00,8,15.7,1.0,2.2,75.0,0.0,88.0,0.0,5,6
2022-08-24 06:58:00,8,15.7,1.0,2.2,75.0,0.0,88.0,0.0,5,5
2022-08-24 07:05:00,8,15.7,1.0,2.2,75.0,0.0,88.0,0.0,5,5
2022-08-24 07:09:00,8,15.7,1.0,2.2,75.0,0.0,88.0,0.0,5,5
2022-08-24 07:15:00,8,15.7,1.0,2.2,75.0,0.0,88.0,0.0,5,5
2022-08-24 07:18:00,8,15.7,1.0,2.2,75.0,0.0,88.0,0.0,5,5
2022-08-24 07:25:00,8,15.7,1.0,2.2,75.0,0.0,88.0,0.0,5,6
2022-08-24 07:28:00,8,15.7,1.0,2.2,75.0,0.0,88.0,0.0,5,6
2022-08-24 07:35:00,6,18.2,1.0,3.2,50.0,0.1,79.0,0.0,5,5
2022-08-24 07:39:00,6,18.2,1.0,3.2,50.0,0.1,79.0,0.0,5,5
2022-08-24 07:45:00,6,18.2,1.0,3.2,50.0,0.1,79.0,0.0,5,5
2022-08-24 07:49:00,6,18.2,1.0,3.2,50.0,0.1,79.0,0.0,5,5
2022-08-24 07:55:00,6,18.2,1.0,3.2,50.0,0.1,79.0,0.0,5,5
2022-08-24 07:59:00,5,18.2,1.0,3.2,50.0,0.1,79.0,0.0,5,5
2022-08-24 08:05:00,5,18.2,1.0,3.2,50.0,0.1,79.0,0.0,5,5
2022-08-24 08:08:00,5,18.2,1.0,3.2,50.0,0.1,79.0,0.0,5,5
2022-08-24 08:15:00,5,18.2,1.0,3.2,50.0,0.1,79.0,0.0,5,5
2022-08-24 08:19:00,5,18.2,1.0,3.2,50.0,0.1,79.0,0.0,5,5
2022-08-24 08:25:00,6,18.2,1.0,3.2,50.0,0.1,79.0,0.0,5,5
2022-08-24 08:29:00,6,18.2,1.0,3.2,50.0,0.1,79.0,0.0,5,5
2022-08-24 08:35:00,5,20.6,1.0,4.3,82.0,0.1,69.0,0.0,5,5
2022-08-24 08:38:00,5,20.6,1.0,4.3,82.0,0.1,69.0,0.0,5,5
2022-08-24 08:45:00,5,20.6,1.0,4.3,82.0,0.1,69.0,0.0,5,5
2022-08-24 08:49:00,5,20.6,1.0,4.3,82.0,0.1,69.0,0.0,5,5
2022-08-24 08:54:00,5,20.6,1.0,4.3,82.0,0.1,69.0,0.0,5,5
2022-08-24 08:59:00,5,20.6,1.0,4.3,82.0,0.1,69.0,0.0,5,5
2022-08-24 09:05:00,5,20.6,1.0,4.3,82.0,0.1,69.0,0.0,5,5
2022-08-24 09:09:00,5,20.6,1.0,4.3,82.0,0.1,69.0,0.0,5,5
2022-08-24 09:15:00,5,20.6,1.0,4.3,82.0,0.1,69.0,0.0,5,5
2022-08-24 09:19:00,5,20.6,1.0,4.3,82.0,0.1,69.0,0.0,5,5
2022-08-24 09:25:00,5,20.6,1.0,4.3,82.0,0.1,69.0,0.0,5,5
2022-08-24 09:29:00,5,20.6,1.0,4.3,82.0,0.1,69.0,0.0,5,5
2022-08-24 09:39:00,5,22.4,1.0,7.0,32.0,0.0,62.0,0.0,5,5
2022-08-24 09:45:00,5,22.4,1.0,7.0,32.0,0.0,62.0,0.0,5,5
2022-08-24 09:49:00,5,22.4,1.0,7.0,32.0,0.0,62.0,0.0,5,5
2022-08-24 09:55:00,5,22.4,1.0,7.0,32.0,0.0,62.0,0.0,5,5
2022-08-24 09:59:00,5,22.4,1.0,7.0,32.0,0.0,62.0,0.0,5,5
2022-08-24 10:05:00,5,22.4,1.0,7.0,32.0,0.0,62.0,0.0,5,5
2022-08-24 10:09:00,5,22.4,1.0,7.0,32.0,0.0,62.0,0.0,5,5
2022-08-24 10:15:00,5,22.4,1.0,7.0,32.0,0.0,62.0,0.0,5,5
2022-08-24 10:19:00,5,22.4,1.0,7.0,32.0,0.0,62.0,0.0,5,5
2022-08-24 10:25:00,5,22.4,1.0,7.0,32.0,0.0,62.0,0.0,5,5
2022-08-24 10:29:00,5,22.4,1.0,7.0,32.0,0.0,62.0,0.0,5,5
2022-08-24 10:35:00,5,24.2,1.0,9.6,38.0,0.0,56.0,0.0,5,5
2022-08-24 10:39:00,5,24.2,1.0,9.6,38.0,0.0,56.0,0.0,6,5
2022-08-24 10:45:00,5,24.2,1.0,9.6,38.0,0.0,56.0,0.0,6,5
2022-08-24 10:49:00,5,24.2,1.0,9.6,38.0,0.0,56.0,0.0,6,5
2022-08-24 10:55:00,5,24.2,1.0,9.6,38.0,0.0,56.0,0.0,6,5
2022-08-24 10:59:00,5,24.2,1.0,9.6,38.0,0.0,56.0,0.0,6,5
2022-08-24 11:05:00,5,24.2,1.0,9.6,38.0,0.0,56.0,0.0,6,5
2022-08-24 11:09:00,5,24.2,1.0,9.6,38.0,0.0,56.0,0.0,6,5
2022-08-24 11:15:00,5,24.2,1.0,9.6,38.0,0.0,56.0,0.0,6,5
2022-08-24 11:19:00,5,24.2,1.0,9.6,38.0,0.0,56.0,0.0,6,5
2022-08-24 11:25:00,5,24.2,1.0,9.6,38.0,0.0,56.0,0.0,6,5
2022-08-24 11:29:00,5,24.2,1.0,9.6,38.0,0.0,56.0,0.0,6,5
2022-08-24 11:35:00,5,26.0,1.0,12.2,45.0,0.0,50.0,0.0,6,5
2022-08-24 11:39:00,5,26.0,1.0,12.2,45.0,0.0,50.0,0.0,6,6
2022-08-24 11:45:00,5,26.0,1.0,12.2,45.0,0.0,50.0,0.0,8,6
2022-08-24 11:49:00,5,26.0,1.0,12.2,45.0,0.0,50.0,0.0,8,6
2022-08-24 11:55:00,5,26.0,1.0,12.2,45.0,0.0,50.0,0.0,8,6
2022-08-24 11:59:00,5,26.0,1.0,12.2,45.0,0.0,50.0,0.0,8,6
2022-08-24 12:05:00,5,26.0,1.0,12.2,45.0,0.0,50.0,0.0,8,6
2022-08-24 12:09:00,5,26.0,1.0,12.2,45.0,0.0,50.0,0.0,8,6
2022-08-24 12:15:00,5,26.0,1.0,12.2,45.0,0.0,50.0,0.0,8,6
2022-08-24 12:25:00,5,26.0,1.0,12.2,45.0,0.0,50.0,0.0,8,6
2022-08-24 12:29:00,5,26.0,1.0,12.2,45.0,0.0,50.0,0.0,8,6
2022-08-24 12:35:00,5,25.7,1.0,13.4,38.0,0.0,49.0,0.0,8,6
2022-08-24 12:39:00,6,25.7,1.0,13.4,38.0,0.0,49.0,0.0,8,6
2022-08-24 12:45:00,6,25.7,1.0,13.4,38.0,0.0,49.0,0.0,8,8
2022-08-24 12:49:00,6,25.7,1.0,13.4,38.0,0.0,49.0,0.0,8,8
2022-08-24 12:55:00,6,25.7,1.0,13.4,38.0,0.0,49.0,0.0,8,8
2022-08-24 12:59:00,6,25.7,1.0,13.4,38.0,0.0,49.0,0.0,8,8
2022-08-24 13:05:00,6,25.7,1.0,13.4,38.0,0.0,49.0,0.0,8,8
2022-08-24 13:15:00,6,25.7,1.0,13.4,38.0,0.0,49.0,0.0,8,8
2022-08-24 13:19:00,6,25.7,1.0,13.4,38.0,0.0,49.0,0.0,8,8
2022-08-24 13:25:00,6,25.7,1.0,13.4,38.0,0.0,49.0,0.0,8,8
2022-08-24 13:29:00,6,25.7,1.0,13.4,38.0,0.0,49.0,0.0,8,8
2022-08-24 13:35:00,6,25.5,1.0,14.6,32.0,0.0,49.0,0.0,8,8
2022-08-24 13:39:00,6,25.5,1.0,14.6,32.0,0.0,49.0,0.0,8,8
2022-08-24 13:45:00,8,25.5,1.0,14.6,32.0,0.0,49.0,0.0,8,8
2022-08-24 13:49:00,8,25.5,1.0,14.6,32.0,0.0,49.0,0.0,8,8
2022-08-24 13:55:00,8,25.5,1.0,14.6,32.0,0.0,49.0,0.0,8,8
2022-08-24 13:59:00,8,25.5,1.0,14.6,32.0,0.0,49.0,0.0,8,8
2022-08-24 14:05:00,8,25.5,1.0,14.6,32.0,0.0,49.0,0.0,8,8
2022-08-27 12:03:00,5,28.9,1.0,3.2,15.0,0.0,46.0,0.0,6,5
2022-08-27 12:09:00,5,28.9,1.0,3.2,15.0,0.0,46.0,0.0,6,6
2022-08-27 12:13:00,5,28.9,1.0,3.2,15.0,0.0,46.0,0.0,6,6
2022-08-27 12:18:00,5,28.9,1.0,3.2,15.0,0.0,46.0,0.0,6,6
2022-08-27 12:23:00,6,28.9,1.0,3.2,15.0,0.0,46.0,0.0,6,6
2022-08-27 12:29:00,6,28.9,1.0,3.2,15.0,0.0,46.0,0.0,6,6
2022-08-27 12:33:00,7,29.0,1.0,4.0,21.0,0.0,45.0,0.0,6,6
2022-08-27 12:39:00,6,29.0,1.0,4.0,21.0,0.0,45.0,0.0,6,6
2022-08-27 12:43:00,6,29.0,1.0,4.0,21.0,0.0,45.0,0.0,6,6
2022-08-27 12:49:00,5,29.0,1.0,4.0,21.0,0.0,45.0,0.0,6,6
2022-08-27 12:53:00,5,29.0,1.0,4.0,21.0,0.0,45.0,0.0,6,6
2022-08-27 12:59:00,5,29.0,1.0,4.0,21.0,0.0,45.0,0.0,6,6
2022-08-27 13:03:00,5,29.0,1.0,4.0,21.0,0.0,45.0,0.0,6,6
2022-08-27 13:09:00,6,29.0,1.0,4.0,21.0,0.0,45.0,0.0,6,6
2022-08-27 13:13:00,6,29.0,1.0,4.0,21.0,0.0,45.0,0.0,6,6
2022-08-27 13:19:00,6,29.0,1.0,4.0,21.0,0.0,45.0,0.0,7,6
2022-08-27 13:23:00,6,29.0,1.0,4.0,21.0,0.0,45.0,0.0,7,6
2022-08-27 13:29:00,6,29.0,1.0,4.0,21.0,0.0,45.0,0.0,7,6
2022-08-27 13:33:00,6,29.8,1.0,4.7,26.0,0.0,44.0,0.0,7,6
2022-08-27 13:39:00,6,29.8,1.0,4.7,26.0,0.0,44.0,0.0,6,6
2022-08-27 13:43:00,6,29.8,1.0,4.7,26.0,0.0,44.0,0.0,6,6
2022-08-27 13:53:00,6,29.8,1.0,4.7,26.0,0.0,44.0,0.0,6,6
2022-08-27 13:58:00,6,29.8,1.0,4.7,26.0,0.0,44.0,0.0,7,6
2022-08-27 14:03:00,6,29.8,1.0,4.7,26.0,0.0,44.0,0.0,7,6
2022-08-27 14:09:00,6,29.8,1.0,4.7,26.0,0.0,44.0,0.0,7,6
2022-08-27 14:13:00,6,29.8,1.0,4.7,26.0,0.0,44.0,0.0,7,6
2022-08-27 14:19:00,6,29.8,1.0,4.7,26.0,0.0,44.0,0.0,7,7
2022-08-27 14:23:00,6,29.8,1.0,4.7,26.0,0.0,44.0,0.0,7,7
2022-08-27 14:29:00,6,29.8,1.0,4.7,26.0,0.0,44.0,0.0,7,7
2022-08-27 14:33:00,6,28.3,1.0,5.4,31.0,0.0,43.0,0.0,7,7
2022-08-27 14:39:00,6,28.3,1.0,5.4,31.0,0.0,43.0,0.0,7,6
2022-08-27 14:43:00,6,28.3,1.0,5.4,31.0,0.0,43.0,0.0,7,6
2022-08-27 14:49:00,6,28.3,1.0,5.4,31.0,0.0,43.0,0.0,7,6
2022-08-27 14:53:00,6,28.3,1.0,5.4,31.0,0.0,43.0,0.0,7,6
2022-08-27 14:59:00,6,28.3,1.0,5.4,31.0,0.0,43.0,0.0,7,7
2022-08-27 15:03:00,6,28.3,1.0,5.4,31.0,0.0,43.0,0.0,7,7
2022-08-27 15:09:00,6,28.3,1.0,5.4,31.0,0.0,43.0,0.0,7,7
2022-08-27 15:13:00,6,28.3,1.0,5.4,31.0,0.0,43.0,0.0,7,7
2022-08-27 15:19:00,7,28.3,1.0,5.4,31.0,0.0,43.0,0.0,7,7
2022-08-27 15:23:00,7,28.3,1.0,5.4,31.0,0.0,43.0,0.0,7,7
2022-08-27 15:29:00,7,28.3,1.0,5.4,31.0,0.0,43.0,0.0,7,7
2022-08-27 15:33:00,7,25.3,1.0,6.2,78.0,2.2,61.0,0.0,7,7
2022-08-27 15:39:00,6,25.3,1.0,6.2,78.0,2.2,61.0,0.0,7,7
2022-08-27 15:43:00,6,25.3,1.0,6.2,78.0,2.2,61.0,0.0,7,7
2022-08-27 15:49:00,6,25.3,1.0,6.2,78.0,2.2,61.0,0.0,7,7
2022-08-27 15:53:00,6,25.3,1.0,6.2,78.0,2.2,61.0,0.0,7,7
2022-08-27 15:59:00,7,25.3,1.0,6.2,78.0,2.2,61.0,0.0,7,7
2022-08-27 16:03:00,7,25.3,1.0,6.2,78.0,2.2,61.0,0.0,7,7
2022-08-27 16:09:00,7,25.3,1.0,6.2,78.0,2.2,61.0,0.0,7,7
2022-08-27 16:13:00,7,25.3,1.0,6.2,78.0,2.2,61.0,0.0,7,7
2022-08-27 16:19:00,7,25.3,1.0,6.2,78.0,2.2,61.0,0.0,7,7
2022-08-27 16:23:00,7,25.3,1.0,6.2,78.0,2.2,61.0,0.0,7,7
2022-08-27 16:29:00,7,25.3,1.0,6.2,78.0,2.2,61.0,0.0,7,7
2022-08-27 16:33:00,7,22.4,1.0,7.1,49.0,0.0,80.0,0.0,7,7
2022-08-27 16:39:00,7,22.4,1.0,7.1,49.0,0.0,80.0,0.0,8,7
2022-08-27 16:43:00,7,22.4,1.0,7.1,49.0,0.0,80.0,0.0,8,7
2022-08-27 16:49:00,7,22.4,1.0,7.1,49.0,0.0,80.0,0.0,8,7
2022-08-27 16:53:00,7,22.4,1.0,7.1,49.0,0.0,80.0,0.0,8,7
2022-08-27 16:59:00,7,22.4,1.0,7.1,49.0,0.0,80.0,0.0,9,7
2022-08-27 17:03:00,7,22.4,1.0,7.1,49.0,0.0,80.0,0.0,9,7
2022-08-27 17:09:00,7,22.4,1.0,7.1,49.0,0.0,80.0,0.0,9,7
2022-08-27 17:13:00,7,22.4,1.0,7.1,49.0,0.0,80.0,0.0,9,7
2022-08-27 17:19:00,7,22.4,1.0,7.1,49.0,0.0,80.0,0.0,9,7
2022-08-27 17:23:00,7,22.4,1.0,7.1,49.0,0.0,80.0,0.0,9,7
2022-08-27 17:29:00,7,22.4,1.0,7.1,49.0,0.0,80.0,0.0,9,7
2022-08-27 17:33:00,7,20.3,1.0,7.9,57.0,0.0,98.0,0.0,9,7
2022-08-27 17:39:00,7,20.3,1.0,7.9,57.0,0.0,98.0,0.0,9,8
2022-08-27 17:43:00,7,20.3,1.0,7.9,57.0,0.0,98.0,0.0,9,8
2022-08-27 17:53:00,7,20.3,1.0,7.9,57.0,0.0,98.0,0.0,9,8
2022-08-27 17:59:00,7,20.3,1.0,7.9,57.0,0.0,98.0,0.0,9,9
2022-08-27 18:03:00,7,20.3,1.0,7.9,57.0,0.0,98.0,0.0,10,9
2022-08-27 18:09:00,7,20.3,1.0,7.9,57.0,0.0,98.0,0.0,9,9
2022-08-27 18:13:00,7,20.3,1.0,7.9,57.0,0.0,98.0,0.0,9,9
2022-08-27 18:19:00,7,20.3,1.0,7.9,57.0,0.0,98.0,0.0,9,9
2022-08-27 18:23:00,7,20.3,1.0,7.9,57.0,0.0,98.0,0.0,9,9
2022-08-27 18:29:00,7,20.3,1.0,7.9,57.0,0.0,98.0,0.0,9,9
2022-08-27 18:33:00,7,19.7,1.0,6.4,64.0,0.0,98.0,0.0,9,9
2022-08-27 18:43:00,8,19.7,1.0,6.4,64.0,0.0,98.0,0.0,7,9
2022-08-27 18:49:00,8,19.7,1.0,6.4,64.0,0.0,98.0,0.0,7,9
2022-08-27 18:53:00,8,19.7,1.0,6.4,64.0,0.0,98.0,0.0,7,9
2022-08-27 18:59:00,9,19.7,1.0,6.4,64.0,0.0,98.0,0.0,7,9
2022-08-27 19:03:00,9,19.7,1.0,6.4,64.0,0.0,98.0,0.0,7,10
2022-08-27 19:09:00,9,19.7,1.0,6.4,64.0,0.0,98.0,0.0,7,9
2022-08-27 19:13:00,9,19.7,1.0,6.4,64.0,0.0,98.0,0.0,7,9
2022-08-27 19:19:00,9,19.7,1.0,6.4,64.0,0.0,98.0,0.0,7,9
2022-08-27 19:23:00,9,19.7,1.0,6.4,64.0,0.0,98.0,0.0,7,9
2022-08-27 19:29:00,9,19.7,1.0,6.4,64.0,0.0,98.0,0.0,7,9
2022-08-27 19:33:00,9,18.6,0.0,4.8,72.0,0.0,97.0,0.0,7,9
2022-08-27 19:39:00,9,18.6,0.0,4.8,72.0,0.0,97.0,0.0,7,7
2022-08-27 19:43:00,9,18.6,0.0,4.8,72.0,0.0,97.0,0.0,6,7
2022-08-27 19:50:00,9,18.6,0.0,4.8,72.0,0.0,97.0,0.0,6,7
2022-08-27 19:54:00,9,18.6,0.0,4.8,72.0,0.0,97.0,0.0,6,7
2022-08-27 19:59:00,9,18.6,0.0,4.8,72.0,0.0,97.0,0.0,6,7
2022-08-27 20:03:00,10,18.6,0.0,4.8,72.0,0.0,97.0,0.0,6,7
2022-08-27 20:09:00,9,18.6,0.0,4.8,72.0,0.0,97.0,0.0,5,7
2022-08-27 20:13:00,9,18.6,0.0,4.8,72.0,0.0,97.0,0.0,5,7
2022-08-27 20:20:00,9,18.6,0.0,4.8,72.0,0.0,97.0,0.0,5,7
2022-08-27 20:23:00,9,18.6,0.0,4.8,72.0,0.0,97.0,0.0,5,7
2022-08-27 20:29:00,9,18.6,0.0,4.8,72.0,0.0,97.0,0.0,5,7
2022-08-27 20:33:00,9,18.1,0.0,3.2,79.0,0.0,96.0,0.0,5,7
2022-08-27 20:39:00,7,18.1,0.0,3.2,79.0,0.0,96.0,0.0,5,7
2022-08-27 20:43:00,7,18.1,0.0,3.2,79.0,0.0,96.0,0.0,5,6
2022-08-27 20:49:00,7,18.1,0.0,3.2,79.0,0.0,96.0,0.0,5,6
2022-08-27 20:53:00,7,18.1,0.0,3.2,79.0,0.0,96.0,0.0,5,6
2022-08-27 20:59:00,7,18.1,0.0,3.2,79.0,0.0,96.0,0.0,5,6
2022-08-27 21:03:00,7,18.1,0.0,3.2,79.0,0.0,96.0,0.0,5,6
2022-08-27 21:09:00,7,18.1,0.0,3.2,79.0,0.0,96.0,0.0,5,5
2022-08-27 21:13:00,7,18.1,0.0,3.2,79.0,0.0,96.0,0.0,5,5
2022-08-27 21:19:00,7,18.1,0.0,3.2,79.0,0.0,96.0,0.0,5,5
2022-08-27 21:23:00,7,18.1,0.0,3.2,79.0,0.0,96.0,0.0,5,5
2022-08-27 21:29:00,7,18.1,0.0,3.2,79.0,0.0,96.0,0.0,5,5
2022-08-27 21:33:00,7,17.6,0.0,2.9,79.0,0.0,96.0,0.0,5,5
2022-08-27 21:39:00,7,17.6,0.0,2.9,79.0,0.0,96.0,0.0,5,5
2022-08-27 21:43:00,6,17.6,0.0,2.9,79.0,0.0,96.0,0.0,5,5
2022-08-27 21:49:00,6,17.6,0.0,2.9,79.0,0.0,96.0,0.0,5,5
2022-08-27 21:53:00,6,17.6,0.0,2.9,79.0,0.0,96.0,0.0,5,5
2022-08-27 21:59:00,6,17.6,0.0,2.9,79.0,0.0,96.0,0.0,5,5
2022-08-27 22:03:00,6,17.6,0.0,2.9,79.0,0.0,96.0,0.0,3,5
2022-08-27 22:09:00,5,17.6,0.0,2.9,79.0,0.0,96.0,0.0,3,5
2022-08-27 22:13:00,5,17.6,0.0,2.9,79.0,0.0,96.0,0.0,3,5
2022-08-27 22:19:00,5,17.6,0.0,2.9,79.0,0.0,96.0,0.0,3,5
2022-08-27 22:23:00,5,17.6,0.0,2.9,79.0,0.0,96.0,0.0,3,5
2022-08-27 22:29:00,5,17.6,0.0,2.9,79.0,0.0,96.0,0.0,3,5
2022-08-27 22:33:00,5,17.1,0.0,2.5,79.0,1.0,95.0,0.0,3,5
2022-08-27 22:39:00,5,17.1,0.0,2.5,79.0,1.0,95.0,0.0,3,5
2022-08-27 22:49:00,5,17.1,0.0,2.5,79.0,1.0,95.0,0.0,3,5
2022-08-27 22:53:00,5,17.1,0.0,2.5,79.0,1.0,95.0,0.0,3,5
2022-08-27 22:59:00,5,17.1,0.0,2.5,79.0,1.0,95.0,0.0,3,5
2022-08-27 23:03:00,5,17.1,0.0,2.5,79.0,1.0,95.0,0.0,3,3
2022-08-27 23:09:00,5,17.1,0.0,2.5,79.0,1.0,95.0,0.0,3,3
2022-08-27 23:19:00,5,17.1,0.0,2.5,79.0,1.0,95.0,0.0,3,3
2022-08-27 23:23:00,5,17.1,0.0,2.5,79.0,1.0,95.0,0.0,3,3
2022-08-27 23:29:00,5,17.1,0.0,2.5,79.0,1.0,95.0,0.0,3,3
2022-08-27 23:33:00,5,17.1,0.0,2.5,79.0,1.0,95.0,0.0,3,3
2022-08-27 23:39:00,5,17.1,0.0,2.5,79.0,1.0,95.0,0.0,3,3
2022-08-27 23:43:00,5,17.1,0.0,2.5,79.0,1.0,95.0,0.0,3,3
2022-08-27 23:49:00,5,17.1,0.0,2.5,79.0,1.0,95.0,0.0,3,3
2022-08-27 23:53:00,5,17.1,0.0,2.5,79.0,1.0,95.0,0.0,3,3
2022-08-27 23:59:00,5,17.1,0.0,2.5,79.0,1.0,95.0,0.0,3,3
2022-08-28 00:03:00,3,16.9,0.0,2.2,79.0,1.4,95.0,0.0,3,3
2022-08-28 00:09:00,3,16.9,0.0,2.2,79.0,1.4,95.0,0.0,3,3
2022-08-28 00:13:00,3,16.9,0.0,2.2,79.0,1.4,95.0,0.0,3,3
2022-08-28 00:19:00,3,16.9,0.0,2.2,79.0,1.4,95.0,0.0,3,3
2022-08-28 00:23:00,3,16.9,0.0,2.2,79.0,1.4,95.0,0.0,3,3
2022-08-28 00:29:00,3,16.9,0.0,2.2,79.0,1.4,95.0,0.0,3,3
2022-08-28 00:33:00,3,16.6,0.0,1.8,58.0,0.5,95.0,0.0,3,3
2022-08-28 00:39:00,3,16.6,0.0,1.8,58.0,0.5,95.0,0.0,3,3
2022-08-28 00:43:00,3,16.6,0.0,1.8,58.0,0.5,95.0,0.0,3,3
2022-08-28 00:49:00,3,16.6,0.0,1.8,58.0,0.5,95.0,0.0,3,3
2022-08-28 00:53:00,3,16.6,0.0,1.8,58.0,0.5,95.0,0.0,3,3
2022-08-28 00:59:00,3,16.6,0.0,1.8,58.0,0.5,95.0,0.0,3,3
2022-08-28 01:03:00,3,16.6,0.0,1.8,58.0,0.5,95.0,0.0,3,3
2022-08-28 01:09:00,3,16.6,0.0,1.8,58.0,0.5,95.0,0.0,3,3
2022-08-28 01:20:00,3,16.6,0.0,1.8,58.0,0.5,95.0,0.0,3,3
2022-08-28 01:23:00,3,16.6,0.0,1.8,58.0,0.5,95.0,0.0,3,3
2022-08-28 01:29:00,3,16.6,0.0,1.8,58.0,0.5,95.0,0.0,3,3
2022-08-28 01:34:00,3,16.4,0.0,1.4,82.0,0.4,96.0,0.0,3,3
2022-08-28 01:39:00,3,16.4,0.0,1.4,82.0,0.4,96.0,0.0,3,3
2022-08-28 01:43:00,3,16.4,0.0,1.4,82.0,0.4,96.0,0.0,3,3
2022-08-28 01:49:00,3,16.4,0.0,1.4,82.0,0.4,96.0,0.0,3,3
2022-08-28 01:53:00,3,16.4,0.0,1.4,82.0,0.4,96.0,0.0,3,3
2022-08-28 02:00:00,3,16.4,0.0,1.4,82.0,0.4,96.0,0.0,3,3
2022-08-28 02:04:00,3,16.4,0.0,1.4,82.0,0.4,96.0,0.0,3,3
2022-08-28 02:09:00,3,16.4,0.0,1.4,82.0,0.4,96.0,0.0,3,3
2022-08-28 02:13:00,3,16.4,0.0,1.4,82.0,0.4,96.0,0.0,3,3
2022-08-28 02:20:00,3,16.4,0.0,1.4,82.0,0.4,96.0,0.0,3,3
2022-08-28 02:23:00,3,16.4,0.0,1.4,82.0,0.4,96.0,0.0,3,3
2022-08-28 02:29:00,3,16.4,0.0,1.4,82.0,0.4,96.0,0.0,3,3
2022-08-28 02:33:00,3,16.2,0.0,1.1,75.0,0.4,96.0,0.0,3,3
2022-08-28 02:39:00,3,16.2,0.0,1.1,75.0,0.4,96.0,0.0,3,3
2022-08-28 02:43:00,3,16.2,0.0,1.1,75.0,0.4,96.0,0.0,3,3
2022-08-28 02:50:00,3,16.2,0.0,1.1,75.0,0.4,96.0,0.0,3,3
2022-08-28 02:53:00,3,16.2,0.0,1.1,75.0,0.4,96.0,0.0,3,3
2022-08-28 02:59:00,3,16.2,0.0,1.1,75.0,0.4,96.0,0.0,3,3
2022-08-28 03:03:00,3,16.2,0.0,1.1,75.0,0.4,96.0,0.0,3,3
2022-08-28 03:10:00,3,16.2,0.0,1.1,75.0,0.4,96.0,0.0,3,3
2022-08-28 03:13:00,3,16.2,0.0,1.1,75.0,0.4,96.0,0.0,3,3
2022-08-28 03:19:00,3,16.2,0.0,1.1,75.0,0.4,96.0,0.0,3,3
2022-08-28 03:23:00,3,16.2,0.0,1.1,75.0,0.4,96.0,0.0,3,3
2022-08-28 03:30:00,3,16.2,0.0,1.1,75.0,0.4,96.0,0.0,3,3
2022-08-28 03:33:00,3,16.2,0.0,1.2,86.0,0.2,96.0,0.0,3,3
2022-08-28 03:39:00,3,16.2,0.0,1.2,86.0,0.2,96.0,0.0,3,3
2022-08-28 03:43:00,3,16.2,0.0,1.2,86.0,0.2,96.0,0.0,3,3
2022-08-28 03:49:00,3,16.2,0.0,1.2,86.0,0.2,96.0,0.0,3,3
2022-08-28 03:53:00,3,16.2,0.0,1.2,86.0,0.2,96.0,0.0,3,3
2022-08-28 03:59:00,3,16.2,0.0,1.2,86.0,0.2,96.0,0.0,3,3
2022-08-28 04:03:00,3,16.2,0.0,1.2,86.0,0.2,96.0,0.0,3,3
2022-08-28 04:09:00,3,16.2,0.0,1.2,86.0,0.2,96.0,0.0,3,3
2022-08-28 04:13:00,3,16.2,0.0,1.2,86.0,0.2,96.0,0.0,3,3
2022-08-28 04:19:00,3,16.2,0.0,1.2,86.0,0.2,96.0,0.0,3,3
2022-08-28 04:23:00,3,16.2,0.0,1.2,86.0,0.2,96.0,0.0,3,3
2022-08-28 04:30:00,3,16.2,0.0,1.2,86.0,0.2,96.0,0.0,3,3
2022-08-28 04:33:00,3,16.2,0.0,1.3,75.0,0.1,96.0,0.0,3,3
2022-08-28 04:39:00,3,16.2,0.0,1.3,75.0,0.1,96.0,0.0,3,3
2022-08-28 04:43:00,3,16.2,0.0,1.3,75.0,0.1,96.0,0.0,3,3
2022-08-28 04:50:00,3,16.2,0.0,1.3,75.0,0.1,96.0,0.0,3,3
2022-08-28 04:54:00,3,16.2,0.0,1.3,75.0,0.1,96.0,0.0,3,3
2022-08-28 04:59:00,3,16.2,0.0,1.3,75.0,0.1,96.0,0.0,3,3
2022-08-28 05:04:00,3,16.2,0.0,1.3,75.0,0.1,96.0,0.0,3,3
2022-08-28 05:10:00,3,16.2,0.0,1.3,75.0,0.1,96.0,0.0,3,3
2022-08-28 05:13:00,3,16.2,0.0,1.3,75.0,0.1,96.0,0.0,3,3
2022-08-28 05:19:00,3,16.2,0.0,1.3,75.0,0.1,96.0,0.0,3,3
2022-08-28 05:23:00,3,16.2,0.0,1.3,75.0,0.1,96.0,0.0,3,3
2022-08-28 05:30:00,3,16.2,0.0,1.3,75.0,0.1,96.0,0.0,3,3
2022-08-28 05:33:00,3,16.2,0.0,1.4,71.0,0.1,96.0,0.0,3,3
2022-08-28 05:39:00,3,16.2,0.0,1.4,71.0,0.1,96.0,0.0,3,3
2022-08-28 05:43:00,3,16.2,0.0,1.4,71.0,0.1,96.0,0.0,3,3
2022-08-28 05:50:00,3,16.2,0.0,1.4,71.0,0.1,96.0,0.0,3,3
2022-08-28 05:53:00,3,16.2,0.0,1.4,71.0,0.1,96.0,0.0,3,3
2022-08-28 06:00:00,3,16.2,0.0,1.4,71.0,0.1,96.0,0.0,3,3
2022-08-28 06:04:00,3,16.2,0.0,1.4,71.0,0.1,96.0,0.0,3,3
2022-08-28 06:10:00,3,16.2,0.0,1.4,71.0,0.1,96.0,0.0,3,3
2022-08-28 06:13:00,3,16.2,0.0,1.4,71.0,0.1,96.0,0.0,3,3
2022-08-28 06:20:00,3,16.2,0.0,1.4,71.0,0.1,96.0,0.0,3,3
2022-08-28 06:23:00,3,16.2,0.0,1.4,71.0,0.1,96.0,0.0,3,3
2022-08-28 06:29:00,3,16.2,0.0,1.4,71.0,0.1,96.0,0.0,3,3
2022-08-28 06:34:00,3,16.2,1.0,1.3,29.0,0.0,93.0,0.0,3,3
2022-08-28 06:39:00,3,16.2,1.0,1.3,29.0,0.0,93.0,0.0,3,3
2022-08-28 06:43:00,3,16.2,1.0,1.3,29.0,0.0,93.0,0.0,3,3
2022-08-28 06:53:00,3,16.2,1.0,1.3,29.0,0.0,93.0,0.0,3,3
2022-08-28 07:00:00,3,16.2,1.0,1.3,29.0,0.0,93.0,0.0,3,3
2022-08-28 07:03:00,3,16.2,1.0,1.3,29.0,0.0,93.0,0.0,3,3
2022-08-28 07:10:00,3,16.2,1.0,1.3,29.0,0.0,93.0,0.0,3,3
2022-08-28 07:14:00,3,16.2,1.0,1.3,29.0,0.0,93.0,0.0,3,3
2022-08-28 07:20:00,3,16.2,1.0,1.3,29.0,0.0,93.0,0.0,3,3
2022-08-28 07:24:00,3,16.2,1.0,1.3,29.0,0.0,93.0,0.0,3,3
2022-08-28 07:30:00,3,16.2,1.0,1.3,29.0,0.0,93.0,0.0,3,3
2022-08-28 07:34:00,3,17.4,1.0,1.2,38.0,0.0,91.0,0.0,3,3
2022-08-28 07:40:00,3,17.4,1.0,1.2,38.0,0.0,91.0,0.0,3,3
2022-08-28 07:44:00,3,17.4,1.0,1.2,38.0,0.0,91.0,0.0,3,3
2022-08-28 07:49:00,3,17.4,1.0,1.2,38.0,0.0,91.0,0.0,3,3
2022-08-28 07:54:00,3,17.4,1.0,1.2,38.0,0.0,91.0,0.0,3,3
2022-08-28 08:00:00,3,17.4,1.0,1.2,38.0,0.0,91.0,0.0,3,3
2022-08-28 08:04:00,3,17.4,1.0,1.2,38.0,0.0,91.0,0.0,3,3
2022-08-28 08:10:00,3,17.4,1.0,1.2,38.0,0.0,91.0,0.0,3,3
2022-08-28 08:14:00,3,17.4,1.0,1.2,38.0,0.0,91.0,0.0,3,3
2022-08-28 08:20:00,3,17.4,1.0,1.2,38.0,0.0,91.0,0.0,3,3
2022-08-28 08:24:00,3,17.4,1.0,1.2,38.0,0.0,91.0,0.0,3,3
2022-08-28 08:30:00,3,17.4,1.0,1.2,38.0,0.0,91.0,0.0,3,3
2022-08-28 08:34:00,3,19.9,1.0,1.1,47.0,0.0,88.0,0.0,3,3
2022-08-28 08:40:00,3,19.9,1.0,1.1,47.0,0.0,88.0,0.0,3,3
2022-08-28 08:44:00,3,19.9,1.0,1.1,47.0,0.0,88.0,0.0,3,3
2022-08-28 08:50:00,3,19.9,1.0,1.1,47.0,0.0,88.0,0.0,3,3
2022-08-28 08:54:00,3,19.9,1.0,1.1,47.0,0.0,88.0,0.0,3,3
2022-08-28 09:00:00,3,19.9,1.0,1.1,47.0,0.0,88.0,0.0,3,3
2022-08-28 09:04:00,3,19.9,1.0,1.1,47.0,0.0,88.0,0.0,2,3
2022-08-28 09:09:00,3,19.9,1.0,1.1,47.0,0.0,88.0,0.0,2,3
2022-08-28 09:14:00,3,19.9,1.0,1.1,47.0,0.0,88.0,0.0,2,3
2022-08-28 09:20:00,3,19.9,1.0,1.1,47.0,0.0,88.0,0.0,2,3
2022-08-28 09:24:00,3,19.9,1.0,1.1,47.0,0.0,88.0,0.0,2,3
2022-08-28 09:30:00,3,19.9,1.0,1.1,47.0,0.0,88.0,0.0,2,3
2022-08-28 09:34:00,3,20.6,1.0,1.4,56.0,0.0,91.0,0.0,2,3
2022-08-28 09:44:00,3,20.6,1.0,1.4,56.0,0.0,91.0,0.0,2,3
2022-08-28 09:54:00,3,20.6,1.0,1.4,56.0,0.0,91.0,0.0,2,3
2022-08-28 10:00:00,3,20.6,1.0,1.4,56.0,0.0,91.0,0.0,2,3
2022-08-28 10:04:00,3,20.6,1.0,1.4,56.0,0.0,91.0,0.0,2,2
2022-08-28 10:10:00,3,20.6,1.0,1.4,56.0,0.0,91.0,0.0,2,2
2022-08-28 10:14:00,3,20.6,1.0,1.4,56.0,0.0,91.0,0.0,2,2
2022-08-28 10:20:00,3,20.6,1.0,1.4,56.0,0.0,91.0,0.0,2,2
2022-08-28 10:24:00,3,20.6,1.0,1.4,56.0,0.0,91.0,0.0,2,2
2022-08-28 10:30:00,3,20.6,1.0,1.4,56.0,0.0,91.0,0.0,3,2
2022-08-28 10:34:00,3,21.1,1.0,1.8,65.0,0.0,93.0,0.0,3,2
2022-08-28 10:40:00,3,21.1,1.0,1.8,65.0,0.0,93.0,0.0,3,2
2022-08-28 10:44:00,3,21.1,1.0,1.8,65.0,0.0,93.0,0.0,3,2
2022-08-28 10:50:00,3,21.1,1.0,1.8,65.0,0.0,93.0,0.0,3,2
2022-08-28 10:54:00,3,21.1,1.0,1.8,65.0,0.0,93.0,0.0,3,2
2022-08-28 11:00:00,3,21.1,1.0,1.8,65.0,0.0,93.0,0.0,4,2
2022-08-28 11:04:00,2,21.1,1.0,1.8,65.0,0.0,93.0,0.0,4,2
2022-08-28 11:10:00,2,21.1,1.0,1.8,65.0,0.0,93.0,0.0,4,2
2022-08-28 11:14:00,2,21.1,1.0,1.8,65.0,0.0,93.0,0.0,4,2
2022-08-28 11:20:00,2,21.1,1.0,1.8,65.0,0.0,93.0,0.0,4,2
2022-08-28 11:24:00,2,21.1,1.0,1.8,65.0,0.0,93.0,0.0,4,2
2022-08-28 11:30:00,2,21.1,1.0,1.8,65.0,0.0,93.0,0.0,4,3
2022-08-28 11:34:00,2,21.5,1.0,2.2,74.0,0.1,95.0,0.0,4,3
2022-08-28 11:44:00,2,21.5,1.0,2.2,74.0,0.1,95.0,0.0,4,3
2022-08-28 11:50:00,2,21.5,1.0,2.2,74.0,0.1,95.0,0.0,4,3
2022-08-28 11:54:00,2,21.5,1.0,2.2,74.0,0.1,95.0,0.0,4,3
2022-08-28 12:00:00,2,21.5,1.0,2.2,74.0,0.1,95.0,0.0,4,4
2022-08-28 12:04:00,2,21.5,1.0,2.2,74.0,0.1,95.0,0.0,4,4
2022-08-28 12:10:00,2,21.5,1.0,2.2,74.0,0.1,95.0,0.0,4,4
2022-08-28 12:14:00,2,21.5,1.0,2.2,74.0,0.1,95.0,0.0,3,4
2022-08-28 12:20:00,2,21.5,1.0,2.2,74.0,0.1,95.0,0.0,3,4
2022-08-28 12:30:00,3,21.5,1.0,2.2,74.0,0.1,95.0,0.0,4,4
2022-08-28 12:34:00,3,22.7,1.0,2.2,79.0,0.0,84.0,0.0,4,4
2022-08-28 12:40:00,3,22.7,1.0,2.2,79.0,0.0,84.0,0.0,4,4
2022-08-28 12:44:00,3,22.7,1.0,2.2,79.0,0.0,84.0,0.0,4,4
2022-08-28 12:50:00,3,22.7,1.0,2.2,79.0,0.0,84.0,0.0,4,4
2022-08-28 12:54:00,3,22.7,1.0,2.2,79.0,0.0,84.0,0.0,4,4
2022-08-28 13:00:00,4,22.7,1.0,2.2,79.0,0.0,84.0,0.0,4,4
2022-08-28 13:04:00,4,22.7,1.0,2.2,79.0,0.0,84.0,0.0,4,4
2022-08-28 13:10:00,4,22.7,1.0,2.2,79.0,0.0,84.0,0.0,5,4
2022-08-28 13:14:00,4,22.7,1.0,2.2,79.0,0.0,84.0,0.0,5,3
2022-08-28 13:20:00,4,22.7,1.0,2.2,79.0,0.0,84.0,0.0,5,3
2022-08-28 13:24:00,4,22.7,1.0,2.2,79.0,0.0,84.0,0.0,5,4
2022-08-28 13:30:00,4,22.7,1.0,2.2,79.0,0.0,84.0,0.0,5,4
2022-08-28 13:34:00,4,23.8,1.0,2.2,84.0,0.0,73.0,0.0,5,4
2022-08-28 13:40:00,4,23.8,1.0,2.2,84.0,0.0,73.0,0.0,5,4
2022-08-28 13:44:00,4,23.8,1.0,2.2,84.0,0.0,73.0,0.0,4,4
2022-08-28 13:50:00,4,23.8,1.0,2.2,84.0,0.0,73.0,0.0,4,4
2022-08-28 13:54:00,4,23.8,1.0,2.2,84.0,0.0,73.0,0.0,3,4
2022-08-28 14:00:00,4,23.8,1.0,2.2,84.0,0.0,73.0,0.0,3,4
2022-08-28 14:04:00,4,23.8,1.0,2.2,84.0,0.0,73.0,0.0,4,4
2022-08-28 14:10:00,4,23.8,1.0,2.2,84.0,0.0,73.0,0.0,4,5
2022-08-28 14:14:00,3,23.8,1.0,2.2,84.0,0.0,73.0,0.0,4,5
2022-08-28 14:20:00,3,23.8,1.0,2.2,84.0,0.0,73.0,0.0,5,5
2022-08-28 14:24:00,4,23.8,1.0,2.2,84.0,0.0,73.0,0.0,5,5
2022-08-28 14:30:00,4,23.8,1.0,2.2,84.0,0.0,73.0,0.0,5,5
2022-08-28 14:34:00,4,24.6,1.0,2.2,89.0,0.0,62.0,0.0,5,5
2022-08-28 14:40:00,4,24.6,1.0,2.2,89.0,0.0,62.0,0.0,4,5
2022-08-28 14:44:00,4,24.6,1.0,2.2,89.0,0.0,62.0,0.0,4,4
2022-08-28 14:50:00,4,24.6,1.0,2.2,89.0,0.0,62.0,0.0,4,4
2022-08-28 14:54:00,4,24.6,1.0,2.2,89.0,0.0,62.0,0.0,4,3
2022-08-28 15:00:00,4,24.6,1.0,2.2,89.0,0.0,62.0,0.0,5,3
2022-08-28 15:04:00,4,24.6,1.0,2.2,89.0,0.0,62.0,0.0,5,4
2022-08-28 15:14:00,5,24.6,1.0,2.2,89.0,0.0,62.0,0.0,5,4
2022-08-28 15:20:00,5,24.6,1.0,2.2,89.0,0.0,62.0,0.0,5,5
2022-08-28 15:24:00,5,24.6,1.0,2.2,89.0,0.0,62.0,0.0,5,5
2022-08-28 15:30:00,5,24.6,1.0,2.2,89.0,0.0,62.0,0.0,5,5
2022-08-28 15:34:00,5,23.6,1.0,2.3,89.0,0.2,67.0,0.0,5,5
2022-08-28 15:40:00,5,23.6,1.0,2.3,89.0,0.2,67.0,0.0,5,4
2022-08-28 15:44:00,4,23.6,1.0,2.3,89.0,0.2,67.0,0.0,5,4
2022-08-28 16:00:00,3,23.6,1.0,2.3,89.0,0.2,67.0,0.0,3,5
2022-08-28 16:04:00,4,23.6,1.0,2.3,89.0,0.2,67.0,0.0,3,5
2022-08-28 16:14:00,4,23.6,1.0,2.3,89.0,0.2,67.0,0.0,3,5
2022-08-28 16:20:00,5,23.6,1.0,2.3,89.0,0.2,67.0,0.0,3,5
2022-08-28 16:24:00,5,23.6,1.0,2.3,89.0,0.2,67.0,0.0,3,5
2022-08-28 16:30:00,5,23.6,1.0,2.3,89.0,0.2,67.0,0.0,4,5
2022-08-28 16:34:00,5,23.1,1.0,2.4,89.0,0.0,73.0,0.0,5,5
2022-08-28 16:40:00,4,23.1,1.0,2.4,89.0,0.0,73.0,0.0,5,5
2022-08-28 16:50:00,4,23.1,1.0,2.4,89.0,0.0,73.0,0.0,5,4
2022-08-28 16:54:00,4,23.1,1.0,2.4,89.0,0.0,73.0,0.0,5,4
2022-08-28 17:00:00,5,23.1,1.0,2.4,89.0,0.0,73.0,0.0,5,3
2022-08-28 17:04:00,5,23.1,1.0,2.4,89.0,0.0,73.0,0.0,5,3
2022-08-28 17:10:00,5,23.1,1.0,2.4,89.0,0.0,73.0,0.0,4,3
2022-08-28 17:14:00,5,23.1,1.0,2.4,89.0,0.0,73.0,0.0,4,3
2022-08-28 17:20:00,5,23.1,1.0,2.4,89.0,0.0,73.0,0.0,3,3
2022-08-28 17:24:00,5,23.1,1.0,2.4,89.0,0.0,73.0,0.0,3,3
2022-08-28 17:30:00,5,23.1,1.0,2.4,89.0,0.0,73.0,0.0,3,4
2022-08-28 17:34:00,5,22.3,1.0,2.5,89.0,0.0,78.0,0.0,3,5
2022-08-28 17:40:00,5,22.3,1.0,2.5,89.0,0.0,78.0,0.0,3,5
2022-08-28 17:44:00,5,22.3,1.0,2.5,89.0,0.0,78.0,0.0,3,5
2022-08-28 17:54:00,4,22.3,1.0,2.5,89.0,0.0,78.0,0.0,3,5
2022-08-28 18:00:00,3,22.3,1.0,2.5,89.0,0.0,78.0,0.0,3,5
2022-08-28 18:04:00,3,22.3,1.0,2.5,89.0,0.0,78.0,0.0,3,5
2022-08-28 18:10:00,3,22.3,1.0,2.5,89.0,0.0,78.0,0.0,3,4
2022-08-28 18:14:00,3,22.3,1.0,2.5,89.0,0.0,78.0,0.0,3,4
2022-08-28 18:20:00,3,22.3,1.0,2.5,89.0,0.0,78.0,0.0,3,3
2022-08-28 18:24:00,3,22.3,1.0,2.5,89.0,0.0,78.0,0.0,3,3
2022-08-28 18:30:00,4,22.3,1.0,2.5,89.0,0.0,78.0,0.0,3,3
2022-08-28 18:34:00,5,20.6,1.0,2.6,89.0,0.0,84.0,0.0,3,3
2022-08-28 18:40:00,5,20.6,1.0,2.6,89.0,0.0,84.0,0.0,3,3
2022-08-28 18:44:00,5,20.6,1.0,2.6,89.0,0.0,84.0,0.0,3,3
2022-08-28 18:50:00,5,20.6,1.0,2.6,89.0,0.0,84.0,0.0,3,3
2022-08-28 18:54:00,5,20.6,1.0,2.6,89.0,0.0,84.0,0.0,3,3
2022-08-28 19:00:00,5,20.6,1.0,2.6,89.0,0.0,84.0,0.0,3,3
2022-08-28 19:04:00,5,20.6,1.0,2.6,89.0,0.0,84.0,0.0,3,3
2022-08-28 19:10:00,4,20.6,1.0,2.6,89.0,0.0,84.0,0.0,3,3
2022-08-28 19:14:00,4,20.6,1.0,2.6,89.0,0.0,84.0,0.0,3,3
2022-08-28 19:20:00,3,20.6,1.0,2.6,89.0,0.0,84.0,0.0,3,3
2022-08-28 19:24:00,3,20.6,1.0,2.6,89.0,0.0,84.0,0.0,3,3
2022-08-28 19:30:00,3,20.6,1.0,2.6,89.0,0.0,84.0,0.0,2,3
2022-08-28 19:34:00,3,19.4,0.0,2.8,89.0,0.0,89.0,0.0,2,3
2022-08-28 19:40:00,3,19.4,0.0,2.8,89.0,0.0,89.0,0.0,2,3
2022-08-28 19:44:00,3,19.4,0.0,2.8,89.0,0.0,89.0,0.0,2,3
2022-08-28 19:50:00,3,19.4,0.0,2.8,89.0,0.0,89.0,0.0,2,3
2022-08-28 19:54:00,3,19.4,0.0,2.8,89.0,0.0,89.0,0.0,1,3
2022-08-28 20:00:00,3,19.4,0.0,2.8,89.0,0.0,89.0,0.0,1,3
2022-08-28 20:04:00,3,19.4,0.0,2.8,89.0,0.0,89.0,0.0,1,3
2022-08-28 20:10:00,3,19.4,0.0,2.8,89.0,0.0,89.0,0.0,1,3
2022-08-28 20:14:00,3,19.4,0.0,2.8,89.0,0.0,89.0,0.0,1,3
2022-08-28 20:20:00,3,19.4,0.0,2.8,89.0,0.0,89.0,0.0,1,3
2022-08-28 20:24:00,3,19.4,0.0,2.8,89.0,0.0,89.0,0.0,1,3
2022-08-28 20:30:00,3,19.4,0.0,2.8,89.0,0.0,89.0,0.0,1,2
2022-08-28 20:34:00,3,18.0,0.0,2.9,89.0,0.0,95.0,0.0,1,2
2022-08-28 20:40:00,3,18.0,0.0,2.9,89.0,0.0,95.0,0.0,1,2
2022-08-28 20:44:00,3,18.0,0.0,2.9,89.0,0.0,95.0,0.0,1,2
2022-08-28 20:50:00,3,18.0,0.0,2.9,89.0,0.0,95.0,0.0,1,2
2022-08-28 20:54:00,3,18.0,0.0,2.9,89.0,0.0,95.0,0.0,1,1
2022-08-28 21:00:00,3,18.0,0.0,2.9,89.0,0.0,95.0,0.0,1,1
2022-08-28 21:04:00,3,18.0,0.0,2.9,89.0,0.0,95.0,0.0,1,1
2022-08-28 21:10:00,3,18.0,0.0,2.9,89.0,0.0,95.0,0.0,1,1
2022-08-28 21:14:00,3,18.0,0.0,2.9,89.0,0.0,95.0,0.0,1,1
2022-08-28 21:20:00,3,18.0,0.0,2.9,89.0,0.0,95.0,0.0,1,1
2022-08-28 21:24:00,3,18.0,0.0,2.9,89.0,0.0,95.0,0.0,1,1
2022-08-28 21:30:00,2,18.0,0.0,2.9,89.0,0.0,95.0,0.0,1,1
2022-08-28 21:34:00,2,17.3,0.0,2.4,63.0,0.0,95.0,0.0,1,1
2022-08-28 21:41:00,2,17.3,0.0,2.4,63.0,0.0,95.0,0.0,1,1
2022-08-28 21:44:00,2,17.3,0.0,2.4,63.0,0.0,95.0,0.0,1,1
2022-08-28 21:50:00,2,17.3,0.0,2.4,63.0,0.0,95.0,0.0,1,1
2022-08-28 21:54:00,1,17.3,0.0,2.4,63.0,0.0,95.0,0.0,1,1
2022-08-28 22:00:00,1,17.3,0.0,2.4,63.0,0.0,95.0,0.0,1,1
2022-08-28 22:04:00,1,17.3,0.0,2.4,63.0,0.0,95.0,0.0,1,1
2022-08-28 22:10:00,1,17.3,0.0,2.4,63.0,0.0,95.0,0.0,1,1
2022-08-28 22:14:00,1,17.3,0.0,2.4,63.0,0.0,95.0,0.0,1,1
2022-08-28 22:20:00,1,17.3,0.0,2.4,63.0,0.0,95.0,0.0,1,1
2022-08-28 22:24:00,1,17.3,0.0,2.4,63.0,0.0,95.0,0.0,1,1
2022-08-28 22:31:00,1,17.0,0.0,1.9,37.0,0.0,95.0,0.0,1,1
2022-08-28 22:34:00,1,17.0,0.0,1.9,37.0,0.0,95.0,0.0,1,1
2022-08-28 22:40:00,1,17.0,0.0,1.9,37.0,0.0,95.0,0.0,1,1
2022-08-28 22:44:00,1,17.0,0.0,1.9,37.0,0.0,95.0,0.0,1,1
2022-08-28 22:54:00,1,17.0,0.0,1.9,37.0,0.0,95.0,0.0,1,1
2022-08-28 23:00:00,1,17.0,0.0,1.9,37.0,0.0,95.0,0.0,1,1
2022-08-28 23:04:00,1,17.0,0.0,1.9,37.0,0.0,95.0,0.0,1,1
2022-08-28 23:11:00,1,17.0,0.0,1.9,37.0,0.0,95.0,0.0,1,1
2022-08-28 23:14:00,1,17.0,0.0,1.9,37.0,0.0,95.0,0.0,1,1
2022-08-28 23:21:00,1,17.0,0.0,1.9,37.0,0.0,95.0,0.0,1,1
2022-08-28 23:24:00,1,17.0,0.0,1.9,37.0,0.0,95.0,0.0,1,1
2022-08-28 23:30:00,1,17.0,0.0,1.9,37.0,0.0,95.0,0.0,1,1
2022-08-28 23:34:00,1,17.0,0.0,1.9,37.0,0.0,95.0,0.0,1,1
2022-08-28 23:40:00,1,17.0,0.0,1.9,37.0,0.0,95.0,0.0,1,1
2022-08-28 23:44:00,1,17.0,0.0,1.9,37.0,0.0,95.0,0.0,1,1
2022-08-28 23:51:00,1,17.0,0.0,1.9,37.0,0.0,95.0,0.0,1,1
2022-08-28 23:55:00,1,17.0,0.0,1.9,37.0,0.0,95.0,0.0,1,1
2022-08-29 00:00:00,1,16.8,0.0,1.4,76.0,0.1,96.0,0.0,1,1
2022-08-29 00:04:00,1,16.8,0.0,1.4,76.0,0.1,96.0,0.0,1,1
2022-08-29 00:11:00,1,16.8,0.0,1.4,76.0,0.1,96.0,0.0,1,1
2022-08-29 00:14:00,1,16.8,0.0,1.4,76.0,0.1,96.0,0.0,1,1
2022-08-29 00:21:00,1,16.8,0.0,1.4,76.0,0.1,96.0,0.0,1,1
2022-08-29 00:24:00,1,16.8,0.0,1.4,76.0,0.1,96.0,0.0,1,1
2022-08-29 00:31:00,1,16.2,0.0,1.1,23.0,0.0,96.0,0.0,1,1
2022-08-29 00:35:00,1,16.2,0.0,1.1,23.0,0.0,96.0,0.0,1,1
2022-08-29 00:40:00,1,16.2,0.0,1.1,23.0,0.0,96.0,0.0,1,1
2022-08-29 00:44:00,1,16.2,0.0,1.1,23.0,0.0,96.0,0.0,1,1
2022-08-29 00:51:00,1,16.2,0.0,1.1,23.0,0.0,96.0,0.0,1,1
2022-08-29 00:54:00,1,16.2,0.0,1.1,23.0,0.0,96.0,0.0,1,1
2022-08-29 01:00:00,1,16.2,0.0,1.1,23.0,0.0,96.0,0.0,1,1
2022-08-29 01:04:00,1,16.2,0.0,1.1,23.0,0.0,96.0,0.0,1,1
2022-08-29 01:10:00,1,16.2,0.0,1.1,23.0,0.0,96.0,0.0,1,1
2022-08-29 01:14:00,1,16.2,0.0,1.1,23.0,0.0,96.0,0.0,1,1
2022-08-29 01:21:00,1,16.2,0.0,1.1,23.0,0.0,96.0,0.0,1,1
2022-08-29 01:25:00,1,16.2,0.0,1.1,23.0,0.0,96.0,0.0,1,1
2022-08-29 01:31:00,1,16.4,0.0,0.7,35.0,0.0,96.0,0.0,1,1
2022-08-29 01:35:00,1,16.4,0.0,0.7,35.0,0.0,96.0,0.0,1,1
2022-08-29 01:41:00,1,16.4,0.0,0.7,35.0,0.0,96.0,0.0,1,1
2022-08-29 01:51:00,1,16.4,0.0,0.7,35.0,0.0,96.0,0.0,1,1
2022-08-29 01:54:00,1,16.4,0.0,0.7,35.0,0.0,96.0,0.0,1,1
2022-08-29 02:00:00,1,16.4,0.0,0.7,35.0,0.0,96.0,0.0,1,1
2022-08-30 16:03:00,7,25.3,1.0,9.8,46.0,0.0,52.0,0.0,9,9
2022-08-30 16:07:00,7,25.3,1.0,9.8,46.0,0.0,52.0,0.0,9,9
2022-08-30 16:13:00,7,25.3,1.0,9.8,46.0,0.0,52.0,0.0,10,9
2022-08-30 16:23:00,7,25.3,1.0,9.8,46.0,0.0,52.0,0.0,7,9
2022-08-30 16:27:00,8,25.3,1.0,9.8,46.0,0.0,52.0,0.0,7,9
2022-08-30 16:33:00,8,23.6,1.0,8.9,57.0,0.0,59.0,0.0,6,10
2022-08-30 16:37:00,8,23.6,1.0,8.9,57.0,0.0,59.0,0.0,6,10
2022-08-30 16:43:00,9,23.6,1.0,8.9,57.0,0.0,59.0,0.0,6,10
2022-08-30 16:53:00,9,23.6,1.0,8.9,57.0,0.0,59.0,0.0,7,9
2022-08-30 16:57:00,9,23.6,1.0,8.9,57.0,0.0,59.0,0.0,7,9
2022-08-30 17:03:00,9,23.6,1.0,8.9,57.0,0.0,59.0,0.0,7,9
2022-08-30 17:07:00,9,23.6,1.0,8.9,57.0,0.0,59.0,0.0,7,9
2022-08-30 17:13:00,9,23.6,1.0,8.9,57.0,0.0,59.0,0.0,7,10
2022-08-30 17:17:00,9,23.6,1.0,8.9,57.0,0.0,59.0,0.0,7,9
2022-08-30 17:23:00,9,23.6,1.0,8.9,57.0,0.0,59.0,0.0,7,7
2022-08-30 17:27:00,9,23.6,1.0,8.9,57.0,0.0,59.0,0.0,8,7
2022-08-30 17:37:00,10,23.2,1.0,7.9,69.0,0.0,66.0,0.0,9,6
2022-08-30 17:43:00,10,23.2,1.0,7.9,69.0,0.0,66.0,0.0,9,6
2022-08-30 17:47:00,10,23.2,1.0,7.9,69.0,0.0,66.0,0.0,9,6
2022-08-30 17:53:00,9,23.2,1.0,7.9,69.0,0.0,66.0,0.0,10,7
2022-08-30 17:57:00,9,23.2,1.0,7.9,69.0,0.0,66.0,0.0,10,7
2022-08-30 18:03:00,9,23.2,1.0,7.9,69.0,0.0,66.0,0.0,10,7
2022-08-30 18:07:00,9,23.2,1.0,7.9,69.0,0.0,66.0,0.0,10,7
2022-08-30 18:13:00,10,23.2,1.0,7.9,69.0,0.0,66.0,0.0,10,7
2022-08-30 18:17:00,9,23.2,1.0,7.9,69.0,0.0,66.0,0.0,10,7
2022-08-30 18:23:00,7,23.2,1.0,7.9,69.0,0.0,66.0,0.0,10,7
2022-08-30 18:33:00,6,21.9,1.0,7.0,71.0,0.0,72.0,0.0,10,9
2022-08-30 18:37:00,6,21.9,1.0,7.0,71.0,0.0,72.0,0.0,10,9
2022-08-30 18:43:00,6,21.9,1.0,7.0,71.0,0.0,72.0,0.0,10,9
2022-08-30 18:47:00,6,21.9,1.0,7.0,71.0,0.0,72.0,0.0,10,9
2022-08-30 18:53:00,7,21.9,1.0,7.0,71.0,0.0,72.0,0.0,10,10
2022-08-30 18:57:00,7,21.9,1.0,7.0,71.0,0.0,72.0,0.0,10,10
2022-08-30 19:03:00,7,21.9,1.0,7.0,71.0,0.0,72.0,0.0,10,10
2022-08-30 19:07:00,7,21.9,1.0,7.0,71.0,0.0,72.0,0.0,10,10
2022-08-30 19:13:00,7,21.9,1.0,7.0,71.0,0.0,72.0,0.0,10,10
2022-08-30 19:17:00,7,21.9,1.0,7.0,71.0,0.0,72.0,0.0,10,10
2022-08-30 19:23:00,7,21.9,1.0,7.0,71.0,0.0,72.0,0.0,10,10
2022-08-30 19:27:00,8,21.9,1.0,7.0,71.0,0.0,72.0,0.0,10,10
2022-08-30 19:33:00,9,20.8,0.0,6.0,74.0,0.0,78.0,0.0,10,10
2022-08-30 19:37:00,9,20.8,0.0,6.0,74.0,0.0,78.0,0.0,10,10
2022-08-30 19:43:00,9,20.8,0.0,6.0,74.0,0.0,78.0,0.0,10,10
2022-08-30 19:47:00,9,20.8,0.0,6.0,74.0,0.0,78.0,0.0,10,10
2022-08-30 19:57:00,10,20.8,0.0,6.0,74.0,0.0,78.0,0.0,10,10
2022-08-30 20:03:00,10,20.8,0.0,6.0,74.0,0.0,78.0,0.0,10,10
2022-08-30 20:07:00,10,20.8,0.0,6.0,74.0,0.0,78.0,0.0,10,10
2022-08-30 20:13:00,10,20.8,0.0,6.0,74.0,0.0,78.0,0.0,10,10
2022-08-30 20:17:00,10,20.8,0.0,6.0,74.0,0.0,78.0,0.0,8,10
2022-08-30 20:23:00,10,20.8,0.0,6.0,74.0,0.0,78.0,0.0,6,10
2022-08-30 20:27:00,10,20.8,0.0,6.0,74.0,0.0,78.0,0.0,6,10
2022-08-30 20:33:00,10,19.6,0.0,5.0,77.0,0.0,85.0,0.0,5,10
2022-08-30 20:37:00,10,19.6,0.0,5.0,77.0,0.0,85.0,0.0,5,10
2022-08-30 20:42:00,10,19.6,0.0,5.0,77.0,0.0,85.0,0.0,5,10
2022-08-30 20:53:00,10,19.6,0.0,5.0,77.0,0.0,85.0,0.0,5,10
2022-08-30 20:57:00,10,19.6,0.0,5.0,77.0,0.0,85.0,0.0,5,10
2022-08-30 21:03:00,10,19.6,0.0,5.0,77.0,0.0,85.0,0.0,4,10
2022-08-30 21:07:00,10,19.6,0.0,5.0,77.0,0.0,85.0,0.0,4,10
2022-08-30 21:13:00,10,19.6,0.0,5.0,77.0,0.0,85.0,0.0,4,10
2022-08-30 21:17:00,10,19.6,0.0,5.0,77.0,0.0,85.0,0.0,4,8
2022-08-30 21:23:00,10,19.6,0.0,5.0,77.0,0.0,85.0,0.0,6,6
2022-08-30 21:27:00,10,19.6,0.0,5.0,77.0,0.0,85.0,0.0,6,6
2022-08-30 21:33:00,10,18.5,0.0,4.3,56.0,0.0,86.0,0.0,6,5
2022-08-30 21:37:00,10,18.5,0.0,4.3,56.0,0.0,86.0,0.0,6,5
2022-08-30 21:43:00,10,18.5,0.0,4.3,56.0,0.0,86.0,0.0,6,5
2022-08-30 21:47:00,10,18.5,0.0,4.3,56.0,0.0,86.0,0.0,6,5
2022-08-30 21:53:00,10,18.5,0.0,4.3,56.0,0.0,86.0,0.0,6,5
2022-08-30 21:57:00,10,18.5,0.0,4.3,56.0,0.0,86.0,0.0,6,5
2022-08-30 22:03:00,10,18.5,0.0,4.3,56.0,0.0,86.0,0.0,6,4
2022-08-30 22:07:00,10,18.5,0.0,4.3,56.0,0.0,86.0,0.0,6,4
2022-08-30 22:13:00,10,18.5,0.0,4.3,56.0,0.0,86.0,0.0,6,4
2022-08-30 22:17:00,8,18.5,0.0,4.3,56.0,0.0,86.0,0.0,6,4
2022-08-30 22:24:00,6,18.5,0.0,4.3,56.0,0.0,86.0,0.0,6,6
2022-08-30 22:27:00,6,18.5,0.0,4.3,56.0,0.0,86.0,0.0,6,6
2022-08-30 22:33:00,5,17.4,0.0,3.6,35.0,0.0,88.0,0.0,6,6
2022-08-30 22:37:00,5,17.4,0.0,3.6,35.0,0.0,88.0,0.0,6,6
2022-08-30 22:43:00,5,17.4,0.0,3.6,35.0,0.0,88.0,0.0,6,6
2022-08-30 22:47:00,5,17.4,0.0,3.6,35.0,0.0,88.0,0.0,6,6
2022-08-30 22:54:00,5,17.4,0.0,3.6,35.0,0.0,88.0,0.0,6,6
2022-08-30 23:04:00,4,17.4,0.0,3.6,35.0,0.0,88.0,0.0,6,6
2022-08-30 23:07:00,4,17.4,0.0,3.6,35.0,0.0,88.0,0.0,6,6
2022-08-30 23:14:00,4,17.4,0.0,3.6,35.0,0.0,88.0,0.0,6,6
2022-08-30 23:17:00,4,17.4,0.0,3.6,35.0,0.0,88.0,0.0,6,6
2022-08-30 23:23:00,6,17.4,0.0,3.6,35.0,0.0,88.0,0.0,6,6
2022-08-30 23:27:00,6,17.4,0.0,3.6,35.0,0.0,88.0,0.0,6,6
2022-08-30 23:33:00,6,17.4,0.0,3.6,35.0,0.0,88.0,0.0,6,6
2022-08-30 23:37:00,6,17.4,0.0,3.6,35.0,0.0,88.0,0.0,6,6
2022-08-30 23:43:00,6,17.4,0.0,3.6,35.0,0.0,88.0,0.0,7,6
2022-08-30 23:47:00,6,17.4,0.0,3.6,35.0,0.0,88.0,0.0,7,6
2022-08-30 23:53:00,6,17.4,0.0,3.6,35.0,0.0,88.0,0.0,7,6
2022-08-30 23:57:00,6,17.4,0.0,3.6,35.0,0.0,88.0,0.0,6,6
2022-08-31 00:03:00,6,16.5,0.0,2.9,14.0,0.0,90.0,0.0,6,6
2022-08-31 00:07:00,6,16.5,0.0,2.9,14.0,0.0,90.0,0.0,6,6
2022-08-31 00:17:00,6,16.5,0.0,2.9,14.0,0.0,90.0,0.0,7,6
2022-08-31 00:24:00,6,16.5,0.0,2.9,14.0,0.0,90.0,0.0,7,6
2022-08-31 00:33:00,6,16.5,0.0,2.5,12.0,0.0,92.0,0.0,7,6
2022-08-31 00:37:00,6,16.5,0.0,2.5,12.0,0.0,92.0,0.0,7,6
2022-08-31 00:43:00,6,16.5,0.0,2.5,12.0,0.0,92.0,0.0,7,7
2022-08-31 00:47:00,6,16.5,0.0,2.5,12.0,0.0,92.0,0.0,7,7
2022-08-31 00:53:00,6,16.5,0.0,2.5,12.0,0.0,92.0,0.0,7,7
2022-08-31 00:57:00,6,16.5,0.0,2.5,12.0,0.0,92.0,0.0,7,6
2022-08-31 01:03:00,6,16.5,0.0,2.5,12.0,0.0,92.0,0.0,7,6
2022-08-31 01:07:00,6,16.5,0.0,2.5,12.0,0.0,92.0,0.0,7,6
2022-08-31 01:13:00,6,16.5,0.0,2.5,12.0,0.0,92.0,0.0,7,7
2022-08-31 01:17:00,6,16.5,0.0,2.5,12.0,0.0,92.0,0.0,7,7
2022-08-31 01:23:00,6,16.5,0.0,2.5,12.0,0.0,92.0,0.0,7,7
2022-08-31 01:27:00,6,16.5,0.0,2.5,12.0,0.0,92.0,0.0,7,7
2022-08-31 01:33:00,6,16.5,0.0,2.2,11.0,0.0,93.0,0.0,7,7
2022-08-31 01:37:00,6,16.5,0.0,2.2,11.0,0.0,93.0,0.0,7,7
2022-08-31 01:47:00,7,16.5,0.0,2.2,11.0,0.0,93.0,0.0,7,7
2022-08-31 01:53:00,7,16.5,0.0,2.2,11.0,0.0,93.0,0.0,7,7
2022-08-31 01:57:00,6,16.5,0.0,2.2,11.0,0.0,93.0,0.0,8,7
2022-08-31 02:03:00,6,16.5,0.0,2.2,11.0,0.0,93.0,0.0,8,7
2022-08-31 02:07:00,6,16.5,0.0,2.2,11.0,0.0,93.0,0.0,8,7
2022-08-31 02:13:00,7,16.5,0.0,2.2,11.0,0.0,93.0,0.0,8,7
2022-08-31 02:17:00,7,16.5,0.0,2.2,11.0,0.0,93.0,0.0,8,7
2022-08-31 02:23:00,7,16.5,0.0,2.2,11.0,0.0,93.0,0.0,8,7
2022-08-31 02:27:00,7,16.5,0.0,2.2,11.0,0.0,93.0,0.0,8,7
2022-08-31 02:33:00,7,16.5,0.0,1.8,10.0,0.0,95.0,0.0,8,7
2022-08-31 02:37:00,7,16.5,0.0,1.8,10.0,0.0,95.0,0.0,8,7
2022-08-31 02:43:00,7,16.5,0.0,1.8,10.0,0.0,95.0,0.0,8,7
2022-08-31 02:47:00,7,16.5,0.0,1.8,10.0,0.0,95.0,0.0,8,7
2022-08-31 02:53:00,7,16.5,0.0,1.8,10.0,0.0,95.0,0.0,8,7
2022-08-31 02:57:00,7,16.5,0.0,1.8,10.0,0.0,95.0,0.0,8,8
2022-08-31 03:03:00,7,16.5,0.0,1.8,10.0,0.0,95.0,0.0,8,8
2022-08-31 03:07:00,7,16.5,0.0,1.8,10.0,0.0,95.0,0.0,8,8
2022-08-31 03:13:00,7,16.5,0.0,1.8,10.0,0.0,95.0,0.0,8,8
2022-08-31 03:17:00,7,16.5,0.0,1.8,10.0,0.0,95.0,0.0,8,8
2022-08-31 03:24:00,7,16.5,0.0,1.8,10.0,0.0,95.0,0.0,8,8
2022-08-31 03:27:00,7,16.5,0.0,1.8,10.0,0.0,95.0,0.0,8,8
2022-08-31 03:37:00,7,16.4,0.0,1.7,10.0,0.0,95.0,0.0,8,8
2022-08-31 03:43:00,7,16.4,0.0,1.7,10.0,0.0,95.0,0.0,8,8
2022-08-31 03:47:00,7,16.4,0.0,1.7,10.0,0.0,95.0,0.0,8,8
2022-08-31 03:53:00,7,16.4,0.0,1.7,10.0,0.0,95.0,0.0,8,8
2022-08-31 03:57:00,8,16.4,0.0,1.7,10.0,0.0,95.0,0.0,8,8
2022-08-31 04:04:00,8,16.4,0.0,1.7,10.0,0.0,95.0,0.0,8,8
2022-08-31 04:07:00,8,16.4,0.0,1.7,10.0,0.0,95.0,0.0,8,8
2022-08-31 04:13:00,8,16.4,0.0,1.7,10.0,0.0,95.0,0.0,8,8
2022-08-31 04:17:00,8,16.4,0.0,1.7,10.0,0.0,95.0,0.0,8,8
2022-08-31 04:23:00,8,16.4,0.0,1.7,10.0,0.0,95.0,0.0,8,8
2022-08-31 04:27:00,8,16.4,0.0,1.7,10.0,0.0,95.0,0.0,8,8
2022-08-31 04:33:00,8,16.2,0.0,1.6,9.0,0.0,94.0,0.0,8,8
2022-08-31 04:37:00,8,16.2,0.0,1.6,9.0,0.0,94.0,0.0,8,8
2022-08-31 04:43:00,8,16.2,0.0,1.6,9.0,0.0,94.0,0.0,8,8
2022-08-31 04:47:00,8,16.2,0.0,1.6,9.0,0.0,94.0,0.0,8,8
2022-08-31 04:53:00,8,16.2,0.0,1.6,9.0,0.0,94.0,0.0,8,8
2022-08-31 04:57:00,8,16.2,0.0,1.6,9.0,0.0,94.0,0.0,8,8
2022-08-31 05:03:00,8,16.2,0.0,1.6,9.0,0.0,94.0,0.0,8,8
2022-08-31 05:07:00,8,16.2,0.0,1.6,9.0,0.0,94.0,0.0,8,8
2022-08-31 05:14:00,8,16.2,0.0,1.6,9.0,0.0,94.0,0.0,8,8
2022-08-31 05:17:00,8,16.2,0.0,1.6,9.0,0.0,94.0,0.0,8,8
2022-08-31 05:23:00,8,16.2,0.0,1.6,9.0,0.0,94.0,0.0,8,8
2022-08-31 05:27:00,8,16.2,0.0,1.6,9.0,0.0,94.0,0.0,8,8
2022-08-31 05:33:00,8,16.0,0.0,1.4,9.0,0.0,94.0,0.0,8,8
2022-09-01 19:36:00,9,14.6,0.0,3.1,65.0,0.0,90.0,0.0,11,9
2022-09-01 19:39:00,9,14.6,0.0,3.1,65.0,0.0,90.0,0.0,11,9
2022-09-01 19:45:00,10,14.6,0.0,3.1,65.0,0.0,90.0,0.0,11,9
2022-09-01 19:50:00,10,14.6,0.0,3.1,65.0,0.0,90.0,0.0,11,10
2022-09-01 19:56:00,10,14.6,0.0,3.1,65.0,0.0,90.0,0.0,11,10
2022-09-01 20:00:00,10,14.6,0.0,3.1,65.0,0.0,90.0,0.0,11,10
2022-09-01 20:06:00,10,14.6,0.0,3.1,65.0,0.0,90.0,0.0,11,10
2022-09-01 20:10:00,10,14.6,0.0,3.1,65.0,0.0,90.0,0.0,11,10
2022-09-01 20:16:00,9,14.6,0.0,3.1,65.0,0.0,90.0,0.0,11,10
2022-09-01 20:20:00,9,14.6,0.0,3.1,65.0,0.0,90.0,0.0,11,10
2022-09-01 20:26:00,9,14.6,0.0,3.1,65.0,0.0,90.0,0.0,11,10
2022-09-01 20:29:00,9,14.6,0.0,3.1,65.0,0.0,90.0,0.0,11,10
2022-09-01 20:36:00,9,14.2,0.0,3.6,71.0,0.0,91.0,0.0,11,11
2022-09-01 20:40:00,9,14.2,0.0,3.6,71.0,0.0,91.0,0.0,11,11
2022-09-01 20:50:00,10,14.2,0.0,3.6,71.0,0.0,91.0,0.0,10,11
2022-09-01 20:56:00,10,14.2,0.0,3.6,71.0,0.0,91.0,0.0,10,11
2022-09-01 20:59:00,10,14.2,0.0,3.6,71.0,0.0,91.0,0.0,10,11
2022-09-01 21:06:00,10,14.2,0.0,3.6,71.0,0.0,91.0,0.0,10,11
2022-09-01 21:10:00,10,14.2,0.0,3.6,71.0,0.0,91.0,0.0,10,11
2022-09-01 21:16:00,10,14.2,0.0,3.6,71.0,0.0,91.0,0.0,10,11
2022-09-01 21:19:00,10,14.2,0.0,3.6,71.0,0.0,91.0,0.0,10,11
2022-09-01 21:26:00,10,14.2,0.0,3.6,71.0,0.0,91.0,0.0,10,11
2022-09-01 21:29:00,10,14.2,0.0,3.6,71.0,0.0,91.0,0.0,10,11
2022-09-01 21:36:00,11,13.5,0.0,2.6,64.0,0.0,93.0,0.0,10,11
2022-09-01 21:39:00,11,13.5,0.0,2.6,64.0,0.0,93.0,0.0,10,11
2022-09-01 21:50:00,11,13.5,0.0,2.6,64.0,0.0,93.0,0.0,10,10
2022-09-01 21:56:00,11,13.5,0.0,2.6,64.0,0.0,93.0,0.0,10,10
2022-09-01 22:00:00,11,13.5,0.0,2.6,64.0,0.0,93.0,0.0,10,10
2022-09-01 22:06:00,11,13.5,0.0,2.6,64.0,0.0,93.0,0.0,10,10
2022-09-01 22:10:00,11,13.5,0.0,2.6,64.0,0.0,93.0,0.0,10,10
2022-09-01 22:16:00,11,13.5,0.0,2.6,64.0,0.0,93.0,0.0,10,10
2022-09-01 22:20:00,11,13.5,0.0,2.6,64.0,0.0,93.0,0.0,10,10
2022-09-01 22:26:00,11,13.5,0.0,2.6,64.0,0.0,93.0,0.0,10,10
2022-09-01 22:30:00,11,13.5,0.0,2.6,64.0,0.0,93.0,0.0,11,10
2022-09-01 22:36:00,11,12.7,0.0,1.7,57.0,0.0,95.0,0.0,11,10
2022-09-01 22:40:00,11,12.7,0.0,1.7,57.0,0.0,95.0,0.0,11,10
2022-09-01 22:46:00,10,12.7,0.0,1.7,57.0,0.0,95.0,0.0,11,10
2022-09-01 22:50:00,10,12.7,0.0,1.7,57.0,0.0,95.0,0.0,11,10
2022-09-01 22:56:00,10,12.7,0.0,1.7,57.0,0.0,95.0,0.0,11,10
2022-09-01 23:00:00,10,12.7,0.0,1.7,57.0,0.0,95.0,0.0,11,10
2022-09-01 23:06:00,10,12.7,0.0,1.7,57.0,0.0,95.0,0.0,11,10
2022-09-01 23:10:00,10,12.7,0.0,1.7,57.0,0.0,95.0,0.0,11,10
2022-09-01 23:20:00,10,12.7,0.0,1.7,57.0,0.0,95.0,0.0,11,10
2022-09-01 23:26:00,10,12.7,0.0,1.7,57.0,0.0,95.0,0.0,11,10
2022-09-01 23:30:00,10,12.7,0.0,1.7,57.0,0.0,95.0,0.0,11,11
2022-09-01 23:36:00,10,12.7,0.0,1.7,57.0,0.0,95.0,0.0,11,11
2022-09-01 23:40:00,10,12.7,0.0,1.7,57.0,0.0,95.0,0.0,11,11
2022-09-01 23:46:00,10,12.7,0.0,1.7,57.0,0.0,95.0,0.0,11,11
2022-09-01 23:50:00,10,12.7,0.0,1.7,57.0,0.0,95.0,0.0,11,11
2022-09-01 23:56:00,10,12.7,0.0,1.7,57.0,0.0,95.0,0.0,11,11
2022-09-02 00:00:00,10,12.0,0.0,0.7,51.0,0.0,97.0,0.0,11,11
2022-09-02 00:06:00,10,12.0,0.0,0.7,51.0,0.0,97.0,0.0,11,11
2022-09-02 00:10:00,10,12.0,0.0,0.7,51.0,0.0,97.0,0.0,11,11
2022-09-02 00:20:00,10,12.0,0.0,0.7,51.0,0.0,97.0,0.0,11,11
2022-09-02 00:26:00,10,12.0,0.0,0.7,51.0,0.0,97.0,0.0,11,11
2022-09-02 00:30:00,11,12.0,0.0,0.7,51.0,0.0,97.0,0.0,11,11
2022-09-02 00:36:00,11,12.0,0.0,0.7,52.0,0.0,98.0,0.0,11,11
2022-09-02 00:40:00,11,12.0,0.0,0.7,52.0,0.0,98.0,0.0,11,11
2022-09-02 00:46:00,11,12.0,0.0,0.7,52.0,0.0,98.0,0.0,11,11
2022-09-02 00:50:00,11,12.0,0.0,0.7,52.0,0.0,98.0,0.0,11,11
2022-09-02 00:56:00,11,12.0,0.0,0.7,52.0,0.0,98.0,0.0,11,11
2022-09-02 01:00:00,11,12.0,0.0,0.7,52.0,0.0,98.0,0.0,11,11
2022-09-02 01:06:00,11,12.0,0.0,0.7,52.0,0.0,98.0,0.0,11,11
2022-09-02 01:10:00,11,12.0,0.0,0.7,52.0,0.0,98.0,0.0,11,11
2022-09-02 01:16:00,11,12.0,0.0,0.7,52.0,0.0,98.0,0.0,11,11
2022-09-02 01:20:00,11,12.0,0.0,0.7,52.0,0.0,98.0,0.0,11,11
2022-09-02 01:26:00,11,12.0,0.0,0.7,52.0,0.0,98.0,0.0,11,11
2022-09-02 01:30:00,11,12.0,0.0,0.7,52.0,0.0,98.0,0.0,11,11
2022-09-02 01:36:00,11,12.0,0.0,0.7,53.0,0.0,98.0,0.0,11,11
2022-09-02 01:40:00,11,12.0,0.0,0.7,53.0,0.0,98.0,0.0,11,11
2022-09-02 01:46:00,11,12.0,0.0,0.7,53.0,0.0,98.0,0.0,11,11
2022-09-02 01:50:00,11,12.0,0.0,0.7,53.0,0.0,98.0,0.0,11,11
2022-09-02 02:00:00,11,12.0,0.0,0.7,53.0,0.0,98.0,0.0,11,11
2022-09-02 02:06:00,11,12.0,0.0,0.7,53.0,0.0,98.0,0.0,11,11
2022-09-02 02:10:00,11,12.0,0.0,0.7,53.0,0.0,98.0,0.0,11,11
2022-09-02 02:16:00,11,12.0,0.0,0.7,53.0,0.0,98.0,0.0,11,11
2022-09-02 02:20:00,11,12.0,0.0,0.7,53.0,0.0,98.0,0.0,11,11
2022-09-02 02:26:00,11,12.0,0.0,0.7,53.0,0.0,98.0,0.0,11,11
2022-09-02 02:30:00,11,12.0,0.0,0.7,53.0,0.0,98.0,0.0,11,11
2022-09-02 02:36:00,11,12.0,0.0,0.7,54.0,0.0,98.0,0.0,11,11
2022-09-02 02:40:00,11,12.0,0.0,0.7,54.0,0.0,98.0,0.0,11,11
2022-09-02 02:46:00,11,12.0,0.0,0.7,54.0,0.0,98.0,0.0,11,11
2022-09-02 02:50:00,11,12.0,0.0,0.7,54.0,0.0,98.0,0.0,11,11
2022-09-02 02:56:00,11,12.0,0.0,0.7,54.0,0.0,98.0,0.0,11,11
2022-09-02 03:00:00,11,12.0,0.0,0.7,54.0,0.0,98.0,0.0,11,11
2022-09-02 03:06:00,11,12.0,0.0,0.7,54.0,0.0,98.0,0.0,11,11
2022-09-02 03:10:00,11,12.0,0.0,0.7,54.0,0.0,98.0,0.0,11,11
2022-09-02 03:16:00,11,12.0,0.0,0.7,54.0,0.0,98.0,0.0,11,11
2022-09-02 03:20:00,11,12.0,0.0,0.7,54.0,0.0,98.0,0.0,11,11
2022-09-02 03:26:00,11,12.0,0.0,0.7,54.0,0.0,98.0,0.0,11,11
2022-09-02 03:30:00,11,12.0,0.0,0.7,54.0,0.0,98.0,0.0,11,11
2022-09-02 03:36:00,11,12.0,0.0,0.8,69.0,0.0,98.0,0.0,11,11
2022-09-02 03:40:00,11,12.0,0.0,0.8,69.0,0.0,98.0,0.0,11,11
2022-09-02 03:46:00,11,12.0,0.0,0.8,69.0,0.0,98.0,0.0,11,11
2022-09-02 03:50:00,11,12.0,0.0,0.8,69.0,0.0,98.0,0.0,11,11
2022-09-02 03:56:00,11,12.0,0.0,0.8,69.0,0.0,98.0,0.0,11,11
2022-09-02 04:00:00,11,12.0,0.0,0.8,69.0,0.0,98.0,0.0,11,11
2022-09-02 04:06:00,11,12.0,0.0,0.8,69.0,0.0,98.0,0.0,11,11
2022-09-02 04:10:00,11,12.0,0.0,0.8,69.0,0.0,98.0,0.0,11,11
2022-09-02 04:16:00,11,12.0,0.0,0.8,69.0,0.0,98.0,0.0,11,11
2022-09-02 04:20:00,11,12.0,0.0,0.8,69.0,0.0,98.0,0.0,10,11
2022-09-02 04:26:00,11,12.0,0.0,0.8,69.0,0.0,98.0,0.0,10,11
2022-09-02 04:36:00,11,12.0,0.0,1.0,85.0,0.0,98.0,0.0,10,11
2022-09-02 04:40:00,11,12.0,0.0,1.0,85.0,0.0,98.0,0.0,10,11
2022-09-02 04:46:00,11,12.0,0.0,1.0,85.0,0.0,98.0,0.0,10,11
2022-09-02 04:50:00,11,12.0,0.0,1.0,85.0,0.0,98.0,0.0,10,11
2022-09-02 04:56:00,11,12.0,0.0,1.0,85.0,0.0,98.0,0.0,10,11
2022-09-02 05:00:00,11,12.0,0.0,1.0,85.0,0.0,98.0,0.0,10,11
2022-09-02 05:10:00,11,12.0,0.0,1.0,85.0,0.0,98.0,0.0,9,11
2022-09-02 05:16:00,11,12.0,0.0,1.0,85.0,0.0,98.0,0.0,9,11
2022-09-02 05:20:00,11,12.0,0.0,1.0,85.0,0.0,98.0,0.0,9,10
2022-09-02 05:26:00,11,12.0,0.0,1.0,85.0,0.0,98.0,0.0,8,10
2022-09-02 05:30:00,11,12.0,0.0,1.0,85.0,0.0,98.0,0.0,8,10
2022-09-02 05:36:00,11,12.0,0.0,1.1,100.0,0.0,98.0,0.0,8,10
2022-09-02 05:40:00,11,12.0,0.0,1.1,100.0,0.0,98.0,0.0,8,10
2022-09-02 05:46:00,11,12.0,0.0,1.1,100.0,0.0,98.0,0.0,8,10
2022-09-02 05:50:00,11,12.0,0.0,1.1,100.0,0.0,98.0,0.0,8,10
2022-09-02 05:56:00,11,12.0,0.0,1.1,100.0,0.0,98.0,0.0,8,10
2022-09-02 06:00:00,11,12.0,0.0,1.1,100.0,0.0,98.0,0.0,8,10
2022-09-02 06:06:00,11,12.0,0.0,1.1,100.0,0.0,98.0,0.0,7,9
2022-09-02 06:10:00,11,12.0,0.0,1.1,100.0,0.0,98.0,0.0,7,9
2022-09-02 06:16:00,11,12.0,0.0,1.1,100.0,0.0,98.0,0.0,7,9
2022-09-02 06:20:00,10,12.0,0.0,1.1,100.0,0.0,98.0,0.0,7,9
2022-09-02 06:26:00,10,12.0,0.0,1.1,100.0,0.0,98.0,0.0,7,8
2022-09-02 06:30:00,10,12.0,0.0,1.1,100.0,0.0,98.0,0.0,6,8
2022-09-02 06:36:00,10,13.8,1.0,1.8,70.0,0.0,87.0,0.0,6,8
2022-09-02 06:40:00,10,13.8,1.0,1.8,70.0,0.0,87.0,0.0,6,8
2022-09-02 06:46:00,10,13.8,1.0,1.8,70.0,0.0,87.0,0.0,6,8
2022-09-02 06:50:00,10,13.8,1.0,1.8,70.0,0.0,87.0,0.0,6,8
2022-09-02 06:56:00,10,13.8,1.0,1.8,70.0,0.0,87.0,0.0,6,8
2022-09-02 07:00:00,10,13.8,1.0,1.8,70.0,0.0,87.0,0.0,6,8
2022-09-02 07:06:00,9,13.8,1.0,1.8,70.0,0.0,87.0,0.0,6,7
2022-09-02 07:10:00,9,13.8,1.0,1.8,70.0,0.0,87.0,0.0,6,7
2022-09-02 07:16:00,9,13.8,1.0,1.8,70.0,0.0,87.0,0.0,6,7
2022-09-02 07:20:00,9,13.8,1.0,1.8,70.0,0.0,87.0,0.0,6,7
2022-09-02 07:26:00,8,13.8,1.0,1.8,70.0,0.0,87.0,0.0,4,7
2022-09-02 07:30:00,8,13.8,1.0,1.8,70.0,0.0,87.0,0.0,4,6
2022-09-02 07:36:00,8,15.2,1.0,2.5,40.0,0.0,76.0,0.0,4,6
2022-09-02 07:46:00,8,15.2,1.0,2.5,40.0,0.0,76.0,0.0,4,6
2022-09-02 07:50:00,8,15.2,1.0,2.5,40.0,0.0,76.0,0.0,5,6
2022-09-02 07:56:00,8,15.2,1.0,2.5,40.0,0.0,76.0,0.0,5,6
2022-09-02 08:00:00,8,15.2,1.0,2.5,40.0,0.0,76.0,0.0,6,6
2022-09-02 08:06:00,7,15.2,1.0,2.5,40.0,0.0,76.0,0.0,6,6
2022-09-02 08:20:00,7,15.2,1.0,2.5,40.0,0.0,76.0,0.0,6,6
2022-09-02 08:26:00,7,15.2,1.0,2.5,40.0,0.0,76.0,0.0,6,4
2022-09-02 08:30:00,6,15.2,1.0,2.5,40.0,0.0,76.0,0.0,6,4
2022-09-02 08:36:00,6,17.6,1.0,3.2,10.0,0.0,65.0,0.0,6,4
2022-09-02 08:40:00,6,17.6,1.0,3.2,10.0,0.0,65.0,0.0,6,4
2022-09-02 08:46:00,6,17.6,1.0,3.2,10.0,0.0,65.0,0.0,6,4
2022-09-02 08:50:00,6,17.6,1.0,3.2,10.0,0.0,65.0,0.0,6,5
2022-09-02 08:56:00,6,17.6,1.0,3.2,10.0,0.0,65.0,0.0,6,5
2022-09-02 09:00:00,6,17.6,1.0,3.2,10.0,0.0,65.0,0.0,6,6
2022-09-02 09:06:00,6,17.6,1.0,3.2,10.0,0.0,65.0,0.0,7,6
2022-09-02 09:10:00,6,17.6,1.0,3.2,10.0,0.0,65.0,0.0,8,6
2022-09-02 09:20:00,6,17.6,1.0,3.2,10.0,0.0,65.0,0.0,8,6
2022-09-02 09:26:00,4,17.6,1.0,3.2,10.0,0.0,65.0,0.0,8,6
2022-09-02 09:30:00,4,17.6,1.0,3.2,10.0,0.0,65.0,0.0,8,6
2022-09-02 09:36:00,4,19.3,1.0,5.0,12.0,0.0,58.0,0.0,8,6
2022-09-02 09:40:00,4,19.3,1.0,5.0,12.0,0.0,58.0,0.0,8,6
2022-09-02 09:46:00,4,19.3,1.0,5.0,12.0,0.0,58.0,0.0,8,6
2022-09-02 09:50:00,5,19.3,1.0,5.0,12.0,0.0,58.0,0.0,9,6
2022-09-02 09:56:00,5,19.3,1.0,5.0,12.0,0.0,58.0,0.0,9,6
2022-09-02 10:00:00,6,19.3,1.0,5.0,12.0,0.0,58.0,0.0,9,6
2022-09-02 10:06:00,6,19.3,1.0,5.0,12.0,0.0,58.0,0.0,9,7
2022-09-02 10:10:00,6,19.3,1.0,5.0,12.0,0.0,58.0,0.0,9,8
2022-09-02 10:16:00,6,19.3,1.0,5.0,12.0,0.0,58.0,0.0,9,8
2022-09-02 10:26:00,6,19.3,1.0,5.0,12.0,0.0,58.0,0.0,7,8
2022-09-02 10:30:00,6,19.3,1.0,5.0,12.0,0.0,58.0,0.0,7,8
2022-09-02 10:37:00,6,21.0,1.0,6.8,14.0,0.0,51.0,0.0,7,8
2022-09-02 10:40:00,6,21.0,1.0,6.8,14.0,0.0,51.0,0.0,7,8
2022-09-02 10:46:00,6,21.0,1.0,6.8,14.0,0.0,51.0,0.0,6,8
2022-09-02 10:50:00,6,21.0,1.0,6.8,14.0,0.0,51.0,0.0,6,9
2022-09-02 10:56:00,6,21.0,1.0,6.8,14.0,0.0,51.0,0.0,5,9
2022-09-02 11:00:00,6,21.0,1.0,6.8,14.0,0.0,51.0,0.0,6,9
2022-09-02 11:07:00,7,21.0,1.0,6.8,14.0,0.0,51.0,0.0,5,9
2022-09-02 11:10:00,8,21.0,1.0,6.8,14.0,0.0,51.0,0.0,6,9
2022-09-02 11:16:00,8,21.0,1.0,6.8,14.0,0.0,51.0,0.0,6,9
2022-09-02 11:20:00,8,21.0,1.0,6.8,14.0,0.0,51.0,0.0,6,7
2022-09-02 11:26:00,8,21.0,1.0,6.8,14.0,0.0,51.0,0.0,6,7
2022-09-02 11:30:00,8,21.0,1.0,6.8,14.0,0.0,51.0,0.0,6,7
2022-09-02 11:37:00,8,22.7,1.0,8.6,17.0,0.0,44.0,0.0,7,7
2022-09-02 11:40:00,8,22.7,1.0,8.6,17.0,0.0,44.0,0.0,7,7
2022-09-02 11:46:00,8,22.7,1.0,8.6,17.0,0.0,44.0,0.0,7,6
2022-09-02 11:50:00,9,22.7,1.0,8.6,17.0,0.0,44.0,0.0,7,6
2022-09-02 11:56:00,9,22.7,1.0,8.6,17.0,0.0,44.0,0.0,7,5
2022-09-02 12:00:00,9,22.7,1.0,8.6,17.0,0.0,44.0,0.0,7,6
2022-09-02 12:06:00,9,22.7,1.0,8.6,17.0,0.0,44.0,0.0,7,5
2022-09-02 12:10:00,9,22.7,1.0,8.6,17.0,0.0,44.0,0.0,7,6
2022-09-02 12:17:00,9,22.7,1.0,8.6,17.0,0.0,44.0,0.0,7,6
2022-09-02 12:20:00,7,22.7,1.0,8.6,17.0,0.0,44.0,0.0,7,6
2022-09-02 12:26:00,7,22.7,1.0,8.6,17.0,0.0,44.0,0.0,7,6
2022-09-02 12:37:00,7,22.3,1.0,8.6,20.0,0.0,43.0,0.0,6,7
2022-09-02 12:40:00,7,22.3,1.0,8.6,20.0,0.0,43.0,0.0,6,7
2022-09-02 12:47:00,6,22.3,1.0,8.6,20.0,0.0,43.0,0.0,6,7
2022-09-02 12:50:00,6,22.3,1.0,8.6,20.0,0.0,43.0,0.0,6,7
2022-09-02 12:56:00,5,22.3,1.0,8.6,20.0,0.0,43.0,0.0,7,7
2022-09-02 13:00:00,6,22.3,1.0,8.6,20.0,0.0,43.0,0.0,7,7
2022-09-02 13:06:00,5,22.3,1.0,8.6,20.0,0.0,43.0,0.0,7,7
2022-09-02 13:10:00,6,22.3,1.0,8.6,20.0,0.0,43.0,0.0,7,7
2022-09-02 13:17:00,6,22.3,1.0,8.6,20.0,0.0,43.0,0.0,8,7
2022-09-02 13:20:00,6,22.3,1.0,8.6,20.0,0.0,43.0,0.0,8,7
2022-09-02 13:27:00,6,22.3,1.0,8.6,20.0,0.0,43.0,0.0,8,7
2022-09-02 13:30:00,6,22.3,1.0,8.6,20.0,0.0,43.0,0.0,8,6
2022-09-02 13:37:00,7,22.0,1.0,8.6,24.0,0.0,42.0,0.0,8,6
2022-09-02 13:40:00,7,22.0,1.0,8.6,24.0,0.0,42.0,0.0,8,6
2022-09-02 13:47:00,7,22.0,1.0,8.6,24.0,0.0,42.0,0.0,7,6
2022-09-02 13:50:00,7,22.0,1.0,8.6,24.0,0.0,42.0,0.0,7,6
2022-09-02 13:57:00,7,22.0,1.0,8.6,24.0,0.0,42.0,0.0,7,7
2022-09-02 14:00:00,7,22.0,1.0,8.6,24.0,0.0,42.0,0.0,8,7
2022-09-02 14:07:00,7,22.0,1.0,8.6,24.0,0.0,42.0,0.0,9,7
2022-09-02 14:10:00,7,22.0,1.0,8.6,24.0,0.0,42.0,0.0,8,7
2022-09-02 14:17:00,7,22.0,1.0,8.6,24.0,0.0,42.0,0.0,8,8
2022-09-02 14:21:00,7,22.0,1.0,8.6,24.0,0.0,42.0,0.0,8,8
2022-09-02 14:27:00,7,22.0,1.0,8.6,24.0,0.0,42.0,0.0,9,8
2022-09-02 14:31:00,6,21.6,1.0,8.6,28.0,0.0,41.0,0.0,9,8
2022-09-02 14:37:00,6,21.6,1.0,8.6,28.0,0.0,41.0,0.0,9,8
2022-09-02 14:40:00,6,21.6,1.0,8.6,28.0,0.0,41.0,0.0,10,8
2022-09-02 14:47:00,6,21.6,1.0,8.6,28.0,0.0,41.0,0.0,10,7
2022-09-02 14:50:00,6,21.6,1.0,8.6,28.0,0.0,41.0,0.0,10,7
2022-09-02 14:57:00,7,21.6,1.0,8.6,28.0,0.0,41.0,0.0,10,7
2022-09-02 15:01:00,7,21.6,1.0,8.6,28.0,0.0,41.0,0.0,10,8
2022-09-02 15:08:00,7,21.6,1.0,8.6,28.0,0.0,41.0,0.0,10,9
2022-09-02 15:10:00,7,21.6,1.0,8.6,28.0,0.0,41.0,0.0,10,8
2022-09-02 15:17:00,8,21.6,1.0,8.6,28.0,0.0,41.0,0.0,10,8
2022-09-02 15:20:00,8,21.6,1.0,8.6,28.0,0.0,41.0,0.0,10,8
2022-09-02 15:27:00,8,21.6,1.0,8.6,28.0,0.0,41.0,0.0,11,9
2022-09-02 15:31:00,8,19.9,1.0,7.6,23.0,0.0,50.0,0.0,12,9
2022-09-02 15:37:00,8,19.9,1.0,7.6,23.0,0.0,50.0,0.0,12,9
2022-09-02 15:40:00,8,19.9,1.0,7.6,23.0,0.0,50.0,0.0,12,10
2022-09-02 15:47:00,7,19.9,1.0,7.6,23.0,0.0,50.0,0.0,12,10
2022-09-02 15:50:00,7,19.9,1.0,7.6,23.0,0.0,50.0,0.0,13,10
2022-09-02 15:57:00,7,19.9,1.0,7.6,23.0,0.0,50.0,0.0,13,10
2022-09-02 16:00:00,8,19.9,1.0,7.6,23.0,0.0,50.0,0.0,13,10
2022-09-02 16:07:00,9,19.9,1.0,7.6,23.0,0.0,50.0,0.0,13,10
2022-09-02 16:11:00,8,19.9,1.0,7.6,23.0,0.0,50.0,0.0,13,10
2022-09-02 16:20:00,8,19.9,1.0,7.6,23.0,0.0,50.0,0.0,13,10
2022-09-02 16:27:00,9,19.9,1.0,7.6,23.0,0.0,50.0,0.0,13,11
2022-09-02 16:30:00,9,19.9,1.0,7.6,23.0,0.0,50.0,0.0,13,12
2022-09-02 16:37:00,9,18.2,1.0,6.5,19.0,0.0,58.0,0.0,13,12
2022-09-02 16:41:00,10,18.2,1.0,6.5,19.0,0.0,58.0,0.0,13,12
2022-09-02 16:47:00,10,18.2,1.0,6.5,19.0,0.0,58.0,0.0,13,12
2022-09-02 16:50:00,10,18.2,1.0,6.5,19.0,0.0,58.0,0.0,13,13
2022-09-02 16:57:00,10,18.2,1.0,6.5,19.0,0.0,58.0,0.0,13,13
2022-09-02 17:01:00,10,18.2,1.0,6.5,19.0,0.0,58.0,0.0,13,13
2022-09-02 17:07:00,10,18.2,1.0,6.5,19.0,0.0,58.0,0.0,13,13
2022-09-02 17:10:00,10,18.2,1.0,6.5,19.0,0.0,58.0,0.0,13,13
2022-09-02 17:17:00,10,18.2,1.0,6.5,19.0,0.0,58.0,0.0,11,13
2022-09-02 17:21:00,10,18.2,1.0,6.5,19.0,0.0,58.0,0.0,11,13
2022-09-02 17:27:00,11,18.2,1.0,6.5,19.0,0.0,58.0,0.0,11,13
2022-09-02 17:31:00,12,17.8,1.0,5.4,14.0,0.0,67.0,0.0,11,13
2022-09-02 17:37:00,12,17.8,1.0,5.4,14.0,0.0,67.0,0.0,11,13
2022-09-02 17:40:00,12,17.8,1.0,5.4,14.0,0.0,67.0,0.0,11,13
2022-09-02 17:47:00,12,17.8,1.0,5.4,14.0,0.0,67.0,0.0,11,13
2022-09-02 17:51:00,13,17.8,1.0,5.4,14.0,0.0,67.0,0.0,11,13
2022-09-02 17:57:00,13,17.8,1.0,5.4,14.0,0.0,67.0,0.0,11,13
2022-09-02 18:00:00,13,17.8,1.0,5.4,14.0,0.0,67.0,0.0,10,13
2022-09-02 18:07:00,13,17.8,1.0,5.4,14.0,0.0,67.0,0.0,10,13
2022-09-02 18:11:00,13,17.8,1.0,5.4,14.0,0.0,67.0,0.0,10,13
2022-09-02 18:17:00,13,17.8,1.0,5.4,14.0,0.0,67.0,0.0,10,11
2022-09-02 18:20:00,13,17.8,1.0,5.4,14.0,0.0,67.0,0.0,11,11
2022-09-02 18:27:00,13,17.8,1.0,5.4,14.0,0.0,67.0,0.0,10,11
2022-09-02 18:37:00,13,16.3,1.0,4.7,14.0,0.0,72.0,0.0,10,11
2022-09-02 18:41:00,13,16.3,1.0,4.7,14.0,0.0,72.0,0.0,10,11
2022-09-02 18:47:00,13,16.3,1.0,4.7,14.0,0.0,72.0,0.0,11,11
2022-09-02 18:51:00,13,16.3,1.0,4.7,14.0,0.0,72.0,0.0,11,11
2022-09-02 18:57:00,13,16.3,1.0,4.7,14.0,0.0,72.0,0.0,11,11
2022-09-02 19:01:00,13,16.3,1.0,4.7,14.0,0.0,72.0,0.0,11,10
2022-09-02 19:07:00,13,16.3,1.0,4.7,14.0,0.0,72.0,0.0,11,10
2022-09-02 19:11:00,13,16.3,1.0,4.7,14.0,0.0,72.0,0.0,11,10
2022-09-02 19:17:00,11,16.3,1.0,4.7,14.0,0.0,72.0,0.0,11,10
2022-09-02 19:21:00,11,16.3,1.0,4.7,14.0,0.0,72.0,0.0,11,11
2022-09-02 19:27:00,11,16.3,1.0,4.7,14.0,0.0,72.0,0.0,11,10
2022-09-02 19:31:00,11,14.6,0.0,4.0,13.0,0.0,78.0,0.0,11,10
2022-09-02 19:37:00,11,14.6,0.0,4.0,13.0,0.0,78.0,0.0,11,10
2022-09-02 19:41:00,11,14.6,0.0,4.0,13.0,0.0,78.0,0.0,11,10
2022-09-02 19:47:00,11,14.6,0.0,4.0,13.0,0.0,78.0,0.0,11,11
2022-09-02 19:51:00,11,14.6,0.0,4.0,13.0,0.0,78.0,0.0,11,11
2022-09-02 19:57:00,11,14.6,0.0,4.0,13.0,0.0,78.0,0.0,11,11
2022-09-02 20:01:00,10,14.6,0.0,4.0,13.0,0.0,78.0,0.0,11,11
2022-09-02 20:07:00,10,14.6,0.0,4.0,13.0,0.0,78.0,0.0,11,11
2022-09-02 20:11:00,10,14.6,0.0,4.0,13.0,0.0,78.0,0.0,11,11
2022-09-02 20:17:00,10,14.6,0.0,4.0,13.0,0.0,78.0,0.0,11,11
2022-09-02 20:21:00,11,14.6,0.0,4.0,13.0,0.0,78.0,0.0,11,11
2022-09-02 20:31:00,10,13.4,0.0,3.2,13.0,0.0,83.0,0.0,11,11
2022-09-02 20:37:00,10,13.4,0.0,3.2,13.0,0.0,83.0,0.0,11,11
2022-09-02 20:41:00,10,13.4,0.0,3.2,13.0,0.0,83.0,0.0,11,11
2022-09-02 20:47:00,11,13.4,0.0,3.2,13.0,0.0,83.0,0.0,11,11
2022-09-02 20:51:00,11,13.4,0.0,3.2,13.0,0.0,83.0,0.0,11,11
2022-09-02 20:57:00,11,13.4,0.0,3.2,13.0,0.0,83.0,0.0,11,11
2022-09-02 21:01:00,11,13.4,0.0,3.2,13.0,0.0,83.0,0.0,11,11
2022-09-02 21:07:00,11,13.4,0.0,3.2,13.0,0.0,83.0,0.0,13,11
2022-09-02 21:11:00,11,13.4,0.0,3.2,13.0,0.0,83.0,0.0,13,11
2022-09-02 21:17:00,11,13.4,0.0,3.2,13.0,0.0,83.0,0.0,13,11
2022-09-02 21:21:00,11,13.4,0.0,3.2,13.0,0.0,83.0,0.0,13,11
2022-09-02 21:27:00,11,13.4,0.0,3.2,13.0,0.0,83.0,0.0,13,11
2022-09-02 21:31:00,11,12.8,0.0,2.8,11.0,0.0,87.0,0.0,13,11
2022-09-02 21:37:00,11,12.8,0.0,2.8,11.0,0.0,87.0,0.0,13,11
2022-09-02 21:41:00,11,12.8,0.0,2.8,11.0,0.0,87.0,0.0,13,11
2022-09-02 21:47:00,11,12.8,0.0,2.8,11.0,0.0,87.0,0.0,13,11
2022-09-02 21:51:00,11,12.8,0.0,2.8,11.0,0.0,87.0,0.0,13,11
2022-09-02 21:57:00,11,12.8,0.0,2.8,11.0,0.0,87.0,0.0,13,11
2022-09-02 22:01:00,11,12.8,0.0,2.8,11.0,0.0,87.0,0.0,13,11
2022-09-02 22:07:00,11,12.8,0.0,2.8,11.0,0.0,87.0,0.0,13,13
2022-09-02 22:11:00,11,12.8,0.0,2.8,11.0,0.0,87.0,0.0,13,13
2022-09-02 22:17:00,11,12.8,0.0,2.8,11.0,0.0,87.0,0.0,13,13
2022-09-02 22:21:00,11,12.8,0.0,2.8,11.0,0.0,87.0,0.0,13,13
2022-09-02 22:27:00,11,12.8,0.0,2.8,11.0,0.0,87.0,0.0,13,13
2022-09-02 22:31:00,11,12.3,0.0,2.3,9.0,0.0,91.0,0.0,13,13
2022-09-02 22:37:00,11,12.3,0.0,2.3,9.0,0.0,91.0,0.0,14,13
2022-09-02 22:41:00,11,12.3,0.0,2.3,9.0,0.0,91.0,0.0,14,13
2022-09-02 22:47:00,11,12.3,0.0,2.3,9.0,0.0,91.0,0.0,14,13
2022-09-02 22:51:00,11,12.3,0.0,2.3,9.0,0.0,91.0,0.0,14,13
2022-09-02 22:57:00,11,12.3,0.0,2.3,9.0,0.0,91.0,0.0,14,13
2022-09-02 23:01:00,11,12.3,0.0,2.3,9.0,0.0,91.0,0.0,14,13
2022-09-02 23:07:00,13,12.3,0.0,2.3,9.0,0.0,91.0,0.0,14,13
2022-09-02 23:11:00,13,12.3,0.0,2.3,9.0,0.0,91.0,0.0,14,13
2022-09-02 23:17:00,13,12.3,0.0,2.3,9.0,0.0,91.0,0.0,14,13
2022-09-02 23:21:00,13,12.3,0.0,2.3,9.0,0.0,91.0,0.0,14,13
2022-09-02 23:27:00,13,12.3,0.0,2.3,9.0,0.0,91.0,0.0,14,13
2022-09-02 23:31:00,13,12.3,0.0,2.3,9.0,0.0,91.0,0.0,14,13
2022-09-02 23:37:00,13,12.3,0.0,2.3,9.0,0.0,91.0,0.0,14,14
2022-09-02 23:41:00,13,12.3,0.0,2.3,9.0,0.0,91.0,0.0,14,14
2022-09-02 23:47:00,13,12.3,0.0,2.3,9.0,0.0,91.0,0.0,14,14
2022-09-02 23:51:00,13,12.3,0.0,2.3,9.0,0.0,91.0,0.0,14,14
2022-09-02 23:57:00,13,12.3,0.0,2.3,9.0,0.0,91.0,0.0,14,14
2022-09-03 00:01:00,13,11.5,0.0,1.8,7.0,0.0,94.0,0.0,14,14
2022-09-03 00:07:00,13,11.5,0.0,1.8,7.0,0.0,94.0,0.0,14,14
2022-09-03 00:11:00,13,11.5,0.0,1.8,7.0,0.0,94.0,0.0,14,14
2022-09-03 00:17:00,13,11.5,0.0,1.8,7.0,0.0,94.0,0.0,14,14
2022-09-03 00:21:00,13,11.5,0.0,1.8,7.0,0.0,94.0,0.0,14,14
2022-09-03 00:27:00,13,11.5,0.0,1.8,7.0,0.0,94.0,0.0,14,14
2022-09-03 00:31:00,13,12.2,0.0,1.6,6.0,0.0,95.0,0.0,14,14
2022-09-03 00:37:00,14,12.2,0.0,1.6,6.0,0.0,95.0,0.0,14,14
2022-09-03 00:41:00,14,12.2,0.0,1.6,6.0,0.0,95.0,0.0,14,14
2022-09-03 00:47:00,14,12.2,0.0,1.6,6.0,0.0,95.0,0.0,14,14
2022-09-03 00:51:00,14,12.2,0.0,1.6,6.0,0.0,95.0,0.0,14,14
2022-09-03 00:57:00,14,12.2,0.0,1.6,6.0,0.0,95.0,0.0,14,14
2022-09-03 01:01:00,14,12.2,0.0,1.6,6.0,0.0,95.0,0.0,14,14
2022-09-03 01:07:00,14,12.2,0.0,1.6,6.0,0.0,95.0,0.0,14,14
2022-09-03 01:11:00,14,12.2,0.0,1.6,6.0,0.0,95.0,0.0,14,14
2022-09-03 01:17:00,14,12.2,0.0,1.6,6.0,0.0,95.0,0.0,14,14
2022-09-03 01:21:00,14,12.2,0.0,1.6,6.0,0.0,95.0,0.0,14,14
2022-09-03 01:27:00,14,12.2,0.0,1.6,6.0,0.0,95.0,0.0,14,14
2022-09-03 01:31:00,14,12.2,0.0,1.3,5.0,0.0,95.0,0.0,14,14
2022-09-03 01:37:00,14,12.2,0.0,1.3,5.0,0.0,95.0,0.0,14,14
2022-09-03 01:41:00,14,12.2,0.0,1.3,5.0,0.0,95.0,0.0,14,14
2022-09-03 01:47:00,14,12.2,0.0,1.3,5.0,0.0,95.0,0.0,14,14
2022-09-03 01:51:00,14,12.2,0.0,1.3,5.0,0.0,95.0,0.0,14,14
2022-09-03 01:57:00,14,12.2,0.0,1.3,5.0,0.0,95.0,0.0,14,14
2022-09-03 02:01:00,14,12.2,0.0,1.3,5.0,0.0,95.0,0.0,14,14
2022-09-03 02:07:00,14,12.2,0.0,1.3,5.0,0.0,95.0,0.0,14,14
2022-09-03 02:11:00,14,12.2,0.0,1.3,5.0,0.0,95.0,0.0,14,14
2022-09-03 02:17:00,14,12.2,0.0,1.3,5.0,0.0,95.0,0.0,14,14
2022-09-03 02:21:00,14,12.2,0.0,1.3,5.0,0.0,95.0,0.0,14,14
2022-09-03 02:27:00,14,12.2,0.0,1.3,5.0,0.0,95.0,0.0,14,14
2022-09-03 02:31:00,14,12.3,0.0,1.1,4.0,0.0,95.0,0.0,14,14
2022-09-03 02:41:00,14,12.3,0.0,1.1,4.0,0.0,95.0,0.0,14,14
2022-09-03 02:47:00,14,12.3,0.0,1.1,4.0,0.0,95.0,0.0,14,14
2022-09-03 02:51:00,14,12.3,0.0,1.1,4.0,0.0,95.0,0.0,14,14
2022-09-03 02:57:00,14,12.3,0.0,1.1,4.0,0.0,95.0,0.0,14,14
2022-09-03 03:01:00,14,12.3,0.0,1.1,4.0,0.0,95.0,0.0,14,14
2022-09-03 03:07:00,14,12.3,0.0,1.1,4.0,0.0,95.0,0.0,14,14
2022-09-03 03:11:00,14,12.3,0.0,1.1,4.0,0.0,95.0,0.0,14,14
2022-09-03 03:17:00,14,12.3,0.0,1.1,4.0,0.0,95.0,0.0,14,14
2022-09-03 03:21:00,14,12.3,0.0,1.1,4.0,0.0,95.0,0.0,14,14
2022-09-03 03:27:00,14,12.3,0.0,1.1,4.0,0.0,95.0,0.0,14,14
2022-09-03 03:31:00,14,12.1,0.0,1.3,7.0,0.0,95.0,0.0,14,14
2022-09-03 03:37:00,14,12.1,0.0,1.3,7.0,0.0,95.0,0.0,14,14
2022-09-03 03:41:00,14,12.1,0.0,1.3,7.0,0.0,95.0,0.0,14,14
2022-09-03 03:47:00,14,12.1,0.0,1.3,7.0,0.0,95.0,0.0,14,14
2022-09-03 03:51:00,14,12.1,0.0,1.3,7.0,0.0,95.0,0.0,14,14
2022-09-03 03:57:00,14,12.1,0.0,1.3,7.0,0.0,95.0,0.0,14,14
2022-09-03 04:01:00,14,12.1,0.0,1.3,7.0,0.0,95.0,0.0,14,14
2022-09-03 04:07:00,14,12.1,0.0,1.3,7.0,0.0,95.0,0.0,14,14
2022-09-03 04:11:00,14,12.1,0.0,1.3,7.0,0.0,95.0,0.0,14,14
2022-09-03 04:17:00,14,12.1,0.0,1.3,7.0,0.0,95.0,0.0,14,14
2022-09-03 04:21:00,14,12.1,0.0,1.3,7.0,0.0,95.0,0.0,14,14
2022-09-03 04:27:00,14,12.1,0.0,1.3,7.0,0.0,95.0,0.0,14,14
2022-09-03 04:31:00,14,11.9,0.0,1.6,9.0,0.0,94.0,0.0,14,14
2022-09-03 04:37:00,14,11.9,0.0,1.6,9.0,0.0,94.0,0.0,14,14
2022-09-03 04:41:00,14,11.9,0.0,1.6,9.0,0.0,94.0,0.0,14,14
2022-09-03 04:48:00,14,11.9,0.0,1.6,9.0,0.0,94.0,0.0,14,14
2022-09-03 04:51:00,14,11.9,0.0,1.6,9.0,0.0,94.0,0.0,14,14
2022-09-03 05:01:00,14,11.9,0.0,1.6,9.0,0.0,94.0,0.0,14,14
2022-09-03 05:07:00,14,11.9,0.0,1.6,9.0,0.0,94.0,0.0,14,14
2022-09-03 05:11:00,14,11.9,0.0,1.6,9.0,0.0,94.0,0.0,14,14
2022-09-03 05:17:00,14,11.9,0.0,1.6,9.0,0.0,94.0,0.0,14,14
2022-09-03 05:21:00,14,11.9,0.0,1.6,9.0,0.0,94.0,0.0,14,14
2022-09-03 05:27:00,14,11.9,0.0,1.6,9.0,0.0,94.0,0.0,14,14
2022-09-03 05:31:00,14,11.8,0.0,1.8,11.0,0.0,94.0,0.0,14,14
2022-09-03 05:37:00,14,11.8,0.0,1.8,11.0,0.0,94.0,0.0,14,14
2022-09-03 05:41:00,14,11.8,0.0,1.8,11.0,0.0,94.0,0.0,14,14
2022-09-03 05:47:00,14,11.8,0.0,1.8,11.0,0.0,94.0,0.0,14,14
2022-09-03 05:51:00,14,11.8,0.0,1.8,11.0,0.0,94.0,0.0,14,14
2022-09-03 06:01:00,14,11.8,0.0,1.8,11.0,0.0,94.0,0.0,13,14
2022-09-03 06:08:00,14,11.8,0.0,1.8,11.0,0.0,94.0,0.0,13,14
2022-09-03 06:11:00,14,11.8,0.0,1.8,11.0,0.0,94.0,0.0,13,14
2022-09-03 06:17:00,14,11.8,0.0,1.8,11.0,0.0,94.0,0.0,13,14
2022-09-03 06:21:00,14,11.8,0.0,1.8,11.0,0.0,94.0,0.0,13,14
2022-09-03 06:27:00,14,11.8,0.0,1.8,11.0,0.0,94.0,0.0,13,14
2022-09-03 06:31:00,14,13.1,1.0,1.7,10.0,0.0,83.0,0.0,13,14
2022-09-03 06:38:00,14,13.1,1.0,1.7,10.0,0.0,83.0,0.0,14,14
2022-09-03 06:41:00,14,13.1,1.0,1.7,10.0,0.0,83.0,0.0,14,14
2022-09-03 06:47:00,14,13.1,1.0,1.7,10.0,0.0,83.0,0.0,14,14
2022-09-03 06:51:00,14,13.1,1.0,1.7,10.0,0.0,83.0,0.0,14,14
2022-09-03 06:57:00,14,13.1,1.0,1.7,10.0,0.0,83.0,0.0,14,14
2022-09-03 07:01:00,14,13.1,1.0,1.7,10.0,0.0,83.0,0.0,14,13
2022-09-03 07:07:00,14,13.1,1.0,1.7,10.0,0.0,83.0,0.0,14,13
2022-09-03 07:11:00,14,13.1,1.0,1.7,10.0,0.0,83.0,0.0,14,13
2022-09-03 07:18:00,14,13.1,1.0,1.7,10.0,0.0,83.0,0.0,14,13
2022-09-03 07:21:00,14,13.1,1.0,1.7,10.0,0.0,83.0,0.0,14,13
2022-09-03 07:27:00,14,13.1,1.0,1.7,10.0,0.0,83.0,0.0,14,13
2022-09-03 07:31:00,14,15.8,1.0,1.6,9.0,0.0,72.0,0.0,14,13
2022-09-03 07:37:00,14,15.8,1.0,1.6,9.0,0.0,72.0,0.0,14,14
2022-09-03 07:41:00,14,15.8,1.0,1.6,9.0,0.0,72.0,0.0,14,14
2022-09-03 07:47:00,14,15.8,1.0,1.6,9.0,0.0,72.0,0.0,14,14
2022-09-03 07:51:00,14,15.8,1.0,1.6,9.0,0.0,72.0,0.0,14,14
2022-09-03 07:57:00,14,15.8,1.0,1.6,9.0,0.0,72.0,0.0,14,14
2022-09-03 08:01:00,13,15.8,1.0,1.6,9.0,0.0,72.0,0.0,14,14
2022-09-03 08:07:00,13,15.8,1.0,1.6,9.0,0.0,72.0,0.0,14,14
2022-09-03 08:11:00,13,15.8,1.0,1.6,9.0,0.0,72.0,0.0,14,14
2022-09-03 08:17:00,13,15.8,1.0,1.6,9.0,0.0,72.0,0.0,14,14
2022-09-03 08:21:00,13,15.8,1.0,1.6,9.0,0.0,72.0,0.0,14,14
2022-09-03 08:28:00,13,15.8,1.0,1.6,9.0,0.0,72.0,0.0,14,14
2022-09-03 08:31:00,13,18.5,1.0,1.4,7.0,0.0,60.0,0.0,14,14
2022-09-03 08:37:00,14,18.5,1.0,1.4,7.0,0.0,60.0,0.0,14,14
2022-09-03 08:41:00,14,18.5,1.0,1.4,7.0,0.0,60.0,0.0,14,14
2022-09-03 08:48:00,14,18.5,1.0,1.4,7.0,0.0,60.0,0.0,14,14
2022-09-03 08:51:00,14,18.5,1.0,1.4,7.0,0.0,60.0,0.0,14,14
2022-09-03 08:57:00,14,18.5,1.0,1.4,7.0,0.0,60.0,0.0,14,14
2022-09-03 09:01:00,14,18.5,1.0,1.4,7.0,0.0,60.0,0.0,14,14
2022-09-03 09:07:00,14,18.5,1.0,1.4,7.0,0.0,60.0,0.0,14,14
2022-09-03 09:11:00,14,18.5,1.0,1.4,7.0,0.0,60.0,0.0,14,14
2022-09-03 09:21:00,14,18.5,1.0,1.4,7.0,0.0,60.0,0.0,14,14
2022-09-03 09:27:00,14,18.5,1.0,1.4,7.0,0.0,60.0,0.0,14,14
2022-09-03 09:32:00,14,20.5,1.0,1.6,14.0,0.0,55.0,0.0,14,14
2022-09-03 09:38:00,14,20.5,1.0,1.6,14.0,0.0,55.0,0.0,14,14
2022-09-03 09:41:00,14,20.5,1.0,1.6,14.0,0.0,55.0,0.0,14,14
2022-09-03 09:48:00,14,20.5,1.0,1.6,14.0,0.0,55.0,0.0,14,14
2022-09-03 09:51:00,14,20.5,1.0,1.6,14.0,0.0,55.0,0.0,14,14
2022-09-03 09:58:00,14,20.5,1.0,1.6,14.0,0.0,55.0,0.0,14,14
2022-09-03 10:01:00,14,20.5,1.0,1.6,14.0,0.0,55.0,0.0,14,14
2022-09-03 10:07:00,14,20.5,1.0,1.6,14.0,0.0,55.0,0.0,13,14
2022-09-03 10:18:00,14,20.5,1.0,1.6,14.0,0.0,55.0,0.0,13,14
2022-09-03 10:21:00,14,20.5,1.0,1.6,14.0,0.0,55.0,0.0,13,14
2022-09-03 10:27:00,14,20.5,1.0,1.6,14.0,0.0,55.0,0.0,13,14
2022-09-03 10:31:00,14,22.5,1.0,1.7,20.0,0.0,50.0,0.0,13,14
2022-09-03 10:38:00,14,22.5,1.0,1.7,20.0,0.0,50.0,0.0,13,14
2022-09-03 10:41:00,14,22.5,1.0,1.7,20.0,0.0,50.0,0.0,13,14
2022-09-03 10:47:00,14,22.5,1.0,1.7,20.0,0.0,50.0,0.0,13,14
2022-09-03 10:51:00,14,22.5,1.0,1.7,20.0,0.0,50.0,0.0,13,14
2022-09-03 10:58:00,14,22.5,1.0,1.7,20.0,0.0,50.0,0.0,13,14
2022-09-03 11:01:00,14,22.5,1.0,1.7,20.0,0.0,50.0,0.0,13,14
2022-09-03 11:08:00,14,22.5,1.0,1.7,20.0,0.0,50.0,0.0,13,13
2022-09-03 11:11:00,14,22.5,1.0,1.7,20.0,0.0,50.0,0.0,13,13
2022-09-03 11:21:00,14,22.5,1.0,1.7,20.0,0.0,50.0,0.0,13,13
2022-09-03 11:28:00,14,22.5,1.0,1.7,20.0,0.0,50.0,0.0,13,13
2022-09-03 11:31:00,14,24.5,1.0,1.8,27.0,0.0,44.0,0.0,13,13
2022-09-03 11:38:00,14,24.5,1.0,1.8,27.0,0.0,44.0,0.0,12,13
2022-09-03 11:41:00,14,24.5,1.0,1.8,27.0,0.0,44.0,0.0,12,13
2022-09-03 11:48:00,14,24.5,1.0,1.8,27.0,0.0,44.0,0.0,12,13
2022-09-03 11:52:00,14,24.5,1.0,1.8,27.0,0.0,44.0,0.0,12,13
2022-09-03 11:58:00,14,24.5,1.0,1.8,27.0,0.0,44.0,0.0,12,13
2022-09-03 12:02:00,14,24.5,1.0,1.8,27.0,0.0,44.0,0.0,12,13
2022-09-03 12:08:00,13,24.5,1.0,1.8,27.0,0.0,44.0,0.0,12,13
2022-09-03 12:12:00,13,24.5,1.0,1.8,27.0,0.0,44.0,0.0,12,13
2022-09-03 12:18:00,13,24.5,1.0,1.8,27.0,0.0,44.0,0.0,12,13
2022-09-03 12:32:00,13,24.2,1.0,4.1,29.0,0.0,43.0,0.0,12,13
2022-09-03 12:38:00,13,24.2,1.0,4.1,29.0,0.0,43.0,0.0,12,12
2022-09-03 12:41:00,13,24.2,1.0,4.1,29.0,0.0,43.0,0.0,12,12
2022-09-03 12:48:00,13,24.2,1.0,4.1,29.0,0.0,43.0,0.0,12,12
2022-09-03 12:51:00,13,24.2,1.0,4.1,29.0,0.0,43.0,0.0,12,12
2022-09-03 12:58:00,13,24.2,1.0,4.1,29.0,0.0,43.0,0.0,12,12
2022-09-03 13:01:00,13,24.2,1.0,4.1,29.0,0.0,43.0,0.0,12,12
2022-09-03 13:08:00,13,24.2,1.0,4.1,29.0,0.0,43.0,0.0,12,12
2022-09-03 13:11:00,13,24.2,1.0,4.1,29.0,0.0,43.0,0.0,12,12
2022-09-03 13:18:00,13,24.2,1.0,4.1,29.0,0.0,43.0,0.0,12,12
2022-09-03 13:21:00,13,24.2,1.0,4.1,29.0,0.0,43.0,0.0,12,12
2022-09-03 13:28:00,13,24.2,1.0,4.1,29.0,0.0,43.0,0.0,12,12
2022-09-03 13:32:00,13,23.9,1.0,6.4,31.0,0.0,42.0,0.0,12,12
2022-09-03 13:38:00,12,23.9,1.0,6.4,31.0,0.0,42.0,0.0,12,12
2022-09-03 13:41:00,12,23.9,1.0,6.4,31.0,0.0,42.0,0.0,12,12
2022-09-03 13:48:00,12,23.9,1.0,6.4,31.0,0.0,42.0,0.0,12,12
2022-09-03 13:52:00,12,23.9,1.0,6.4,31.0,0.0,42.0,0.0,12,12
2022-09-03 13:58:00,12,23.9,1.0,6.4,31.0,0.0,42.0,0.0,12,12
2022-09-03 14:02:00,12,23.9,1.0,6.4,31.0,0.0,42.0,0.0,12,12
2022-09-03 14:08:00,12,23.9,1.0,6.4,31.0,0.0,42.0,0.0,12,12
2022-09-03 14:11:00,12,23.9,1.0,6.4,31.0,0.0,42.0,0.0,12,12
2022-09-03 14:18:00,12,23.9,1.0,6.4,31.0,0.0,42.0,0.0,12,12
2022-09-03 14:22:00,12,23.9,1.0,6.4,31.0,0.0,42.0,0.0,12,12
2022-09-03 14:28:00,12,23.9,1.0,6.4,31.0,0.0,42.0,0.0,12,12
2022-09-03 14:38:00,12,23.6,1.0,8.6,33.0,0.0,41.0,0.0,12,12
2022-09-03 14:41:00,12,23.6,1.0,8.6,33.0,0.0,41.0,0.0,12,12
2022-09-05 04:44:00,10,14.9,0.0,0.5,28.0,0.0,97.0,0.0,10,10
2022-09-05 04:50:00,10,14.9,0.0,0.5,28.0,0.0,97.0,0.0,10,10
2022-09-05 04:54:00,10,14.9,0.0,0.5,28.0,0.0,97.0,0.0,10,10
2022-09-05 05:00:00,10,14.9,0.0,0.5,28.0,0.0,97.0,0.0,10,10
2022-09-05 05:04:00,10,14.9,0.0,0.5,28.0,0.0,97.0,0.0,10,10
2022-09-05 05:14:00,10,14.9,0.0,0.5,28.0,0.0,97.0,0.0,10,10
2022-09-05 05:20:00,10,14.9,0.0,0.5,28.0,0.0,97.0,0.0,10,10
2022-09-05 05:24:00,10,14.9,0.0,0.5,28.0,0.0,97.0,0.0,10,10
2022-09-05 05:30:00,10,14.9,0.0,0.5,28.0,0.0,97.0,0.0,10,10
2022-09-05 05:34:00,10,13.7,0.0,0.4,34.0,0.0,97.0,0.0,10,10
2022-09-05 05:44:00,10,13.7,0.0,0.4,34.0,0.0,97.0,0.0,8,10
2022-09-05 05:50:00,10,13.7,0.0,0.4,34.0,0.0,97.0,0.0,6,10
2022-09-05 05:54:00,10,13.7,0.0,0.4,34.0,0.0,97.0,0.0,6,10
2022-09-05 06:00:00,10,13.7,0.0,0.4,34.0,0.0,97.0,0.0,6,10
2022-09-05 06:04:00,10,13.7,0.0,0.4,34.0,0.0,97.0,0.0,6,10
2022-09-05 06:14:00,10,13.7,0.0,0.4,34.0,0.0,97.0,0.0,6,10
2022-09-05 06:20:00,10,13.7,0.0,0.4,34.0,0.0,97.0,0.0,6,10
2022-09-05 06:24:00,10,13.7,0.0,0.4,34.0,0.0,97.0,0.0,6,10
2022-09-05 06:30:00,10,13.7,0.0,0.4,34.0,0.0,97.0,0.0,6,10
2022-09-05 06:34:00,10,16.2,1.0,1.3,27.0,0.0,88.0,0.0,6,10
2022-09-05 06:44:00,10,16.2,1.0,1.3,27.0,0.0,88.0,0.0,4,8
2022-09-05 06:50:00,10,16.2,1.0,1.3,27.0,0.0,88.0,0.0,4,6
2022-09-05 06:54:00,10,16.2,1.0,1.3,27.0,0.0,88.0,0.0,4,6
2022-09-05 07:00:00,10,16.2,1.0,1.3,27.0,0.0,88.0,0.0,3,6
2022-09-05 07:04:00,10,16.2,1.0,1.3,27.0,0.0,88.0,0.0,3,6
2022-09-05 07:14:00,10,16.2,1.0,1.3,27.0,0.0,88.0,0.0,3,6
2022-09-05 07:20:00,10,16.2,1.0,1.3,27.0,0.0,88.0,0.0,2,6
2022-09-05 07:24:00,10,16.2,1.0,1.3,27.0,0.0,88.0,0.0,2,6
2022-09-05 07:30:00,10,16.2,1.0,1.3,27.0,0.0,88.0,0.0,2,6
2022-09-05 07:34:00,10,18.6,1.0,2.3,20.0,0.0,78.0,0.0,0,6
2022-09-05 07:44:00,8,18.6,1.0,2.3,20.0,0.0,78.0,0.0,0,4
2022-09-05 07:50:00,6,18.6,1.0,2.3,20.0,0.0,78.0,0.0,0,4
2022-09-05 07:54:00,6,18.6,1.0,2.3,20.0,0.0,78.0,0.0,0,4
2022-09-05 08:00:00,6,18.6,1.0,2.3,20.0,0.0,78.0,0.0,0,3
2022-09-05 08:04:00,6,18.6,1.0,2.3,20.0,0.0,78.0,0.0,0,3
2022-09-05 08:14:00,6,18.6,1.0,2.3,20.0,0.0,78.0,0.0,0,3
2022-09-05 08:20:00,6,18.6,1.0,2.3,20.0,0.0,78.0,0.0,0,2
2022-09-05 08:24:00,6,18.6,1.0,2.3,20.0,0.0,78.0,0.0,0,2
2022-09-05 08:30:00,6,18.6,1.0,2.3,20.0,0.0,78.0,0.0,0,2
2022-09-05 08:34:00,6,21.1,1.0,3.2,13.0,0.0,69.0,0.0,0,0
2022-09-05 08:40:00,5,21.1,1.0,3.2,13.0,0.0,69.0,0.0,1,0
2022-09-05 08:44:00,4,21.1,1.0,3.2,13.0,0.0,69.0,0.0,1,0
2022-09-05 08:50:00,4,21.1,1.0,3.2,13.0,0.0,69.0,0.0,1,0
2022-09-05 08:54:00,4,21.1,1.0,3.2,13.0,0.0,69.0,0.0,1,0
2022-09-05 09:00:00,3,21.1,1.0,3.2,13.0,0.0,69.0,0.0,1,0
2022-09-05 09:04:00,3,21.1,1.0,3.2,13.0,0.0,69.0,0.0,1,0
2022-09-05 09:10:00,3,21.1,1.0,3.2,13.0,0.0,69.0,0.0,1,0
2022-09-05 09:14:00,3,21.1,1.0,3.2,13.0,0.0,69.0,0.0,1,0
2022-09-05 09:21:00,2,21.1,1.0,3.2,13.0,0.0,69.0,0.0,1,0
2022-09-05 09:30:00,2,21.1,1.0,3.2,13.0,0.0,69.0,0.0,1,0
2022-09-05 09:34:00,0,23.8,1.0,4.1,11.0,0.0,61.0,0.0,0,0
2022-09-05 09:44:00,0,23.8,1.0,4.1,11.0,0.0,61.0,0.0,0,1
2022-09-05 09:51:00,0,23.8,1.0,4.1,11.0,0.0,61.0,0.0,1,1
2022-09-05 09:54:00,0,23.8,1.0,4.1,11.0,0.0,61.0,0.0,1,1
2022-09-05 10:00:00,0,23.8,1.0,4.1,11.0,0.0,61.0,0.0,1,1
2022-09-05 10:04:00,0,23.8,1.0,4.1,11.0,0.0,61.0,0.0,0,1
2022-09-05 10:10:00,0,23.8,1.0,4.1,11.0,0.0,61.0,0.0,0,1
2022-09-05 10:21:00,0,23.8,1.0,4.1,11.0,0.0,61.0,0.0,0,1
2022-09-05 10:24:00,0,23.8,1.0,4.1,11.0,0.0,61.0,0.0,0,1
2022-09-05 10:31:00,0,25.2,1.0,4.9,8.0,0.0,53.0,0.0,0,1
2022-09-05 10:34:00,0,25.2,1.0,4.9,8.0,0.0,53.0,0.0,0,0
2022-09-05 10:41:00,1,25.2,1.0,4.9,8.0,0.0,53.0,0.0,0,0
2022-09-05 10:44:00,1,25.2,1.0,4.9,8.0,0.0,53.0,0.0,0,0
2022-09-05 10:50:00,1,25.2,1.0,4.9,8.0,0.0,53.0,0.0,0,1
2022-09-05 10:54:00,1,25.2,1.0,4.9,8.0,0.0,53.0,0.0,0,1
2022-09-05 11:01:00,1,25.2,1.0,4.9,8.0,0.0,53.0,0.0,0,1
2022-09-05 11:04:00,1,25.2,1.0,4.9,8.0,0.0,53.0,0.0,0,0
2022-09-05 11:10:00,1,25.2,1.0,4.9,8.0,0.0,53.0,0.0,1,0
2022-09-05 11:14:00,1,25.2,1.0,4.9,8.0,0.0,53.0,0.0,1,0
2022-09-05 11:21:00,1,25.2,1.0,4.9,8.0,0.0,53.0,0.0,1,0
2022-09-05 11:24:00,1,25.2,1.0,4.9,8.0,0.0,53.0,0.0,1,0
2022-09-05 11:31:00,1,27.1,1.0,5.8,6.0,0.0,45.0,0.0,1,0
2022-09-05 11:34:00,0,27.1,1.0,5.8,6.0,0.0,45.0,0.0,1,0
2022-09-05 11:44:00,0,27.1,1.0,5.8,6.0,0.0,45.0,0.0,2,0
2022-09-05 11:50:00,1,27.1,1.0,5.8,6.0,0.0,45.0,0.0,2,0
2022-09-05 11:54:00,1,27.1,1.0,5.8,6.0,0.0,45.0,0.0,2,0
2022-09-05 12:00:00,1,27.1,1.0,5.8,6.0,0.0,45.0,0.0,3,0
2022-09-05 12:04:00,0,27.1,1.0,5.8,6.0,0.0,45.0,0.0,3,0
2022-09-05 12:14:00,0,27.1,1.0,5.8,6.0,0.0,45.0,0.0,2,1
2022-09-05 12:21:00,0,27.1,1.0,5.8,6.0,0.0,45.0,0.0,2,1
2022-09-05 12:24:00,0,27.1,1.0,5.8,6.0,0.0,45.0,0.0,1,1
2022-09-05 12:30:00,0,27.1,1.0,5.8,6.0,0.0,45.0,0.0,1,1
2022-09-05 12:34:00,0,26.8,1.0,5.4,12.0,0.0,44.0,0.0,2,1
2022-09-05 12:44:00,0,26.8,1.0,5.4,12.0,0.0,44.0,0.0,2,2
2022-09-05 12:50:00,0,26.8,1.0,5.4,12.0,0.0,44.0,0.0,3,2
2022-09-05 12:54:00,0,26.8,1.0,5.4,12.0,0.0,44.0,0.0,3,2
2022-09-05 13:00:00,0,26.8,1.0,5.4,12.0,0.0,44.0,0.0,3,3
2022-09-05 13:04:00,0,26.8,1.0,5.4,12.0,0.0,44.0,0.0,3,3
2022-09-05 13:11:00,1,26.8,1.0,5.4,12.0,0.0,44.0,0.0,4,2
2022-09-05 13:14:00,1,26.8,1.0,5.4,12.0,0.0,44.0,0.0,4,2
2022-09-05 13:21:00,1,26.8,1.0,5.4,12.0,0.0,44.0,0.0,3,2
2022-09-05 13:24:00,1,26.8,1.0,5.4,12.0,0.0,44.0,0.0,3,1
2022-09-05 13:31:00,1,26.9,1.0,5.0,18.0,0.0,42.0,0.0,3,1
2022-09-05 13:34:00,1,26.9,1.0,5.0,18.0,0.0,42.0,0.0,3,2
2022-09-05 13:41:00,2,26.9,1.0,5.0,18.0,0.0,42.0,0.0,4,2
2022-09-05 13:44:00,2,26.9,1.0,5.0,18.0,0.0,42.0,0.0,4,2
2022-09-05 13:51:00,2,26.9,1.0,5.0,18.0,0.0,42.0,0.0,4,3
2022-09-05 13:54:00,2,26.9,1.0,5.0,18.0,0.0,42.0,0.0,4,3
2022-09-05 14:00:00,3,26.9,1.0,5.0,18.0,0.0,42.0,0.0,6,3
2022-09-05 14:10:00,2,26.9,1.0,5.0,18.0,0.0,42.0,0.0,5,4
2022-09-05 14:14:00,2,26.9,1.0,5.0,18.0,0.0,42.0,0.0,5,4
2022-09-05 14:20:00,2,26.9,1.0,5.0,18.0,0.0,42.0,0.0,5,3
2022-09-05 14:24:00,1,26.9,1.0,5.0,18.0,0.0,42.0,0.0,4,3
2022-09-05 14:31:00,1,25.7,1.0,4.7,24.0,0.0,41.0,0.0,4,3
2022-09-05 14:34:00,2,25.7,1.0,4.7,24.0,0.0,41.0,0.0,4,3
2022-09-05 14:41:00,2,25.7,1.0,4.7,24.0,0.0,41.0,0.0,4,4
2022-09-05 14:44:00,2,25.7,1.0,4.7,24.0,0.0,41.0,0.0,4,4
2022-09-05 14:51:00,3,25.7,1.0,4.7,24.0,0.0,41.0,0.0,6,4
2022-09-05 14:54:00,3,25.7,1.0,4.7,24.0,0.0,41.0,0.0,7,4
2022-09-05 15:00:00,3,25.7,1.0,4.7,24.0,0.0,41.0,0.0,8,6
2022-09-05 15:04:00,3,25.7,1.0,4.7,24.0,0.0,41.0,0.0,8,6
2022-09-05 15:11:00,4,25.7,1.0,4.7,24.0,0.0,41.0,0.0,8,5
2022-09-05 15:14:00,4,25.7,1.0,4.7,24.0,0.0,41.0,0.0,7,5
2022-09-05 15:21:00,3,25.7,1.0,4.7,24.0,0.0,41.0,0.0,7,5
2022-09-05 15:24:00,3,25.7,1.0,4.7,24.0,0.0,41.0,0.0,7,4
2022-09-05 15:31:00,3,24.8,1.0,5.4,21.0,0.0,49.0,0.0,7,4
2022-09-05 15:34:00,3,24.8,1.0,5.4,21.0,0.0,49.0,0.0,7,4
2022-09-05 15:44:00,4,24.8,1.0,5.4,21.0,0.0,49.0,0.0,7,4
2022-09-05 15:51:00,4,24.8,1.0,5.4,21.0,0.0,49.0,0.0,7,6
2022-09-05 15:54:00,4,24.8,1.0,5.4,21.0,0.0,49.0,0.0,7,7
2022-09-05 16:04:00,6,24.8,1.0,5.4,21.0,0.0,49.0,0.0,7,8
2022-09-05 16:11:00,5,24.8,1.0,5.4,21.0,0.0,49.0,0.0,7,8
2022-09-05 16:14:00,5,24.8,1.0,5.4,21.0,0.0,49.0,0.0,7,7
2022-09-05 16:21:00,5,24.8,1.0,5.4,21.0,0.0,49.0,0.0,7,7
2022-09-05 16:24:00,4,24.8,1.0,5.4,21.0,0.0,49.0,0.0,7,7
2022-09-05 16:31:00,4,23.6,1.0,6.1,18.0,0.0,58.0,0.0,7,7
2022-09-05 16:34:00,4,23.6,1.0,6.1,18.0,0.0,58.0,0.0,7,7
2022-09-05 16:41:00,4,23.6,1.0,6.1,18.0,0.0,58.0,0.0,7,7
2022-09-05 16:44:00,4,23.6,1.0,6.1,18.0,0.0,58.0,0.0,7,7
2022-09-05 16:51:00,6,23.6,1.0,6.1,18.0,0.0,58.0,0.0,7,7
2022-09-05 16:54:00,7,23.6,1.0,6.1,18.0,0.0,58.0,0.0,7,7
2022-09-05 17:01:00,8,23.6,1.0,6.1,18.0,0.0,58.0,0.0,7,7
2022-09-05 17:04:00,8,23.6,1.0,6.1,18.0,0.0,58.0,0.0,7,7
2022-09-05 17:11:00,8,23.6,1.0,6.1,18.0,0.0,58.0,0.0,7,7
2022-09-05 17:14:00,7,23.6,1.0,6.1,18.0,0.0,58.0,0.0,7,7
2022-09-05 17:21:00,7,23.6,1.0,6.1,18.0,0.0,58.0,0.0,7,7
2022-09-05 17:31:00,7,22.0,1.0,6.8,16.0,0.0,66.0,0.0,7,7
2022-09-07 07:36:00,18,20.3,1.0,1.7,12.0,0.0,71.0,0.0,15,15
2022-09-07 07:43:00,17,20.3,1.0,1.7,12.0,0.0,71.0,0.0,15,15
2022-09-07 07:47:00,17,20.3,1.0,1.7,12.0,0.0,71.0,0.0,16,15
2022-09-07 07:53:00,17,20.3,1.0,1.7,12.0,0.0,71.0,0.0,16,15
2022-09-07 07:56:00,17,20.3,1.0,1.7,12.0,0.0,71.0,0.0,16,15
2022-09-07 08:06:00,17,20.3,1.0,1.7,12.0,0.0,71.0,0.0,16,15
2022-09-07 08:13:00,17,20.3,1.0,1.7,12.0,0.0,71.0,0.0,16,15
2022-09-07 08:17:00,17,20.3,1.0,1.7,12.0,0.0,71.0,0.0,15,15
2022-09-07 08:23:00,16,20.3,1.0,1.7,12.0,0.0,71.0,0.0,13,15
2022-09-07 08:27:00,16,20.3,1.0,1.7,12.0,0.0,71.0,0.0,13,15
2022-09-07 08:33:00,15,22.9,1.0,1.8,13.0,0.0,61.0,0.0,13,15
2022-09-07 08:37:00,15,22.9,1.0,1.8,13.0,0.0,61.0,0.0,13,15
2022-09-07 08:43:00,15,22.9,1.0,1.8,13.0,0.0,61.0,0.0,13,15
2022-09-07 08:47:00,15,22.9,1.0,1.8,13.0,0.0,61.0,0.0,13,16
2022-09-07 08:53:00,15,22.9,1.0,1.8,13.0,0.0,61.0,0.0,13,16
2022-09-07 08:56:00,15,22.9,1.0,1.8,13.0,0.0,61.0,0.0,13,16
2022-09-07 09:03:00,15,22.9,1.0,1.8,13.0,0.0,61.0,0.0,13,16
2022-09-07 09:07:00,15,22.9,1.0,1.8,13.0,0.0,61.0,0.0,13,16
2022-09-07 09:13:00,15,22.9,1.0,1.8,13.0,0.0,61.0,0.0,14,16
2022-09-07 09:16:00,15,22.9,1.0,1.8,13.0,0.0,61.0,0.0,15,15
2022-09-07 09:23:00,15,22.9,1.0,1.8,13.0,0.0,61.0,0.0,15,13
2022-09-07 09:33:00,15,24.5,1.0,6.1,15.0,0.0,55.0,0.0,15,13
2022-09-07 09:36:00,15,24.5,1.0,6.1,15.0,0.0,55.0,0.0,15,13
2022-09-07 09:43:00,15,24.5,1.0,6.1,15.0,0.0,55.0,0.0,15,13
2022-09-07 09:47:00,16,24.5,1.0,6.1,15.0,0.0,55.0,0.0,15,13
2022-09-07 09:53:00,16,24.5,1.0,6.1,15.0,0.0,55.0,0.0,15,13
2022-09-07 09:57:00,16,24.5,1.0,6.1,15.0,0.0,55.0,0.0,15,13
2022-09-07 10:03:00,16,24.5,1.0,6.1,15.0,0.0,55.0,0.0,8,13
2022-09-07 10:06:00,16,24.5,1.0,6.1,15.0,0.0,55.0,0.0,8,13
2022-09-07 10:13:00,16,24.5,1.0,6.1,15.0,0.0,55.0,0.0,8,14
2022-09-07 10:16:00,15,24.5,1.0,6.1,15.0,0.0,55.0,0.0,7,15
2022-09-07 10:25:00,13,24.5,1.0,6.1,15.0,0.0,55.0,0.0,7,15
2022-09-07 10:27:00,13,24.5,1.0,6.1,15.0,0.0,55.0,0.0,7,15
2022-09-07 10:33:00,13,26.0,1.0,6.5,16.0,0.0,48.0,0.0,7,15
2022-09-07 10:37:00,13,26.0,1.0,6.5,16.0,0.0,48.0,0.0,7,15
2022-09-07 10:43:00,13,26.0,1.0,6.5,16.0,0.0,48.0,0.0,7,15
2022-09-07 10:47:00,13,26.0,1.0,6.5,16.0,0.0,48.0,0.0,7,15
2022-09-07 10:53:00,13,26.0,1.0,6.5,16.0,0.0,48.0,0.0,6,15
2022-09-07 10:57:00,13,26.0,1.0,6.5,16.0,0.0,48.0,0.0,6,15
2022-09-07 11:03:00,13,26.0,1.0,6.5,16.0,0.0,48.0,0.0,7,8
2022-09-07 11:07:00,13,26.0,1.0,6.5,16.0,0.0,48.0,0.0,7,8
2022-09-07 11:13:00,14,26.0,1.0,6.5,16.0,0.0,48.0,0.0,7,8
2022-09-07 11:17:00,15,26.0,1.0,6.5,16.0,0.0,48.0,0.0,7,7
2022-09-07 11:23:00,15,26.0,1.0,6.5,16.0,0.0,48.0,0.0,7,7
2022-09-07 11:27:00,15,26.0,1.0,6.5,16.0,0.0,48.0,0.0,7,7
2022-09-07 11:33:00,15,26.2,1.0,6.4,84.0,0.4,42.0,0.0,7,7
2022-09-07 11:36:00,15,26.2,1.0,6.4,84.0,0.4,42.0,0.0,7,7
2022-09-07 11:43:00,15,26.2,1.0,6.4,84.0,0.4,42.0,0.0,8,7
2022-09-07 11:47:00,15,26.2,1.0,6.4,84.0,0.4,42.0,0.0,7,7
2022-09-07 11:53:00,15,26.2,1.0,6.4,84.0,0.4,42.0,0.0,7,6
2022-09-07 11:57:00,15,26.2,1.0,6.4,84.0,0.4,42.0,0.0,7,6
2022-09-07 12:04:00,8,26.2,1.0,6.4,84.0,0.4,42.0,0.0,7,7
2022-09-07 12:07:00,8,26.2,1.0,6.4,84.0,0.4,42.0,0.0,7,7
2022-09-07 12:13:00,8,26.2,1.0,6.4,84.0,0.4,42.0,0.0,8,7
2022-09-07 12:17:00,7,26.2,1.0,6.4,84.0,0.4,42.0,0.0,8,7
2022-09-07 12:23:00,7,26.2,1.0,6.4,84.0,0.4,42.0,0.0,8,7
2022-09-07 12:27:00,7,26.2,1.0,6.4,84.0,0.4,42.0,0.0,8,7
2022-09-07 12:34:00,7,27.2,1.0,2.9,27.0,0.0,42.0,0.0,8,7
2022-09-07 12:37:00,7,27.2,1.0,2.9,27.0,0.0,42.0,0.0,8,7
2022-09-07 12:43:00,7,27.2,1.0,2.9,27.0,0.0,42.0,0.0,8,8
2022-09-07 12:47:00,7,27.2,1.0,2.9,27.0,0.0,42.0,0.0,8,7
2022-09-07 12:57:00,6,27.2,1.0,2.9,27.0,0.0,42.0,0.0,9,7
2022-09-07 13:03:00,7,27.2,1.0,2.9,27.0,0.0,42.0,0.0,9,7
2022-09-07 13:07:00,7,27.2,1.0,2.9,27.0,0.0,42.0,0.0,9,7
2022-09-07 13:13:00,7,27.2,1.0,2.9,27.0,0.0,42.0,0.0,9,8
2022-09-07 13:17:00,7,27.2,1.0,2.9,27.0,0.0,42.0,0.0,9,8
2022-09-07 13:23:00,7,27.2,1.0,2.9,27.0,0.0,42.0,0.0,9,8
2022-09-07 13:27:00,7,27.2,1.0,2.9,27.0,0.0,42.0,0.0,9,8
2022-09-07 13:33:00,7,26.7,1.0,4.3,37.0,0.0,42.0,0.0,9,8
2022-09-07 13:43:00,8,26.7,1.0,4.3,37.0,0.0,42.0,0.0,10,8
2022-09-07 13:47:00,7,26.7,1.0,4.3,37.0,0.0,42.0,0.0,10,8
2022-09-07 13:53:00,7,26.7,1.0,4.3,37.0,0.0,42.0,0.0,10,9
2022-09-07 13:57:00,7,26.7,1.0,4.3,37.0,0.0,42.0,0.0,10,9
2022-09-07 14:04:00,7,26.7,1.0,4.3,37.0,0.0,42.0,0.0,10,9
2022-09-07 14:13:00,8,26.7,1.0,4.3,37.0,0.0,42.0,0.0,8,9
2022-09-07 14:17:00,8,26.7,1.0,4.3,37.0,0.0,42.0,0.0,8,9
2022-09-07 14:23:00,8,26.7,1.0,4.3,37.0,0.0,42.0,0.0,8,9
2022-09-07 14:27:00,8,26.7,1.0,4.3,37.0,0.0,42.0,0.0,8,9
2022-09-07 14:34:00,8,26.3,1.0,5.8,47.0,0.0,41.0,0.0,8,9
2022-09-07 14:37:00,8,26.3,1.0,5.8,47.0,0.0,41.0,0.0,8,9
2022-09-07 14:43:00,8,26.3,1.0,5.8,47.0,0.0,41.0,0.0,8,10
2022-09-07 14:47:00,8,26.3,1.0,5.8,47.0,0.0,41.0,0.0,8,10
2022-09-07 14:53:00,9,26.3,1.0,5.8,47.0,0.0,41.0,0.0,7,10
2022-09-07 14:57:00,9,26.3,1.0,5.8,47.0,0.0,41.0,0.0,7,10
2022-09-07 15:03:00,9,26.3,1.0,5.8,47.0,0.0,41.0,0.0,8,10
2022-09-07 15:07:00,9,26.3,1.0,5.8,47.0,0.0,41.0,0.0,9,9
2022-09-07 15:13:00,9,26.3,1.0,5.8,47.0,0.0,41.0,0.0,9,8
2022-09-07 15:17:00,9,26.3,1.0,5.8,47.0,0.0,41.0,0.0,9,8
2022-09-07 15:23:00,9,26.3,1.0,5.8,47.0,0.0,41.0,0.0,9,8
2022-09-07 15:27:00,9,26.3,1.0,5.8,47.0,0.0,41.0,0.0,9,8
2022-09-07 15:33:00,9,25.3,1.0,5.3,42.0,0.0,50.0,0.0,9,8
2022-09-07 15:37:00,9,25.3,1.0,5.3,42.0,0.0,50.0,0.0,8,8
2022-09-07 15:43:00,10,25.3,1.0,5.3,42.0,0.0,50.0,0.0,9,8
2022-09-07 15:47:00,10,25.3,1.0,5.3,42.0,0.0,50.0,0.0,9,8
2022-09-07 15:53:00,10,25.3,1.0,5.3,42.0,0.0,50.0,0.0,10,7
2022-09-07 15:57:00,10,25.3,1.0,5.3,42.0,0.0,50.0,0.0,10,7
2022-09-07 16:04:00,10,25.3,1.0,5.3,42.0,0.0,50.0,0.0,10,8
2022-09-07 16:07:00,9,25.3,1.0,5.3,42.0,0.0,50.0,0.0,10,9
2022-09-07 16:14:00,8,25.3,1.0,5.3,42.0,0.0,50.0,0.0,10,9
2022-09-07 16:17:00,8,25.3,1.0,5.3,42.0,0.0,50.0,0.0,10,9
2022-09-07 16:27:00,8,25.3,1.0,5.3,42.0,0.0,50.0,0.0,10,9
2022-09-07 16:33:00,8,22.2,1.0,4.8,77.0,0.8,59.0,0.0,10,9
2022-09-07 16:37:00,8,22.2,1.0,4.8,77.0,0.8,59.0,0.0,10,8
2022-09-07 16:44:00,8,22.2,1.0,4.8,77.0,0.8,59.0,0.0,10,9
2022-09-07 16:47:00,8,22.2,1.0,4.8,77.0,0.8,59.0,0.0,11,9
2022-09-07 16:53:00,7,22.2,1.0,4.8,77.0,0.8,59.0,0.0,11,10
2022-09-07 16:57:00,7,22.2,1.0,4.8,77.0,0.8,59.0,0.0,11,10
2022-09-07 17:04:00,8,22.2,1.0,4.8,77.0,0.8,59.0,0.0,11,10
2022-09-07 17:07:00,9,22.2,1.0,4.8,77.0,0.8,59.0,0.0,11,10
2022-09-07 17:13:00,9,22.2,1.0,4.8,77.0,0.8,59.0,0.0,11,10
2022-09-07 17:17:00,9,22.2,1.0,4.8,77.0,0.8,59.0,0.0,11,10
2022-09-07 17:23:00,9,22.2,1.0,4.8,77.0,0.8,59.0,0.0,10,10
2022-09-07 17:27:00,9,22.2,1.0,4.8,77.0,0.8,59.0,0.0,10,10
2022-09-07 17:33:00,9,21.7,1.0,4.3,83.0,0.2,68.0,0.0,9,10
2022-09-07 17:37:00,8,21.7,1.0,4.3,83.0,0.2,68.0,0.0,9,10
2022-09-07 17:47:00,9,21.7,1.0,4.3,83.0,0.2,68.0,0.0,10,11
2022-09-07 17:53:00,10,21.7,1.0,4.3,83.0,0.2,68.0,0.0,10,11
2022-09-07 17:57:00,10,21.7,1.0,4.3,83.0,0.2,68.0,0.0,12,11
2022-09-07 18:03:00,10,21.7,1.0,4.3,83.0,0.2,68.0,0.0,12,11
2022-09-07 18:07:00,10,21.7,1.0,4.3,83.0,0.2,68.0,0.0,12,11
2022-09-07 18:13:00,10,21.7,1.0,4.3,83.0,0.2,68.0,0.0,12,11
2022-09-07 18:17:00,10,21.7,1.0,4.3,83.0,0.2,68.0,0.0,13,11
2022-09-07 18:23:00,10,21.7,1.0,4.3,83.0,0.2,68.0,0.0,16,10
2022-09-07 18:27:00,10,21.7,1.0,4.3,83.0,0.2,68.0,0.0,17,10
2022-09-07 18:33:00,10,20.4,1.0,4.6,48.0,0.0,75.0,0.0,17,9
2022-09-07 18:37:00,10,20.4,1.0,4.6,48.0,0.0,75.0,0.0,17,9
2022-09-07 18:43:00,10,20.4,1.0,4.6,48.0,0.0,75.0,0.0,18,10
2022-09-07 18:47:00,11,20.4,1.0,4.6,48.0,0.0,75.0,0.0,18,10
2022-09-07 18:54:00,11,20.4,1.0,4.6,48.0,0.0,75.0,0.0,18,10
2022-09-07 18:57:00,11,20.4,1.0,4.6,48.0,0.0,75.0,0.0,20,12
2022-09-07 19:04:00,11,20.4,1.0,4.6,48.0,0.0,75.0,0.0,20,12
2022-09-07 19:07:00,11,20.4,1.0,4.6,48.0,0.0,75.0,0.0,20,12
2022-09-07 19:14:00,11,20.4,1.0,4.6,48.0,0.0,75.0,0.0,20,12
2022-09-07 19:17:00,11,20.4,1.0,4.6,48.0,0.0,75.0,0.0,20,13
2022-09-07 19:27:00,10,20.4,1.0,4.6,48.0,0.0,75.0,0.0,20,17
2022-09-07 19:34:00,9,19.2,0.0,4.8,65.0,0.0,82.0,0.0,20,17
2022-09-07 19:37:00,9,19.2,0.0,4.8,65.0,0.0,82.0,0.0,20,17
2022-09-07 19:44:00,10,19.2,0.0,4.8,65.0,0.0,82.0,0.0,20,18
2022-09-07 19:47:00,10,19.2,0.0,4.8,65.0,0.0,82.0,0.0,20,18
2022-09-07 19:54:00,10,19.2,0.0,4.8,65.0,0.0,82.0,0.0,20,18
2022-09-07 19:57:00,12,19.2,0.0,4.8,65.0,0.0,82.0,0.0,19,20
2022-09-07 20:04:00,12,19.2,0.0,4.8,65.0,0.0,82.0,0.0,19,20
2022-09-07 20:07:00,12,19.2,0.0,4.8,65.0,0.0,82.0,0.0,19,20
2022-09-07 20:14:00,12,19.2,0.0,4.8,65.0,0.0,82.0,0.0,20,20
2022-09-07 20:17:00,13,19.2,0.0,4.8,65.0,0.0,82.0,0.0,20,20
2022-09-07 20:24:00,16,19.2,0.0,4.8,65.0,0.0,82.0,0.0,20,20
2022-09-07 20:27:00,17,19.2,0.0,4.8,65.0,0.0,82.0,0.0,20,20
2022-09-07 20:34:00,17,17.8,0.0,5.0,81.0,0.0,89.0,0.0,20,20
2022-09-07 20:37:00,17,17.8,0.0,5.0,81.0,0.0,89.0,0.0,20,20
2022-09-07 20:44:00,18,17.8,0.0,5.0,81.0,0.0,89.0,0.0,20,20
2022-09-07 20:47:00,18,17.8,0.0,5.0,81.0,0.0,89.0,0.0,20,20
2022-09-07 20:54:00,18,17.8,0.0,5.0,81.0,0.0,89.0,0.0,20,20
2022-09-07 20:57:00,20,17.8,0.0,5.0,81.0,0.0,89.0,0.0,20,19
2022-09-07 21:04:00,20,17.8,0.0,5.0,81.0,0.0,89.0,0.0,20,19
2022-09-07 21:07:00,20,17.8,0.0,5.0,81.0,0.0,89.0,0.0,20,19
2022-09-07 21:14:00,20,17.8,0.0,5.0,81.0,0.0,89.0,0.0,20,20
2022-09-07 21:17:00,20,17.8,0.0,5.0,81.0,0.0,89.0,0.0,20,20
2022-09-07 21:24:00,20,17.8,0.0,5.0,81.0,0.0,89.0,0.0,20,20
2022-09-07 21:27:00,20,17.8,0.0,5.0,81.0,0.0,89.0,0.0,20,20
2022-09-07 21:34:00,20,17.8,0.0,5.0,58.0,0.0,89.0,0.0,20,20
2022-09-07 21:37:00,20,17.8,0.0,5.0,58.0,0.0,89.0,0.0,20,20
2022-09-07 21:44:00,20,17.8,0.0,5.0,58.0,0.0,89.0,0.0,20,20
2022-09-07 21:47:00,20,17.8,0.0,5.0,58.0,0.0,89.0,0.0,20,20
2022-09-07 21:54:00,20,17.8,0.0,5.0,58.0,0.0,89.0,0.0,20,20
2022-09-07 21:57:00,19,17.8,0.0,5.0,58.0,0.0,89.0,0.0,20,20
2022-09-07 22:07:00,19,17.8,0.0,5.0,58.0,0.0,89.0,0.0,20,20
2022-09-07 22:14:00,20,17.8,0.0,5.0,58.0,0.0,89.0,0.0,20,20
2022-09-07 22:17:00,20,17.8,0.0,5.0,58.0,0.0,89.0,0.0,20,20
2022-09-07 22:27:00,20,17.8,0.0,5.0,58.0,0.0,89.0,0.0,18,20
2022-09-07 22:34:00,20,17.4,0.0,5.0,35.0,0.0,89.0,0.0,18,20
2022-09-07 22:37:00,20,17.4,0.0,5.0,35.0,0.0,89.0,0.0,19,20
2022-09-07 22:43:00,20,17.4,0.0,5.0,35.0,0.0,89.0,0.0,19,20
2022-09-07 22:47:00,20,17.4,0.0,5.0,35.0,0.0,89.0,0.0,19,20
2022-09-07 22:54:00,20,17.4,0.0,5.0,35.0,0.0,89.0,0.0,19,20
2022-09-07 22:57:00,20,17.4,0.0,5.0,35.0,0.0,89.0,0.0,19,20
2022-09-07 23:04:00,20,17.4,0.0,5.0,35.0,0.0,89.0,0.0,19,20
2022-09-07 23:07:00,20,17.4,0.0,5.0,35.0,0.0,89.0,0.0,19,20
2022-09-07 23:14:00,20,17.4,0.0,5.0,35.0,0.0,89.0,0.0,19,20
2022-09-07 23:17:00,20,17.4,0.0,5.0,35.0,0.0,89.0,0.0,19,20
2022-09-07 23:23:00,20,17.4,0.0,5.0,35.0,0.0,89.0,0.0,19,19
2022-09-07 23:27:00,20,17.4,0.0,5.0,35.0,0.0,89.0,0.0,19,18
2022-09-07 23:34:00,20,17.4,0.0,5.0,35.0,0.0,89.0,0.0,19,18
2022-09-07 23:37:00,20,17.4,0.0,5.0,35.0,0.0,89.0,0.0,19,19
2022-09-07 23:44:00,20,17.4,0.0,5.0,35.0,0.0,89.0,0.0,19,19
2022-09-07 23:47:00,20,17.4,0.0,5.0,35.0,0.0,89.0,0.0,19,19
2022-09-07 23:54:00,20,17.4,0.0,5.0,35.0,0.0,89.0,0.0,19,19
2022-09-07 23:57:00,20,17.4,0.0,5.0,35.0,0.0,89.0,0.0,19,19
2022-09-08 00:04:00,20,17.1,0.0,5.0,13.0,0.0,90.0,0.0,20,19
2022-09-08 00:07:00,20,17.1,0.0,5.0,13.0,0.0,90.0,0.0,20,19
2022-09-08 00:14:00,20,17.1,0.0,5.0,13.0,0.0,90.0,0.0,20,19
2022-09-08 00:24:00,19,17.1,0.0,5.0,13.0,0.0,90.0,0.0,20,19
2022-09-08 00:27:00,18,17.1,0.0,5.0,13.0,0.0,90.0,0.0,20,19
2022-09-08 00:34:00,18,15.8,0.0,4.6,19.0,0.0,91.0,0.0,20,19
2022-09-08 00:37:00,19,15.8,0.0,4.6,19.0,0.0,91.0,0.0,20,19
2022-09-08 00:44:00,19,15.8,0.0,4.6,19.0,0.0,91.0,0.0,20,19
2022-09-08 00:47:00,19,15.8,0.0,4.6,19.0,0.0,91.0,0.0,20,19
2022-09-08 00:54:00,19,15.8,0.0,4.6,19.0,0.0,91.0,0.0,20,19
2022-09-08 00:57:00,19,15.8,0.0,4.6,19.0,0.0,91.0,0.0,20,19
2022-09-08 01:07:00,19,15.8,0.0,4.6,19.0,0.0,91.0,0.0,20,20
2022-09-08 01:14:00,19,15.8,0.0,4.6,19.0,0.0,91.0,0.0,20,20
2022-09-08 01:17:00,19,15.8,0.0,4.6,19.0,0.0,91.0,0.0,20,20
2022-09-08 01:24:00,19,15.8,0.0,4.6,19.0,0.0,91.0,0.0,20,20
2022-09-08 01:27:00,19,15.8,0.0,4.6,19.0,0.0,91.0,0.0,20,20
2022-09-08 01:34:00,19,15.6,0.0,4.1,26.0,0.0,91.0,0.0,20,20
2022-09-08 01:37:00,19,15.6,0.0,4.1,26.0,0.0,91.0,0.0,20,20
2022-09-08 01:44:00,19,15.6,0.0,4.1,26.0,0.0,91.0,0.0,20,20
2022-09-08 01:47:00,19,15.6,0.0,4.1,26.0,0.0,91.0,0.0,20,20
2022-09-08 01:54:00,19,15.6,0.0,4.1,26.0,0.0,91.0,0.0,20,20
2022-09-08 01:57:00,19,15.6,0.0,4.1,26.0,0.0,91.0,0.0,20,20
2022-09-08 02:04:00,20,15.6,0.0,4.1,26.0,0.0,91.0,0.0,20,20
2022-09-08 02:07:00,20,15.6,0.0,4.1,26.0,0.0,91.0,0.0,20,20
2022-09-08 02:14:00,20,15.6,0.0,4.1,26.0,0.0,91.0,0.0,20,20
2022-09-08 02:17:00,20,15.6,0.0,4.1,26.0,0.0,91.0,0.0,20,20
2022-09-08 02:24:00,20,15.6,0.0,4.1,26.0,0.0,91.0,0.0,20,20
2022-09-08 02:27:00,20,15.6,0.0,4.1,26.0,0.0,91.0,0.0,20,20
2022-09-08 02:34:00,20,15.5,0.0,3.6,33.0,0.0,92.0,0.0,20,20
2022-09-08 02:37:00,20,15.5,0.0,3.6,33.0,0.0,92.0,0.0,20,20
2022-09-08 02:44:00,20,15.5,0.0,3.6,33.0,0.0,92.0,0.0,20,20
2022-09-08 02:47:00,20,15.5,0.0,3.6,33.0,0.0,92.0,0.0,20,20
2022-09-08 02:54:00,20,15.5,0.0,3.6,33.0,0.0,92.0,0.0,20,20
2022-09-08 02:57:00,20,15.5,0.0,3.6,33.0,0.0,92.0,0.0,20,20
2022-09-08 03:04:00,20,15.5,0.0,3.6,33.0,0.0,92.0,0.0,20,20
2022-09-08 03:07:00,20,15.5,0.0,3.6,33.0,0.0,92.0,0.0,20,20
2022-09-08 03:14:00,20,15.5,0.0,3.6,33.0,0.0,92.0,0.0,20,20
2022-09-08 03:17:00,20,15.5,0.0,3.6,33.0,0.0,92.0,0.0,20,20
2022-09-08 03:24:00,20,15.5,0.0,3.6,33.0,0.0,92.0,0.0,20,20
2022-09-08 03:27:00,20,15.5,0.0,3.6,33.0,0.0,92.0,0.0,20,20
2022-09-08 03:37:00,20,15.4,0.0,4.0,23.0,0.0,93.0,0.0,20,20
2022-09-08 03:44:00,20,15.4,0.0,4.0,23.0,0.0,93.0,0.0,20,20
2022-09-08 03:47:00,20,15.4,0.0,4.0,23.0,0.0,93.0,0.0,20,20
2022-09-08 03:54:00,20,15.4,0.0,4.0,23.0,0.0,93.0,0.0,20,20
2022-09-08 03:57:00,20,15.4,0.0,4.0,23.0,0.0,93.0,0.0,20,20
2022-09-08 04:07:00,20,15.4,0.0,4.0,23.0,0.0,93.0,0.0,20,20
2022-09-08 04:14:00,20,15.4,0.0,4.0,23.0,0.0,93.0,0.0,19,20
2022-09-08 04:17:00,20,15.4,0.0,4.0,23.0,0.0,93.0,0.0,19,20
2022-09-08 04:24:00,20,15.4,0.0,4.0,23.0,0.0,93.0,0.0,19,20
2022-09-08 04:27:00,20,15.4,0.0,4.0,23.0,0.0,93.0,0.0,19,20
2022-09-08 04:34:00,20,15.3,0.0,4.3,14.0,0.0,93.0,0.0,19,20
2022-09-08 04:37:00,20,15.3,0.0,4.3,14.0,0.0,93.0,0.0,19,20
2022-09-08 04:44:00,20,15.3,0.0,4.3,14.0,0.0,93.0,0.0,19,20
2022-09-08 04:47:00,20,15.3,0.0,4.3,14.0,0.0,93.0,0.0,19,20
2022-09-08 04:54:00,20,15.3,0.0,4.3,14.0,0.0,93.0,0.0,19,20
2022-09-08 04:58:00,20,15.3,0.0,4.3,14.0,0.0,93.0,0.0,19,20
2022-09-08 05:04:00,20,15.3,0.0,4.3,14.0,0.0,93.0,0.0,19,20
2022-09-08 05:07:00,20,15.3,0.0,4.3,14.0,0.0,93.0,0.0,19,20
2022-09-08 05:14:00,20,15.3,0.0,4.3,14.0,0.0,93.0,0.0,19,19
2022-09-08 05:17:00,20,15.3,0.0,4.3,14.0,0.0,93.0,0.0,19,19
2022-09-08 05:24:00,20,15.3,0.0,4.3,14.0,0.0,93.0,0.0,19,19
2022-09-08 05:27:00,20,15.3,0.0,4.3,14.0,0.0,93.0,0.0,19,19
2022-09-08 05:34:00,20,15.2,0.0,4.7,4.0,0.0,93.0,0.0,19,19
2022-09-08 05:37:00,20,15.2,0.0,4.7,4.0,0.0,93.0,0.0,19,19
2022-09-08 05:44:00,20,15.2,0.0,4.7,4.0,0.0,93.0,0.0,19,19
2022-09-08 05:47:00,20,15.2,0.0,4.7,4.0,0.0,93.0,0.0,19,19
2022-09-08 05:54:00,20,15.2,0.0,4.7,4.0,0.0,93.0,0.0,19,19
2022-09-08 05:57:00,20,15.2,0.0,4.7,4.0,0.0,93.0,0.0,19,19
2022-09-08 06:04:00,20,15.2,0.0,4.7,4.0,0.0,93.0,0.0,19,19
2022-09-08 06:07:00,20,15.2,0.0,4.7,4.0,0.0,93.0,0.0,19,19
2022-09-08 06:14:00,19,15.2,0.0,4.7,4.0,0.0,93.0,0.0,19,19
2022-09-08 06:17:00,19,15.2,0.0,4.7,4.0,0.0,93.0,0.0,19,19
2022-09-08 06:24:00,19,15.2,0.0,4.7,4.0,0.0,93.0,0.0,19,19
2022-09-08 06:27:00,19,15.2,0.0,4.7,4.0,0.0,93.0,0.0,19,19
2022-09-08 06:34:00,19,17.8,1.0,5.6,22.0,0.0,82.0,0.0,19,19
2022-09-09 20:46:00,5,14.7,0.0,1.4,60.0,0.2,98.0,0.0,2,5
2022-09-09 20:49:00,5,14.7,0.0,1.4,60.0,0.2,98.0,0.0,2,5
2022-09-09 20:56:00,5,14.7,0.0,1.4,60.0,0.2,98.0,0.0,2,5
2022-09-09 20:59:00,5,14.7,0.0,1.4,60.0,0.2,98.0,0.0,2,5
2022-09-09 21:06:00,5,14.7,0.0,1.4,60.0,0.2,98.0,0.0,2,5
2022-09-09 21:16:00,5,14.7,0.0,1.4,60.0,0.2,98.0,0.0,2,5
2022-09-09 21:20:00,5,14.7,0.0,1.4,60.0,0.2,98.0,0.0,2,5
2022-09-09 21:26:00,5,14.7,0.0,1.4,60.0,0.2,98.0,0.0,2,2
2022-09-09 21:29:00,5,14.7,0.0,1.4,60.0,0.2,98.0,0.0,2,2
2022-09-09 21:36:00,5,14.3,0.0,1.4,66.0,0.6,98.0,0.0,2,2
2022-09-09 21:39:00,5,14.3,0.0,1.4,66.0,0.6,98.0,0.0,2,2
2022-09-09 21:50:00,5,14.3,0.0,1.4,66.0,0.6,98.0,0.0,2,2
2022-09-09 21:56:00,5,14.3,0.0,1.4,66.0,0.6,98.0,0.0,2,2
2022-09-09 22:00:00,5,14.3,0.0,1.4,66.0,0.6,98.0,0.0,2,2
2022-09-09 22:06:00,5,14.3,0.0,1.4,66.0,0.6,98.0,0.0,2,2
2022-09-09 22:09:00,5,14.3,0.0,1.4,66.0,0.6,98.0,0.0,2,2
2022-09-09 22:16:00,5,14.3,0.0,1.4,66.0,0.6,98.0,0.0,2,2
2022-09-09 22:20:00,5,14.3,0.0,1.4,66.0,0.6,98.0,0.0,2,2
2022-09-09 22:26:00,2,14.3,0.0,1.4,66.0,0.6,98.0,0.0,2,2
2022-09-09 22:30:00,2,14.3,0.0,1.4,66.0,0.6,98.0,0.0,2,2
2022-09-09 22:36:00,2,14.0,0.0,5.2,73.0,0.8,98.0,0.0,2,2
2022-09-09 22:40:00,2,14.0,0.0,5.2,73.0,0.8,98.0,0.0,2,2
2022-09-09 22:50:00,2,14.0,0.0,5.2,73.0,0.8,98.0,0.0,2,2
2022-09-09 22:56:00,2,14.0,0.0,5.2,73.0,0.8,98.0,0.0,2,2
2022-09-09 23:00:00,2,14.0,0.0,5.2,73.0,0.8,98.0,0.0,2,2
2022-09-09 23:06:00,2,14.0,0.0,5.2,73.0,0.8,98.0,0.0,2,2
2022-09-09 23:09:00,2,14.0,0.0,5.2,73.0,0.8,98.0,0.0,2,2
2022-09-09 23:16:00,2,14.0,0.0,5.2,73.0,0.8,98.0,0.0,2,2
2022-09-09 23:20:00,2,14.0,0.0,5.2,73.0,0.8,98.0,0.0,2,2
2022-09-09 23:26:00,2,14.0,0.0,5.2,73.0,0.8,98.0,0.0,2,2
2022-09-09 23:30:00,2,14.0,0.0,5.2,73.0,0.8,98.0,0.0,2,2
2022-09-09 23:36:00,2,14.0,0.0,5.2,73.0,0.8,98.0,0.0,2,2
2022-09-09 23:40:00,2,14.0,0.0,5.2,73.0,0.8,98.0,0.0,2,2
2022-09-09 23:46:00,2,14.0,0.0,5.2,73.0,0.8,98.0,0.0,2,2
2022-09-09 23:50:00,2,14.0,0.0,5.2,73.0,0.8,98.0,0.0,2,2
2022-09-09 23:56:00,2,14.0,0.0,5.2,73.0,0.8,98.0,0.0,2,2
2022-09-10 00:00:00,2,13.8,0.0,1.4,79.0,0.3,99.0,0.0,2,2
2022-09-10 00:06:00,2,13.8,0.0,1.4,79.0,0.3,99.0,0.0,2,2
2022-09-10 00:10:00,2,13.8,0.0,1.4,79.0,0.3,99.0,0.0,2,2
2022-09-10 00:20:00,2,13.8,0.0,1.4,79.0,0.3,99.0,0.0,2,2
2022-09-10 00:26:00,2,13.8,0.0,1.4,79.0,0.3,99.0,0.0,0,2
2022-09-10 00:30:00,2,13.8,0.0,1.4,79.0,0.3,99.0,0.0,0,2
2022-09-10 00:36:00,2,14.3,0.0,1.4,85.0,0.0,99.0,0.0,0,2
2022-09-10 00:40:00,2,14.3,0.0,1.4,85.0,0.0,99.0,0.0,0,2
2022-09-10 00:50:00,2,14.3,0.0,1.4,85.0,0.0,99.0,0.0,0,2
2022-09-10 00:56:00,2,14.3,0.0,1.4,85.0,0.0,99.0,0.0,0,2
2022-09-10 01:00:00,2,14.3,0.0,1.4,85.0,0.0,99.0,0.0,1,2
2022-09-10 01:06:00,2,14.3,0.0,1.4,85.0,0.0,99.0,0.0,1,2
2022-09-10 01:10:00,2,14.3,0.0,1.4,85.0,0.0,99.0,0.0,1,2
2022-09-10 01:16:00,2,14.3,0.0,1.4,85.0,0.0,99.0,0.0,1,2
2022-09-10 01:20:00,2,14.3,0.0,1.4,85.0,0.0,99.0,0.0,1,2
2022-09-10 01:26:00,2,14.3,0.0,1.4,85.0,0.0,99.0,0.0,1,0
2022-09-10 01:30:00,2,14.3,0.0,1.4,85.0,0.0,99.0,0.0,1,0
2022-09-10 01:36:00,2,14.4,0.0,1.4,90.0,0.0,99.0,0.0,1,0
2022-09-10 01:40:00,2,14.4,0.0,1.4,90.0,0.0,99.0,0.0,1,0
2022-09-10 01:46:00,2,14.4,0.0,1.4,90.0,0.0,99.0,0.0,1,0
2022-09-10 01:56:00,2,14.4,0.0,1.4,90.0,0.0,99.0,0.0,4,0
2022-09-10 02:00:00,2,14.4,0.0,1.4,90.0,0.0,99.0,0.0,4,1
2022-09-10 02:06:00,2,14.4,0.0,1.4,90.0,0.0,99.0,0.0,4,1
2022-09-10 02:10:00,2,14.4,0.0,1.4,90.0,0.0,99.0,0.0,4,1
2022-09-10 02:20:00,2,14.4,0.0,1.4,90.0,0.0,99.0,0.0,4,1
2022-09-10 02:26:00,0,14.4,0.0,1.4,90.0,0.0,99.0,0.0,4,1
2022-09-10 02:30:00,0,14.4,0.0,1.4,90.0,0.0,99.0,0.0,4,1
2022-09-10 02:36:00,0,14.0,0.0,1.4,95.0,0.0,99.0,0.0,4,1
2022-09-10 02:40:00,0,14.0,0.0,1.4,95.0,0.0,99.0,0.0,4,1
2022-09-10 02:50:00,0,14.0,0.0,1.4,95.0,0.0,99.0,0.0,4,1
2022-09-10 02:56:00,0,14.0,0.0,1.4,95.0,0.0,99.0,0.0,4,4
2022-09-10 03:00:00,1,14.0,0.0,1.4,95.0,0.0,99.0,0.0,4,4
2022-09-10 03:06:00,1,14.0,0.0,1.4,95.0,0.0,99.0,0.0,4,4
2022-09-10 03:10:00,1,14.0,0.0,1.4,95.0,0.0,99.0,0.0,4,4
2022-09-10 03:20:00,1,14.0,0.0,1.4,95.0,0.0,99.0,0.0,4,4
2022-09-10 03:26:00,1,14.0,0.0,1.4,95.0,0.0,99.0,0.0,4,4
2022-09-10 03:30:00,1,14.0,0.0,1.4,95.0,0.0,99.0,0.0,4,4
2022-09-10 03:36:00,1,13.9,0.0,1.2,87.0,0.0,99.0,0.0,4,4
2022-09-10 03:40:00,1,13.9,0.0,1.2,87.0,0.0,99.0,0.0,4,4
2022-09-10 03:50:00,1,13.9,0.0,1.2,87.0,0.0,99.0,0.0,4,4
2022-09-10 03:56:00,4,13.9,0.0,1.2,87.0,0.0,99.0,0.0,4,4
2022-09-10 04:00:00,4,13.9,0.0,1.2,87.0,0.0,99.0,0.0,4,4
2022-09-10 04:06:00,4,13.9,0.0,1.2,87.0,0.0,99.0,0.0,4,4
2022-09-10 04:10:00,4,13.9,0.0,1.2,87.0,0.0,99.0,0.0,4,4
2022-09-10 04:16:00,4,13.9,0.0,1.2,87.0,0.0,99.0,0.0,4,4
2022-09-10 04:26:00,4,13.9,0.0,1.2,87.0,0.0,99.0,0.0,4,4
2022-09-10 04:30:00,4,13.9,0.0,1.2,87.0,0.0,99.0,0.0,4,4
2022-09-10 04:36:00,4,13.9,0.0,1.0,78.0,0.0,99.0,0.0,4,4
2022-09-10 04:40:00,4,13.9,0.0,1.0,78.0,0.0,99.0,0.0,4,4
2022-09-11 18:52:00,1,16.4,1.0,4.1,18.0,0.0,76.0,0.0,3,1
2022-09-11 18:58:00,1,16.4,1.0,4.1,18.0,0.0,76.0,0.0,3,2
2022-09-11 19:02:00,1,16.4,1.0,4.1,18.0,0.0,76.0,0.0,3,2
2022-09-11 19:08:00,1,16.4,1.0,4.1,18.0,0.0,76.0,0.0,3,3
2022-09-11 19:12:00,1,16.4,1.0,4.1,18.0,0.0,76.0,0.0,3,3
2022-09-11 19:18:00,1,16.4,1.0,4.1,18.0,0.0,76.0,0.0,3,3
2022-09-11 19:22:00,1,16.4,1.0,4.1,18.0,0.0,76.0,0.0,3,3
2022-09-11 19:32:00,1,16.1,0.0,2.8,25.0,0.0,80.0,0.0,3,3
2022-09-11 19:38:00,1,16.1,0.0,2.8,25.0,0.0,80.0,0.0,4,3
2022-09-11 19:42:00,1,16.1,0.0,2.8,25.0,0.0,80.0,0.0,4,3
2022-09-11 19:48:00,1,16.1,0.0,2.8,25.0,0.0,80.0,0.0,4,3
2022-09-11 19:52:00,1,16.1,0.0,2.8,25.0,0.0,80.0,0.0,4,3
2022-09-11 20:02:00,2,16.1,0.0,2.8,25.0,0.0,80.0,0.0,4,3
2022-09-11 20:08:00,3,16.1,0.0,2.8,25.0,0.0,80.0,0.0,4,3
2022-09-11 20:12:00,3,16.1,0.0,2.8,25.0,0.0,80.0,0.0,4,3
2022-09-11 20:18:00,3,16.1,0.0,2.8,25.0,0.0,80.0,0.0,4,3
2022-09-11 20:22:00,3,16.1,0.0,2.8,25.0,0.0,80.0,0.0,4,3
2022-09-11 20:32:00,3,15.2,0.0,1.4,31.0,0.0,84.0,0.0,4,3
2022-09-11 20:38:00,3,15.2,0.0,1.4,31.0,0.0,84.0,0.0,4,4
2022-09-11 20:42:00,3,15.2,0.0,1.4,31.0,0.0,84.0,0.0,4,4
2022-09-11 20:48:00,3,15.2,0.0,1.4,31.0,0.0,84.0,0.0,4,4
2022-09-11 20:52:00,3,15.2,0.0,1.4,31.0,0.0,84.0,0.0,4,4
2022-09-11 21:02:00,3,15.2,0.0,1.4,31.0,0.0,84.0,0.0,4,4
2022-09-11 21:08:00,3,15.2,0.0,1.4,31.0,0.0,84.0,0.0,5,4
2022-09-11 21:12:00,3,15.2,0.0,1.4,31.0,0.0,84.0,0.0,5,4
2022-09-11 21:18:00,3,15.2,0.0,1.4,31.0,0.0,84.0,0.0,5,4
2022-09-11 21:22:00,3,15.2,0.0,1.4,31.0,0.0,84.0,0.0,5,4
2022-09-11 21:32:00,3,14.7,0.0,1.1,25.0,0.0,87.0,0.0,5,4
2022-09-11 21:38:00,4,14.7,0.0,1.1,25.0,0.0,87.0,0.0,5,4
2022-09-11 21:42:00,4,14.7,0.0,1.1,25.0,0.0,87.0,0.0,5,4
2022-09-11 21:48:00,4,14.7,0.0,1.1,25.0,0.0,87.0,0.0,5,4
2022-09-11 21:52:00,4,14.7,0.0,1.1,25.0,0.0,87.0,0.0,5,4
2022-09-11 21:58:00,4,14.7,0.0,1.1,25.0,0.0,87.0,0.0,6,4
2022-09-11 22:02:00,4,14.7,0.0,1.1,25.0,0.0,87.0,0.0,6,4
2022-09-11 22:08:00,4,14.7,0.0,1.1,25.0,0.0,87.0,0.0,6,5
2022-09-11 22:12:00,4,14.7,0.0,1.1,25.0,0.0,87.0,0.0,6,5
2022-09-11 22:18:00,4,14.7,0.0,1.1,25.0,0.0,87.0,0.0,6,5
2022-09-11 22:22:00,4,14.7,0.0,1.1,25.0,0.0,87.0,0.0,7,5
2022-09-11 22:28:00,4,14.7,0.0,1.1,25.0,0.0,87.0,0.0,7,5
2022-09-11 22:32:00,4,14.3,0.0,0.7,19.0,0.0,91.0,0.0,7,5
2022-09-11 22:38:00,4,14.3,0.0,0.7,19.0,0.0,91.0,0.0,7,5
2022-09-11 22:42:00,4,14.3,0.0,0.7,19.0,0.0,91.0,0.0,7,5
2022-09-11 22:48:00,4,14.3,0.0,0.7,19.0,0.0,91.0,0.0,7,5
2022-09-11 22:52:00,4,14.3,0.0,0.7,19.0,0.0,91.0,0.0,7,5
2022-09-11 23:02:00,4,14.3,0.0,0.7,19.0,0.0,91.0,0.0,7,6
2022-09-11 23:12:00,5,14.3,0.0,0.7,19.0,0.0,91.0,0.0,7,6
2022-09-11 23:18:00,5,14.3,0.0,0.7,19.0,0.0,91.0,0.0,7,6
2022-09-11 23:22:00,5,14.3,0.0,0.7,19.0,0.0,91.0,0.0,7,7
2022-09-11 23:28:00,5,14.3,0.0,0.7,19.0,0.0,91.0,0.0,7,7
2022-09-11 23:32:00,5,14.3,0.0,0.7,19.0,0.0,91.0,0.0,7,7
2022-09-11 23:39:00,5,14.3,0.0,0.7,19.0,0.0,91.0,0.0,7,7
2022-09-11 23:48:00,5,14.3,0.0,0.7,19.0,0.0,91.0,0.0,7,7
2022-09-12 00:02:00,6,13.8,0.0,0.4,13.0,0.0,95.0,0.0,7,7
2022-09-12 00:08:00,6,13.8,0.0,0.4,13.0,0.0,95.0,0.0,7,7
2022-09-12 00:12:00,6,13.8,0.0,0.4,13.0,0.0,95.0,0.0,7,7
2022-09-12 00:18:00,6,13.8,0.0,0.4,13.0,0.0,95.0,0.0,7,7
2022-09-12 00:22:00,7,13.8,0.0,0.4,13.0,0.0,95.0,0.0,7,7
2022-09-12 00:28:00,7,13.8,0.0,0.4,13.0,0.0,95.0,0.0,7,7
2022-09-12 00:38:00,7,13.1,0.0,0.6,13.0,0.0,95.0,0.0,7,7
2022-09-12 00:42:00,7,13.1,0.0,0.6,13.0,0.0,95.0,0.0,7,7
2022-09-12 00:48:00,7,13.1,0.0,0.6,13.0,0.0,95.0,0.0,7,7
2022-09-12 00:52:00,7,13.1,0.0,0.6,13.0,0.0,95.0,0.0,7,7
2022-09-12 00:58:00,7,13.1,0.0,0.6,13.0,0.0,95.0,0.0,7,7
2022-09-12 01:02:00,7,13.1,0.0,0.6,13.0,0.0,95.0,0.0,7,7
2022-09-12 01:08:00,7,13.1,0.0,0.6,13.0,0.0,95.0,0.0,7,7
2022-09-12 01:12:00,7,13.1,0.0,0.6,13.0,0.0,95.0,0.0,7,7
2022-09-12 01:18:00,7,13.1,0.0,0.6,13.0,0.0,95.0,0.0,7,7
2022-09-12 01:22:00,7,13.1,0.0,0.6,13.0,0.0,95.0,0.0,7,7
2022-09-12 01:28:00,7,13.1,0.0,0.6,13.0,0.0,95.0,0.0,7,7
2022-09-12 01:32:00,7,13.0,0.0,0.8,13.0,0.0,96.0,0.0,7,7
2022-09-12 01:38:00,7,13.0,0.0,0.8,13.0,0.0,96.0,0.0,7,7
2022-09-12 01:42:00,7,13.0,0.0,0.8,13.0,0.0,96.0,0.0,7,7
2022-09-12 01:48:00,7,13.0,0.0,0.8,13.0,0.0,96.0,0.0,7,7
2022-09-12 01:52:00,7,13.0,0.0,0.8,13.0,0.0,96.0,0.0,7,7
2022-09-12 01:58:00,7,13.0,0.0,0.8,13.0,0.0,96.0,0.0,7,7
2022-09-12 02:02:00,7,13.0,0.0,0.8,13.0,0.0,96.0,0.0,7,7
2022-09-12 02:08:00,7,13.0,0.0,0.8,13.0,0.0,96.0,0.0,7,7
2022-09-12 02:12:00,7,13.0,0.0,0.8,13.0,0.0,96.0,0.0,7,7
2022-09-12 02:18:00,7,13.0,0.0,0.8,13.0,0.0,96.0,0.0,7,7
2022-09-12 02:22:00,7,13.0,0.0,0.8,13.0,0.0,96.0,0.0,7,7
2022-09-12 02:28:00,7,13.0,0.0,0.8,13.0,0.0,96.0,0.0,7,7
2022-09-12 02:32:00,7,12.7,0.0,1.1,13.0,0.0,96.0,0.0,7,7
2022-09-12 02:38:00,7,12.7,0.0,1.1,13.0,0.0,96.0,0.0,7,7
2022-09-12 02:42:00,7,12.7,0.0,1.1,13.0,0.0,96.0,0.0,7,7
2022-09-12 02:48:00,7,12.7,0.0,1.1,13.0,0.0,96.0,0.0,7,7
2022-09-12 02:52:00,7,12.7,0.0,1.1,13.0,0.0,96.0,0.0,7,7
2022-09-12 02:58:00,7,12.7,0.0,1.1,13.0,0.0,96.0,0.0,7,7
2022-09-12 03:02:00,7,12.7,0.0,1.1,13.0,0.0,96.0,0.0,7,7
2022-09-12 03:08:00,7,12.7,0.0,1.1,13.0,0.0,96.0,0.0,7,7
2022-09-12 03:12:00,7,12.7,0.0,1.1,13.0,0.0,96.0,0.0,7,7
2022-09-12 03:18:00,7,12.7,0.0,1.1,13.0,0.0,96.0,0.0,7,7
2022-09-12 03:22:00,7,12.7,0.0,1.1,13.0,0.0,96.0,0.0,7,7
2022-09-12 03:32:00,7,12.4,0.0,1.0,17.0,0.0,96.0,0.0,6,7
2022-09-12 03:38:00,7,12.4,0.0,1.0,17.0,0.0,96.0,0.0,6,7
2022-09-12 03:42:00,7,12.4,0.0,1.0,17.0,0.0,96.0,0.0,6,7
2022-09-12 03:49:00,7,12.4,0.0,1.0,17.0,0.0,96.0,0.0,6,7
2022-09-12 03:52:00,7,12.4,0.0,1.0,17.0,0.0,96.0,0.0,6,7
2022-09-12 03:58:00,7,12.4,0.0,1.0,17.0,0.0,96.0,0.0,6,7
2022-09-12 04:02:00,7,12.4,0.0,1.0,17.0,0.0,96.0,0.0,6,7
2022-09-12 04:08:00,7,12.4,0.0,1.0,17.0,0.0,96.0,0.0,6,7
2022-09-12 04:12:00,7,12.4,0.0,1.0,17.0,0.0,96.0,0.0,6,7
2022-09-12 04:18:00,7,12.4,0.0,1.0,17.0,0.0,96.0,0.0,6,7
2022-09-12 04:22:00,7,12.4,0.0,1.0,17.0,0.0,96.0,0.0,6,7
2022-09-12 04:29:00,7,12.4,0.0,1.0,17.0,0.0,96.0,0.0,5,6
2022-09-12 04:39:00,7,12.2,0.0,0.8,22.0,0.0,97.0,0.0,5,6
2022-09-12 04:42:00,7,12.2,0.0,0.8,22.0,0.0,97.0,0.0,5,6
2022-09-12 04:48:00,7,12.2,0.0,0.8,22.0,0.0,97.0,0.0,5,6
2022-09-12 04:52:00,7,12.2,0.0,0.8,22.0,0.0,97.0,0.0,5,6
2022-09-12 04:59:00,7,12.2,0.0,0.8,22.0,0.0,97.0,0.0,5,6
2022-09-12 05:02:00,7,12.2,0.0,0.8,22.0,0.0,97.0,0.0,5,6
2022-09-12 05:08:00,7,12.2,0.0,0.8,22.0,0.0,97.0,0.0,6,6
2022-09-12 05:12:00,7,12.2,0.0,0.8,22.0,0.0,97.0,0.0,6,6
2022-09-12 05:18:00,7,12.2,0.0,0.8,22.0,0.0,97.0,0.0,6,6
2022-09-12 05:22:00,7,12.2,0.0,0.8,22.0,0.0,97.0,0.0,6,6
2022-09-12 05:29:00,6,12.2,0.0,0.8,22.0,0.0,97.0,0.0,5,5
2022-09-12 05:32:00,6,11.9,0.0,0.7,26.0,0.0,97.0,0.0,5,5
2022-09-12 05:39:00,6,11.9,0.0,0.7,26.0,0.0,97.0,0.0,5,5
2022-09-12 05:42:00,6,11.9,0.0,0.7,26.0,0.0,97.0,0.0,4,5
2022-09-12 05:49:00,6,11.9,0.0,0.7,26.0,0.0,97.0,0.0,4,5
2022-09-12 05:52:00,6,11.9,0.0,0.7,26.0,0.0,97.0,0.0,4,5
2022-09-12 05:59:00,6,11.9,0.0,0.7,26.0,0.0,97.0,0.0,4,5
2022-09-12 06:02:00,6,11.9,0.0,0.7,26.0,0.0,97.0,0.0,4,5
2022-09-12 06:09:00,6,11.9,0.0,0.7,26.0,0.0,97.0,0.0,4,6
2022-09-12 06:12:00,6,11.9,0.0,0.7,26.0,0.0,97.0,0.0,4,6
2022-09-12 06:18:00,6,11.9,0.0,0.7,26.0,0.0,97.0,0.0,4,6
2022-09-12 06:22:00,6,11.9,0.0,0.7,26.0,0.0,97.0,0.0,4,6
2022-09-12 06:28:00,5,11.9,0.0,0.7,26.0,0.0,97.0,0.0,4,5
2022-09-12 06:39:00,5,12.5,1.0,1.2,24.0,0.0,89.0,0.0,4,5
2022-09-12 06:42:00,5,12.5,1.0,1.2,24.0,0.0,89.0,0.0,4,4
2022-09-12 06:48:00,5,12.5,1.0,1.2,24.0,0.0,89.0,0.0,4,4
2022-09-12 06:52:00,5,12.5,1.0,1.2,24.0,0.0,89.0,0.0,4,4
2022-09-12 07:02:00,5,12.5,1.0,1.2,24.0,0.0,89.0,0.0,4,4
2022-09-12 07:09:00,6,12.5,1.0,1.2,24.0,0.0,89.0,0.0,4,4
2022-09-12 07:12:00,6,12.5,1.0,1.2,24.0,0.0,89.0,0.0,4,4
2022-09-12 07:19:00,6,12.5,1.0,1.2,24.0,0.0,89.0,0.0,4,4
2022-09-12 07:22:00,6,12.5,1.0,1.2,24.0,0.0,89.0,0.0,4,4
2022-09-12 07:29:00,5,12.5,1.0,1.2,24.0,0.0,89.0,0.0,4,4
2022-09-12 07:32:00,5,14.8,1.0,1.7,23.0,0.0,82.0,0.0,4,4
2022-09-12 07:39:00,5,14.8,1.0,1.7,23.0,0.0,82.0,0.0,4,4
2022-09-12 07:42:00,4,14.8,1.0,1.7,23.0,0.0,82.0,0.0,4,4
2022-09-12 07:49:00,4,14.8,1.0,1.7,23.0,0.0,82.0,0.0,4,4
2022-09-12 07:52:00,4,14.8,1.0,1.7,23.0,0.0,82.0,0.0,4,4
2022-09-12 07:59:00,4,14.8,1.0,1.7,23.0,0.0,82.0,0.0,4,4
2022-09-12 08:02:00,4,14.8,1.0,1.7,23.0,0.0,82.0,0.0,4,4
2022-09-12 08:09:00,4,14.8,1.0,1.7,23.0,0.0,82.0,0.0,4,4
2022-09-12 08:19:00,4,14.8,1.0,1.7,23.0,0.0,82.0,0.0,4,4
2022-09-12 08:23:00,4,14.8,1.0,1.7,23.0,0.0,82.0,0.0,4,4
2022-09-12 08:29:00,4,14.8,1.0,1.7,23.0,0.0,82.0,0.0,4,4
2022-09-13 22:34:00,10,15.5,0.0,5.6,27.0,0.0,88.0,0.0,10,10
2022-09-13 22:41:00,10,15.5,0.0,5.6,27.0,0.0,88.0,0.0,10,10
2022-09-13 22:44:00,10,15.5,0.0,5.6,27.0,0.0,88.0,0.0,9,10
2022-09-13 22:51:00,10,15.5,0.0,5.6,27.0,0.0,88.0,0.0,9,10
2022-09-13 22:54:00,10,15.5,0.0,5.6,27.0,0.0,88.0,0.0,9,10
2022-09-13 23:01:00,10,15.5,0.0,5.6,27.0,0.0,88.0,0.0,9,10
2022-09-13 23:04:00,10,15.5,0.0,5.6,27.0,0.0,88.0,0.0,9,10
2022-09-13 23:11:00,10,15.5,0.0,5.6,27.0,0.0,88.0,0.0,9,10
2022-09-13 23:14:00,10,15.5,0.0,5.6,27.0,0.0,88.0,0.0,9,10
2022-09-13 23:21:00,10,15.5,0.0,5.6,27.0,0.0,88.0,0.0,9,10
2022-09-13 23:24:00,10,15.5,0.0,5.6,27.0,0.0,88.0,0.0,9,10
2022-09-13 23:31:00,10,15.5,0.0,5.6,27.0,0.0,88.0,0.0,9,10
2022-09-13 23:34:00,10,15.5,0.0,5.6,27.0,0.0,88.0,0.0,9,10
2022-09-13 23:41:00,10,15.5,0.0,5.6,27.0,0.0,88.0,0.0,9,10
2022-09-13 23:45:00,10,15.5,0.0,5.6,27.0,0.0,88.0,0.0,9,9
2022-09-13 23:51:00,10,15.5,0.0,5.6,27.0,0.0,88.0,0.0,9,9
2022-09-13 23:54:00,10,15.5,0.0,5.6,27.0,0.0,88.0,0.0,9,9
2022-09-14 00:01:00,10,14.8,0.0,5.8,16.0,0.0,92.0,0.0,9,9
2022-09-14 00:04:00,10,14.8,0.0,5.8,16.0,0.0,92.0,0.0,9,9
2022-09-14 00:11:00,10,14.8,0.0,5.8,16.0,0.0,92.0,0.0,9,9
2022-09-14 00:14:00,10,14.8,0.0,5.8,16.0,0.0,92.0,0.0,9,9
2022-09-14 00:21:00,10,14.8,0.0,5.8,16.0,0.0,92.0,0.0,9,9
2022-09-14 00:31:00,10,14.9,0.0,5.6,15.0,0.0,92.0,0.0,9,9
2022-09-14 00:34:00,10,14.9,0.0,5.6,15.0,0.0,92.0,0.0,9,9
2022-09-14 00:41:00,10,14.9,0.0,5.6,15.0,0.0,92.0,0.0,9,9
2022-09-14 00:44:00,9,14.9,0.0,5.6,15.0,0.0,92.0,0.0,9,9
2022-09-14 00:51:00,9,14.9,0.0,5.6,15.0,0.0,92.0,0.0,9,9
2022-09-14 00:55:00,9,14.9,0.0,5.6,15.0,0.0,92.0,0.0,9,9
2022-09-14 01:01:00,9,14.9,0.0,5.6,15.0,0.0,92.0,0.0,9,9
2022-09-14 01:05:00,9,14.9,0.0,5.6,15.0,0.0,92.0,0.0,9,9
2022-09-14 01:11:00,9,14.9,0.0,5.6,15.0,0.0,92.0,0.0,9,9
2022-09-14 01:21:00,9,14.9,0.0,5.6,15.0,0.0,92.0,0.0,9,9
2022-09-14 01:24:00,9,14.9,0.0,5.6,15.0,0.0,92.0,0.0,9,9
2022-09-14 01:31:00,9,15.1,0.0,5.5,15.0,0.0,92.0,0.0,9,9
2022-09-14 01:41:00,9,15.1,0.0,5.5,15.0,0.0,92.0,0.0,9,9
2022-09-14 01:45:00,9,15.1,0.0,5.5,15.0,0.0,92.0,0.0,9,9
2022-09-14 01:51:00,9,15.1,0.0,5.5,15.0,0.0,92.0,0.0,9,9
2022-09-14 01:55:00,9,15.1,0.0,5.5,15.0,0.0,92.0,0.0,9,9
2022-09-14 02:01:00,9,15.1,0.0,5.5,15.0,0.0,92.0,0.0,9,9
2022-09-14 02:05:00,9,15.1,0.0,5.5,15.0,0.0,92.0,0.0,9,9
2022-09-14 02:11:00,9,15.1,0.0,5.5,15.0,0.0,92.0,0.0,9,9
2022-09-14 02:15:00,9,15.1,0.0,5.5,15.0,0.0,92.0,0.0,9,9
2022-09-14 02:21:00,9,15.1,0.0,5.5,15.0,0.0,92.0,0.0,9,9
2022-09-14 02:25:00,9,15.1,0.0,5.5,15.0,0.0,92.0,0.0,9,9
2022-09-14 02:32:00,9,15.3,0.0,5.4,14.0,0.0,93.0,0.0,9,9
2022-09-14 02:35:00,9,15.3,0.0,5.4,14.0,0.0,93.0,0.0,9,9
2022-09-14 02:41:00,9,15.3,0.0,5.4,14.0,0.0,93.0,0.0,9,9
2022-09-14 02:51:00,9,15.3,0.0,5.4,14.0,0.0,93.0,0.0,9,9
2022-09-14 02:55:00,9,15.3,0.0,5.4,14.0,0.0,93.0,0.0,9,9
2022-09-14 03:01:00,9,15.3,0.0,5.4,14.0,0.0,93.0,0.0,9,9
2022-09-14 03:11:00,9,15.3,0.0,5.4,14.0,0.0,93.0,0.0,9,9
2022-09-14 03:15:00,9,15.3,0.0,5.4,14.0,0.0,93.0,0.0,9,9
2022-09-14 03:21:00,9,15.3,0.0,5.4,14.0,0.0,93.0,0.0,9,9
2022-09-14 03:25:00,9,15.3,0.0,5.4,14.0,0.0,93.0,0.0,9,9
2022-09-14 03:31:00,9,15.1,0.0,5.5,13.0,0.0,92.0,0.0,9,9
2022-09-14 03:35:00,9,15.1,0.0,5.5,13.0,0.0,92.0,0.0,9,9
2022-09-14 03:41:00,9,15.1,0.0,5.5,13.0,0.0,92.0,0.0,9,9
2022-09-14 03:45:00,9,15.1,0.0,5.5,13.0,0.0,92.0,0.0,9,9
2022-09-14 03:51:00,9,15.1,0.0,5.5,13.0,0.0,92.0,0.0,9,9
2022-09-14 03:55:00,9,15.1,0.0,5.5,13.0,0.0,92.0,0.0,9,9
2022-09-14 04:02:00,9,15.1,0.0,5.5,13.0,0.0,92.0,0.0,9,9
2022-09-14 04:05:00,9,15.1,0.0,5.5,13.0,0.0,92.0,0.0,9,9
2022-09-14 04:11:00,9,15.1,0.0,5.5,13.0,0.0,92.0,0.0,9,9
2022-09-14 04:15:00,9,15.1,0.0,5.5,13.0,0.0,92.0,0.0,9,9
2022-09-14 04:22:00,9,15.1,0.0,5.5,13.0,0.0,92.0,0.0,9,9
2022-09-14 04:25:00,9,15.1,0.0,5.5,13.0,0.0,92.0,0.0,9,9
2022-09-14 04:31:00,9,15.0,0.0,9.3,12.0,0.0,92.0,0.0,9,9
2022-09-14 04:35:00,9,15.0,0.0,9.3,12.0,0.0,92.0,0.0,9,9
2022-09-14 04:42:00,9,15.0,0.0,9.3,12.0,0.0,92.0,0.0,9,9
2022-09-14 04:45:00,9,15.0,0.0,9.3,12.0,0.0,92.0,0.0,9,9
2022-09-14 04:51:00,9,15.0,0.0,9.3,12.0,0.0,92.0,0.0,9,9
2022-09-14 04:55:00,9,15.0,0.0,9.3,12.0,0.0,92.0,0.0,9,9
2022-09-14 05:02:00,9,15.0,0.0,9.3,12.0,0.0,92.0,0.0,9,9
2022-09-14 05:05:00,9,15.0,0.0,9.3,12.0,0.0,92.0,0.0,9,9
2022-09-14 05:11:00,9,15.0,0.0,9.3,12.0,0.0,92.0,0.0,9,9
2022-09-14 05:15:00,9,15.0,0.0,9.3,12.0,0.0,92.0,0.0,9,9
2022-09-14 05:21:00,9,15.0,0.0,9.3,12.0,0.0,92.0,0.0,9,9
2022-09-14 05:25:00,9,15.0,0.0,9.3,12.0,0.0,92.0,0.0,9,9
2022-09-14 05:31:00,9,15.1,0.0,5.8,10.0,0.0,92.0,0.0,8,9
2022-09-14 05:35:00,9,15.1,0.0,5.8,10.0,0.0,92.0,0.0,8,9
2022-09-14 05:41:00,9,15.1,0.0,5.8,10.0,0.0,92.0,0.0,8,9
2022-09-14 05:45:00,9,15.1,0.0,5.8,10.0,0.0,92.0,0.0,8,9
2022-09-14 05:52:00,9,15.1,0.0,5.8,10.0,0.0,92.0,0.0,8,9
2022-09-14 05:55:00,9,15.1,0.0,5.8,10.0,0.0,92.0,0.0,8,9
2022-09-14 06:01:00,9,15.1,0.0,5.8,10.0,0.0,92.0,0.0,9,9
2022-09-14 06:05:00,9,15.1,0.0,5.8,10.0,0.0,92.0,0.0,9,9
2022-09-14 06:12:00,9,15.1,0.0,5.8,10.0,0.0,92.0,0.0,9,9
2022-09-14 06:15:00,9,15.1,0.0,5.8,10.0,0.0,92.0,0.0,9,9
2022-09-14 06:21:00,9,15.1,0.0,5.8,10.0,0.0,92.0,0.0,10,9
2022-09-14 06:25:00,9,15.1,0.0,5.8,10.0,0.0,92.0,0.0,10,9
2022-09-14 06:32:00,9,15.9,1.0,7.4,18.0,0.0,84.0,0.0,10,8
2022-09-14 06:35:00,9,15.9,1.0,7.4,18.0,0.0,84.0,0.0,9,8
2022-09-14 06:42:00,9,15.9,1.0,7.4,18.0,0.0,84.0,0.0,9,8
2022-09-14 06:45:00,9,15.9,1.0,7.4,18.0,0.0,84.0,0.0,9,8
2022-09-14 06:51:00,9,15.9,1.0,7.4,18.0,0.0,84.0,0.0,9,8
2022-09-14 06:55:00,9,15.9,1.0,7.4,18.0,0.0,84.0,0.0,9,8
2022-09-14 07:02:00,9,15.9,1.0,7.4,18.0,0.0,84.0,0.0,9,9
2022-09-14 07:05:00,9,15.9,1.0,7.4,18.0,0.0,84.0,0.0,9,9
2022-09-14 07:22:00,9,15.9,1.0,7.4,18.0,0.0,84.0,0.0,9,10
2022-09-14 07:25:00,9,15.9,1.0,7.4,18.0,0.0,84.0,0.0,9,10
2022-09-14 07:32:00,8,18.1,1.0,9.1,26.0,0.0,76.0,0.0,9,10
2022-09-14 07:35:00,8,18.1,1.0,9.1,26.0,0.0,76.0,0.0,9,9
2022-09-14 07:42:00,8,18.1,1.0,9.1,26.0,0.0,76.0,0.0,9,9
2022-09-14 07:45:00,8,18.1,1.0,9.1,26.0,0.0,76.0,0.0,9,9
2022-09-14 07:52:00,8,18.1,1.0,9.1,26.0,0.0,76.0,0.0,9,9
2022-09-14 07:55:00,8,18.1,1.0,9.1,26.0,0.0,76.0,0.0,9,9
2022-09-14 08:02:00,9,18.1,1.0,9.1,26.0,0.0,76.0,0.0,9,9
2022-09-14 08:05:00,9,18.1,1.0,9.1,26.0,0.0,76.0,0.0,9,9
2022-09-14 08:12:00,9,18.1,1.0,9.1,26.0,0.0,76.0,0.0,9,9
2022-09-14 08:15:00,9,18.1,1.0,9.1,26.0,0.0,76.0,0.0,9,9
2022-09-14 08:22:00,10,18.1,1.0,9.1,26.0,0.0,76.0,0.0,9,9
2022-09-14 08:25:00,10,18.1,1.0,9.1,26.0,0.0,76.0,0.0,9,9
2022-09-14 08:32:00,10,20.2,1.0,10.8,33.0,0.0,69.0,0.0,9,9
2022-09-14 08:35:00,9,20.2,1.0,10.8,33.0,0.0,69.0,0.0,9,9
2022-09-14 08:42:00,9,20.2,1.0,10.8,33.0,0.0,69.0,0.0,9,9
2022-09-14 08:45:00,9,20.2,1.0,10.8,33.0,0.0,69.0,0.0,9,9
2022-09-14 08:51:00,9,20.2,1.0,10.8,33.0,0.0,69.0,0.0,9,9
2022-09-14 08:55:00,9,20.2,1.0,10.8,33.0,0.0,69.0,0.0,9,9
2022-09-14 09:01:00,9,20.2,1.0,10.8,33.0,0.0,69.0,0.0,8,9
2022-09-14 09:05:00,9,20.2,1.0,10.8,33.0,0.0,69.0,0.0,8,9
2022-09-14 09:12:00,9,20.2,1.0,10.8,33.0,0.0,69.0,0.0,8,9
2022-09-14 09:15:00,9,20.2,1.0,10.8,33.0,0.0,69.0,0.0,8,9
2022-09-14 09:22:00,9,20.2,1.0,10.8,33.0,0.0,69.0,0.0,8,9
2022-09-14 09:25:00,9,20.2,1.0,10.8,33.0,0.0,69.0,0.0,7,9
2022-09-14 09:32:00,9,21.7,1.0,14.0,74.0,0.1,66.0,0.0,7,9
2022-09-14 09:35:00,9,21.7,1.0,14.0,74.0,0.1,66.0,0.0,7,9
2022-09-14 09:42:00,9,21.7,1.0,14.0,74.0,0.1,66.0,0.0,7,9
2022-09-14 09:45:00,9,21.7,1.0,14.0,74.0,0.1,66.0,0.0,7,9
2022-09-14 09:52:00,9,21.7,1.0,14.0,74.0,0.1,66.0,0.0,8,9
2022-09-14 09:56:00,9,21.7,1.0,14.0,74.0,0.1,66.0,0.0,9,9
2022-09-14 10:02:00,9,21.7,1.0,14.0,74.0,0.1,66.0,0.0,9,8
2022-09-14 10:05:00,9,21.7,1.0,14.0,74.0,0.1,66.0,0.0,9,8
2022-09-14 10:12:00,9,21.7,1.0,14.0,74.0,0.1,66.0,0.0,11,8
2022-09-14 10:15:00,9,21.7,1.0,14.0,74.0,0.1,66.0,0.0,11,8
2022-09-14 10:25:00,9,21.7,1.0,14.0,74.0,0.1,66.0,0.0,11,7
2022-09-14 10:32:00,9,23.1,1.0,17.3,46.0,0.0,63.0,0.0,11,7
2022-09-14 10:35:00,9,23.1,1.0,17.3,46.0,0.0,63.0,0.0,11,7
2022-09-14 10:41:00,9,23.1,1.0,17.3,46.0,0.0,63.0,0.0,11,7
2022-09-14 10:45:00,9,23.1,1.0,17.3,46.0,0.0,63.0,0.0,11,7
2022-09-14 10:52:00,9,23.1,1.0,17.3,46.0,0.0,63.0,0.0,11,8
2022-09-14 10:55:00,9,23.1,1.0,17.3,46.0,0.0,63.0,0.0,11,9
2022-09-14 11:02:00,8,23.1,1.0,17.3,46.0,0.0,63.0,0.0,10,9
2022-09-14 11:05:00,8,23.1,1.0,17.3,46.0,0.0,63.0,0.0,10,9
2022-09-14 11:12:00,8,23.1,1.0,17.3,46.0,0.0,63.0,0.0,10,11
2022-09-14 11:15:00,8,23.1,1.0,17.3,46.0,0.0,63.0,0.0,10,11
2022-09-14 11:22:00,8,23.1,1.0,17.3,46.0,0.0,63.0,0.0,10,11
2022-09-14 11:25:00,7,23.1,1.0,17.3,46.0,0.0,63.0,0.0,10,11
2022-09-14 11:31:00,7,24.6,1.0,20.5,52.0,0.0,60.0,0.0,10,11
2022-09-14 11:35:00,7,24.6,1.0,20.5,52.0,0.0,60.0,0.0,11,11
2022-09-14 11:42:00,7,24.6,1.0,20.5,52.0,0.0,60.0,0.0,11,11
2022-09-14 11:45:00,7,24.6,1.0,20.5,52.0,0.0,60.0,0.0,11,11
2022-09-14 11:52:00,8,24.6,1.0,20.5,52.0,0.0,60.0,0.0,13,11
2022-09-14 11:55:00,9,24.6,1.0,20.5,52.0,0.0,60.0,0.0,13,11
2022-09-14 12:02:00,9,24.6,1.0,20.5,52.0,0.0,60.0,0.0,13,10
2022-09-14 12:11:00,11,24.6,1.0,20.5,52.0,0.0,60.0,0.0,13,10
2022-09-14 12:15:00,11,24.6,1.0,20.5,52.0,0.0,60.0,0.0,13,10
2022-09-14 12:22:00,11,24.6,1.0,20.5,52.0,0.0,60.0,0.0,13,10
2022-09-14 12:25:00,11,24.6,1.0,20.5,52.0,0.0,60.0,0.0,14,10
2022-09-14 12:32:00,11,23.8,1.0,21.2,47.0,0.0,61.0,0.0,14,10
2022-09-14 12:35:00,11,23.8,1.0,21.2,47.0,0.0,61.0,0.0,14,11
2022-09-14 12:42:00,11,23.8,1.0,21.2,47.0,0.0,61.0,0.0,14,11
2022-09-14 12:52:00,11,23.8,1.0,21.2,47.0,0.0,61.0,0.0,15,13
2022-09-14 12:55:00,11,23.8,1.0,21.2,47.0,0.0,61.0,0.0,15,13
2022-09-14 13:02:00,10,23.8,1.0,21.2,47.0,0.0,61.0,0.0,15,13
2022-09-14 13:05:00,10,23.8,1.0,21.2,47.0,0.0,61.0,0.0,16,13
2022-09-14 13:11:00,10,23.8,1.0,21.2,47.0,0.0,61.0,0.0,16,13
2022-09-14 13:15:00,10,23.8,1.0,21.2,47.0,0.0,61.0,0.0,16,13
2022-09-14 13:22:00,10,23.8,1.0,21.2,47.0,0.0,61.0,0.0,16,13
2022-09-14 13:25:00,10,23.8,1.0,21.2,47.0,0.0,61.0,0.0,16,14
2022-09-14 13:32:00,10,22.9,1.0,22.0,43.0,0.0,62.0,0.0,16,14
2022-09-14 13:35:00,11,22.9,1.0,22.0,43.0,0.0,62.0,0.0,16,14
2022-09-14 13:41:00,11,22.9,1.0,22.0,43.0,0.0,62.0,0.0,16,14
2022-09-14 13:45:00,11,22.9,1.0,22.0,43.0,0.0,62.0,0.0,16,14
2022-09-14 13:51:00,13,22.9,1.0,22.0,43.0,0.0,62.0,0.0,17,15
2022-09-14 13:55:00,13,22.9,1.0,22.0,43.0,0.0,62.0,0.0,17,15
2022-09-14 14:01:00,13,22.9,1.0,22.0,43.0,0.0,62.0,0.0,17,15
2022-09-14 14:05:00,13,22.9,1.0,22.0,43.0,0.0,62.0,0.0,17,16
2022-09-14 14:15:00,13,22.9,1.0,22.0,43.0,0.0,62.0,0.0,16,16
2022-09-14 14:22:00,13,22.9,1.0,22.0,43.0,0.0,62.0,0.0,16,16
2022-09-14 14:25:00,14,22.9,1.0,22.0,43.0,0.0,62.0,0.0,16,16
2022-09-14 14:31:00,14,23.4,1.0,22.7,38.0,0.0,64.0,0.0,16,16
2022-09-14 14:35:00,14,23.4,1.0,22.7,38.0,0.0,64.0,0.0,16,16
2022-09-14 14:45:00,14,23.4,1.0,22.7,38.0,0.0,64.0,0.0,16,16
2022-09-14 14:55:00,15,23.4,1.0,22.7,38.0,0.0,64.0,0.0,17,17
2022-09-14 15:02:00,15,23.4,1.0,22.7,38.0,0.0,64.0,0.0,17,17
2022-09-14 15:05:00,16,23.4,1.0,22.7,38.0,0.0,64.0,0.0,17,17
2022-09-14 15:12:00,16,23.4,1.0,22.7,38.0,0.0,64.0,0.0,17,16
2022-09-14 15:22:00,16,23.4,1.0,22.7,38.0,0.0,64.0,0.0,17,16
2022-09-14 15:25:00,16,23.4,1.0,22.7,38.0,0.0,64.0,0.0,17,16
2022-09-14 15:32:00,16,22.5,1.0,19.9,37.0,0.0,68.0,0.0,17,16
2022-09-14 15:35:00,16,22.5,1.0,19.9,37.0,0.0,68.0,0.0,17,16
2022-09-14 15:42:00,16,22.5,1.0,19.9,37.0,0.0,68.0,0.0,16,16
2022-09-14 15:45:00,16,22.5,1.0,19.9,37.0,0.0,68.0,0.0,17,16
2022-09-14 15:52:00,17,22.5,1.0,19.9,37.0,0.0,68.0,0.0,18,16
2022-09-14 15:55:00,17,22.5,1.0,19.9,37.0,0.0,68.0,0.0,18,17
2022-09-14 16:02:00,17,22.5,1.0,19.9,37.0,0.0,68.0,0.0,18,17
2022-09-14 16:05:00,17,22.5,1.0,19.9,37.0,0.0,68.0,0.0,18,17
2022-09-14 16:12:00,16,22.5,1.0,19.9,37.0,0.0,68.0,0.0,18,17
2022-09-14 16:15:00,16,22.5,1.0,19.9,37.0,0.0,68.0,0.0,18,17
2022-09-14 16:25:00,16,22.5,1.0,19.9,37.0,0.0,68.0,0.0,18,17
2022-09-14 16:32:00,16,21.4,1.0,17.2,35.0,0.0,72.0,0.0,19,17
2022-09-14 16:35:00,16,21.4,1.0,17.2,35.0,0.0,72.0,0.0,18,17
2022-09-14 16:42:00,16,21.4,1.0,17.2,35.0,0.0,72.0,0.0,18,16
2022-09-14 16:46:00,16,21.4,1.0,17.2,35.0,0.0,72.0,0.0,18,17
2022-09-14 16:52:00,16,21.4,1.0,17.2,35.0,0.0,72.0,0.0,18,18
2022-09-14 16:55:00,17,21.4,1.0,17.2,35.0,0.0,72.0,0.0,18,18
2022-09-14 17:02:00,17,21.4,1.0,17.2,35.0,0.0,72.0,0.0,18,18
2022-09-14 17:05:00,17,21.4,1.0,17.2,35.0,0.0,72.0,0.0,16,18
2022-09-14 17:12:00,17,21.4,1.0,17.2,35.0,0.0,72.0,0.0,16,18
2022-09-14 17:16:00,17,21.4,1.0,17.2,35.0,0.0,72.0,0.0,16,18
2022-09-14 17:21:00,17,21.4,1.0,17.2,35.0,0.0,72.0,0.0,16,18
2022-09-14 17:25:00,17,21.4,1.0,17.2,35.0,0.0,72.0,0.0,16,18
2022-09-14 17:32:00,17,20.2,1.0,14.4,77.0,0.1,77.0,0.0,16,19
2022-09-14 17:35:00,17,20.2,1.0,14.4,77.0,0.1,77.0,0.0,16,18
2022-09-14 17:42:00,16,20.2,1.0,14.4,77.0,0.1,77.0,0.0,16,18
2022-09-14 17:45:00,17,20.2,1.0,14.4,77.0,0.1,77.0,0.0,17,18
2022-09-14 17:52:00,18,20.2,1.0,14.4,77.0,0.1,77.0,0.0,17,18
2022-09-14 17:55:00,18,20.2,1.0,14.4,77.0,0.1,77.0,0.0,17,18
2022-09-14 18:02:00,18,20.2,1.0,14.4,77.0,0.1,77.0,0.0,17,18
2022-09-14 18:05:00,18,20.2,1.0,14.4,77.0,0.1,77.0,0.0,17,16
2022-09-14 18:12:00,18,20.2,1.0,14.4,77.0,0.1,77.0,0.0,16,16
2022-09-14 18:16:00,18,20.2,1.0,14.4,77.0,0.1,77.0,0.0,16,16
2022-09-14 18:26:00,18,20.2,1.0,14.4,77.0,0.1,77.0,0.0,16,16
2022-09-14 18:33:00,19,19.3,1.0,15.6,76.0,0.1,80.0,0.0,16,16
2022-09-14 18:36:00,18,19.3,1.0,15.6,76.0,0.1,80.0,0.0,16,16
2022-09-14 18:42:00,18,19.3,1.0,15.6,76.0,0.1,80.0,0.0,16,16
2022-09-14 18:45:00,18,19.3,1.0,15.6,76.0,0.1,80.0,0.0,17,17
2022-09-14 18:56:00,18,19.3,1.0,15.6,76.0,0.1,80.0,0.0,17,17
2022-09-14 19:02:00,18,19.3,1.0,15.6,76.0,0.1,80.0,0.0,17,17
2022-09-14 19:06:00,16,19.3,1.0,15.6,76.0,0.1,80.0,0.0,17,17
2022-09-14 19:12:00,16,19.3,1.0,15.6,76.0,0.1,80.0,0.0,17,16
2022-09-14 19:26:00,16,19.3,1.0,15.6,76.0,0.1,80.0,0.0,17,16
2022-09-14 19:32:00,16,19.1,0.0,13.1,50.0,0.0,83.0,0.0,17,16
2022-09-14 19:35:00,16,19.1,0.0,13.1,50.0,0.0,83.0,0.0,17,16
2022-09-14 19:42:00,16,19.1,0.0,13.1,50.0,0.0,83.0,0.0,17,16
2022-09-14 19:46:00,17,19.1,0.0,13.1,50.0,0.0,83.0,0.0,17,17
2022-09-14 19:52:00,17,19.1,0.0,13.1,50.0,0.0,83.0,0.0,17,17
2022-09-14 19:56:00,17,19.1,0.0,13.1,50.0,0.0,83.0,0.0,17,17
2022-09-14 20:02:00,17,19.1,0.0,13.1,50.0,0.0,83.0,0.0,17,17
2022-09-14 20:06:00,17,19.1,0.0,13.1,50.0,0.0,83.0,0.0,17,17
2022-09-14 20:12:00,16,19.1,0.0,13.1,50.0,0.0,83.0,0.0,17,17
2022-09-14 20:16:00,16,19.1,0.0,13.1,50.0,0.0,83.0,0.0,17,17
2022-09-14 20:22:00,16,19.1,0.0,13.1,50.0,0.0,83.0,0.0,17,17
2022-09-14 20:26:00,16,19.1,0.0,13.1,50.0,0.0,83.0,0.0,17,17
2022-09-14 20:33:00,16,18.7,0.0,11.5,58.0,0.0,86.0,0.0,17,17
2022-09-14 20:36:00,16,18.7,0.0,11.5,58.0,0.0,86.0,0.0,17,17
2022-09-14 20:42:00,16,18.7,0.0,11.5,58.0,0.0,86.0,0.0,17,17
2022-09-14 20:46:00,17,18.7,0.0,11.5,58.0,0.0,86.0,0.0,17,17
2022-09-14 20:56:00,17,18.7,0.0,11.5,58.0,0.0,86.0,0.0,17,17
2022-09-14 21:02:00,17,18.7,0.0,11.5,58.0,0.0,86.0,0.0,17,17
2022-09-14 21:06:00,17,18.7,0.0,11.5,58.0,0.0,86.0,0.0,17,17
2022-09-14 21:12:00,17,18.7,0.0,11.5,58.0,0.0,86.0,0.0,18,17
2022-09-14 21:16:00,17,18.7,0.0,11.5,58.0,0.0,86.0,0.0,18,17
2022-09-14 21:26:00,17,18.7,0.0,11.5,58.0,0.0,86.0,0.0,18,17
2022-09-14 21:32:00,17,18.3,0.0,11.7,53.0,0.0,90.0,0.0,18,17
2022-09-14 21:36:00,17,18.3,0.0,11.7,53.0,0.0,90.0,0.0,18,17
2022-09-14 21:42:00,17,18.3,0.0,11.7,53.0,0.0,90.0,0.0,18,17
2022-09-14 21:46:00,17,18.3,0.0,11.7,53.0,0.0,90.0,0.0,18,17
2022-09-14 21:52:00,17,18.3,0.0,11.7,53.0,0.0,90.0,0.0,18,17
2022-09-14 21:56:00,17,18.3,0.0,11.7,53.0,0.0,90.0,0.0,18,17
2022-09-14 22:02:00,17,18.3,0.0,11.7,53.0,0.0,90.0,0.0,18,17
2022-09-14 22:06:00,17,18.3,0.0,11.7,53.0,0.0,90.0,0.0,18,17
2022-09-14 22:12:00,17,18.3,0.0,11.7,53.0,0.0,90.0,0.0,18,18
2022-09-14 22:16:00,17,18.3,0.0,11.7,53.0,0.0,90.0,0.0,18,18
2022-09-14 22:26:00,17,18.3,0.0,11.7,53.0,0.0,90.0,0.0,18,18
2022-09-14 22:32:00,17,18.0,0.0,10.9,83.0,0.1,93.0,0.0,19,18
2022-09-14 22:36:00,17,18.0,0.0,10.9,83.0,0.1,93.0,0.0,19,18
2022-09-14 22:46:00,17,18.0,0.0,10.9,83.0,0.1,93.0,0.0,19,18
2022-09-14 22:56:00,17,18.0,0.0,10.9,83.0,0.1,93.0,0.0,19,18
2022-09-14 23:02:00,17,18.0,0.0,10.9,83.0,0.1,93.0,0.0,19,18
2022-09-14 23:06:00,17,18.0,0.0,10.9,83.0,0.1,93.0,0.0,19,18
2022-09-14 23:12:00,18,18.0,0.0,10.9,83.0,0.1,93.0,0.0,19,18
2022-09-14 23:16:00,18,18.0,0.0,10.9,83.0,0.1,93.0,0.0,19,18
2022-09-14 23:23:00,18,18.0,0.0,10.9,83.0,0.1,93.0,0.0,19,18
2022-09-14 23:26:00,18,18.0,0.0,10.9,83.0,0.1,93.0,0.0,19,18
2022-09-14 23:32:00,18,18.0,0.0,10.9,83.0,0.1,93.0,0.0,19,19
2022-09-14 23:36:00,18,18.0,0.0,10.9,83.0,0.1,93.0,0.0,19,19
2022-09-14 23:42:00,18,18.0,0.0,10.9,83.0,0.1,93.0,0.0,20,19
2022-09-14 23:46:00,18,18.0,0.0,10.9,83.0,0.1,93.0,0.0,20,19
2022-09-14 23:56:00,18,18.0,0.0,10.9,83.0,0.1,93.0,0.0,20,19
2022-09-15 00:02:00,18,17.8,0.0,11.9,73.0,0.1,97.0,0.0,20,19
2022-09-15 00:06:00,18,17.8,0.0,11.9,73.0,0.1,97.0,0.0,20,19
2022-09-15 00:12:00,18,17.8,0.0,11.9,73.0,0.1,97.0,0.0,20,19
2022-09-15 00:16:00,18,17.8,0.0,11.9,73.0,0.1,97.0,0.0,20,19
2022-09-15 00:26:00,18,17.8,0.0,11.9,73.0,0.1,97.0,0.0,20,19
2022-09-15 00:33:00,19,17.9,0.0,11.1,56.0,0.1,96.0,0.0,20,19
2022-09-15 00:36:00,19,17.9,0.0,11.1,56.0,0.1,96.0,0.0,20,19
2022-09-15 00:42:00,19,17.9,0.0,11.1,56.0,0.1,96.0,0.0,20,20
2022-09-15 00:46:00,19,17.9,0.0,11.1,56.0,0.1,96.0,0.0,20,20
2022-09-15 00:56:00,19,17.9,0.0,11.1,56.0,0.1,96.0,0.0,20,20
2022-09-15 01:02:00,19,17.9,0.0,11.1,56.0,0.1,96.0,0.0,20,20
2022-09-15 01:06:00,19,17.9,0.0,11.1,56.0,0.1,96.0,0.0,20,20
2022-09-15 01:13:00,19,17.9,0.0,11.1,56.0,0.1,96.0,0.0,20,20
2022-09-15 01:16:00,19,17.9,0.0,11.1,56.0,0.1,96.0,0.0,20,20
2022-09-15 01:26:00,19,17.9,0.0,11.1,56.0,0.1,96.0,0.0,20,20
2022-09-15 01:32:00,19,18.2,0.0,9.9,70.0,0.0,96.0,0.0,20,20
2022-09-15 01:36:00,19,18.2,0.0,9.9,70.0,0.0,96.0,0.0,20,20
2022-09-15 01:42:00,20,18.2,0.0,9.9,70.0,0.0,96.0,0.0,20,20
2022-09-15 01:46:00,20,18.2,0.0,9.9,70.0,0.0,96.0,0.0,20,20
2022-09-15 01:56:00,20,18.2,0.0,9.9,70.0,0.0,96.0,0.0,20,20
2022-09-15 02:02:00,20,18.2,0.0,9.9,70.0,0.0,96.0,0.0,20,20
2022-09-15 02:06:00,20,18.2,0.0,9.9,70.0,0.0,96.0,0.0,20,20
2022-09-15 02:12:00,20,18.2,0.0,9.9,70.0,0.0,96.0,0.0,20,20
2022-09-15 02:16:00,20,18.2,0.0,9.9,70.0,0.0,96.0,0.0,20,20
2022-09-15 02:26:00,20,18.2,0.0,9.9,70.0,0.0,96.0,0.0,20,20
2022-09-15 02:32:00,20,18.5,0.0,9.6,84.0,0.0,96.0,0.0,20,20
2022-09-15 02:36:00,20,18.5,0.0,9.6,84.0,0.0,96.0,0.0,20,20
2022-09-15 02:42:00,20,18.5,0.0,9.6,84.0,0.0,96.0,0.0,20,20
2022-09-15 02:46:00,20,18.5,0.0,9.6,84.0,0.0,96.0,0.0,20,20
2022-09-15 02:56:00,20,18.5,0.0,9.6,84.0,0.0,96.0,0.0,20,20
2022-09-15 03:02:00,20,18.5,0.0,9.6,84.0,0.0,96.0,0.0,20,20
2022-09-15 03:06:00,20,18.5,0.0,9.6,84.0,0.0,96.0,0.0,20,20
2022-09-15 03:13:00,20,18.5,0.0,9.6,84.0,0.0,96.0,0.0,20,20
2022-09-15 03:16:00,20,18.5,0.0,9.6,84.0,0.0,96.0,0.0,20,20
2022-09-15 03:26:00,20,18.5,0.0,9.6,84.0,0.0,96.0,0.0,20,20
2022-09-15 03:32:00,20,18.3,0.0,8.1,78.0,0.0,96.0,0.0,20,20
2022-09-15 03:36:00,20,18.3,0.0,8.1,78.0,0.0,96.0,0.0,20,20
2022-09-15 03:42:00,20,18.3,0.0,8.1,78.0,0.0,96.0,0.0,20,20
2022-09-15 03:46:00,20,18.3,0.0,8.1,78.0,0.0,96.0,0.0,20,20
2022-09-15 03:56:00,20,18.3,0.0,8.1,78.0,0.0,96.0,0.0,20,20
2022-09-15 04:02:00,20,18.3,0.0,8.1,78.0,0.0,96.0,0.0,20,20
2022-09-15 04:06:00,20,18.3,0.0,8.1,78.0,0.0,96.0,0.0,20,20
2022-09-15 04:12:00,20,18.3,0.0,8.1,78.0,0.0,96.0,0.0,20,20
2022-09-15 04:16:00,20,18.3,0.0,8.1,78.0,0.0,96.0,0.0,20,20
2022-09-15 04:26:00,20,18.3,0.0,8.1,78.0,0.0,96.0,0.0,20,20
2022-09-15 04:33:00,20,18.1,0.0,8.3,71.0,0.0,97.0,0.0,20,20
2022-09-15 04:36:00,20,18.1,0.0,8.3,71.0,0.0,97.0,0.0,20,20
2022-09-15 04:42:00,20,18.1,0.0,8.3,71.0,0.0,97.0,0.0,20,20
2022-09-15 04:46:00,20,18.1,0.0,8.3,71.0,0.0,97.0,0.0,20,20
2022-09-15 04:56:00,20,18.1,0.0,8.3,71.0,0.0,97.0,0.0,20,20
2022-09-15 05:02:00,20,18.1,0.0,8.3,71.0,0.0,97.0,0.0,20,20
2022-09-15 05:06:00,20,18.1,0.0,8.3,71.0,0.0,97.0,0.0,20,20
2022-09-15 05:13:00,20,18.1,0.0,8.3,71.0,0.0,97.0,0.0,20,20
2022-09-15 05:16:00,20,18.1,0.0,8.3,71.0,0.0,97.0,0.0,20,20
2022-09-15 05:22:00,20,18.1,0.0,8.3,71.0,0.0,97.0,0.0,20,20
2022-09-15 05:26:00,20,18.1,0.0,8.3,71.0,0.0,97.0,0.0,20,20
2022-09-15 05:36:00,20,17.8,0.0,8.9,65.0,0.0,98.0,0.0,18,20
2022-09-15 05:43:00,20,17.8,0.0,8.9,65.0,0.0,98.0,0.0,17,20
2022-09-15 05:46:00,20,17.8,0.0,8.9,65.0,0.0,98.0,0.0,17,20
2022-09-15 05:56:00,20,17.8,0.0,8.9,65.0,0.0,98.0,0.0,17,20
2022-09-15 06:02:00,20,17.8,0.0,8.9,65.0,0.0,98.0,0.0,17,20
2022-09-15 06:06:00,20,17.8,0.0,8.9,65.0,0.0,98.0,0.0,17,20
2022-09-15 06:13:00,20,17.8,0.0,8.9,65.0,0.0,98.0,0.0,17,20
2022-09-15 06:16:00,20,17.8,0.0,8.9,65.0,0.0,98.0,0.0,17,20
2022-09-15 06:26:00,20,17.8,0.0,8.9,65.0,0.0,98.0,0.0,16,20
2022-09-15 06:33:00,20,18.6,1.0,9.3,73.0,0.2,94.0,0.0,16,18
2022-09-15 06:37:00,20,18.6,1.0,9.3,73.0,0.2,94.0,0.0,16,18
2022-09-15 06:43:00,20,18.6,1.0,9.3,73.0,0.2,94.0,0.0,16,17
2022-09-15 06:47:00,20,18.6,1.0,9.3,73.0,0.2,94.0,0.0,16,17
2022-09-15 06:53:00,20,18.6,1.0,9.3,73.0,0.2,94.0,0.0,16,17
2022-09-15 06:56:00,20,18.6,1.0,9.3,73.0,0.2,94.0,0.0,16,17
2022-09-15 07:03:00,20,18.6,1.0,9.3,73.0,0.2,94.0,0.0,16,17
2022-09-15 07:06:00,20,18.6,1.0,9.3,73.0,0.2,94.0,0.0,16,17
2022-09-15 07:13:00,20,18.6,1.0,9.3,73.0,0.2,94.0,0.0,16,17
2022-09-15 07:16:00,20,18.6,1.0,9.3,73.0,0.2,94.0,0.0,16,17
2022-09-15 07:23:00,20,18.6,1.0,9.3,73.0,0.2,94.0,0.0,16,16
2022-09-15 07:26:00,20,18.6,1.0,9.3,73.0,0.2,94.0,0.0,16,16
2022-09-15 07:33:00,18,19.0,1.0,5.2,81.0,0.2,90.0,0.0,16,16
2022-09-15 07:36:00,18,19.0,1.0,5.2,81.0,0.2,90.0,0.0,16,16
2022-09-15 07:42:00,17,19.0,1.0,5.2,81.0,0.2,90.0,0.0,16,16
2022-09-15 07:46:00,17,19.0,1.0,5.2,81.0,0.2,90.0,0.0,16,16
2022-09-15 07:53:00,17,19.0,1.0,5.2,81.0,0.2,90.0,0.0,17,16
2022-09-15 07:56:00,17,19.0,1.0,5.2,81.0,0.2,90.0,0.0,17,16
2022-09-15 08:03:00,17,19.0,1.0,5.2,81.0,0.2,90.0,0.0,17,16
2022-09-15 08:06:00,17,19.0,1.0,5.2,81.0,0.2,90.0,0.0,17,16
2022-09-15 08:13:00,17,19.0,1.0,5.2,81.0,0.2,90.0,0.0,17,16
2022-09-15 08:16:00,17,19.0,1.0,5.2,81.0,0.2,90.0,0.0,17,16
2022-09-15 08:22:00,16,19.0,1.0,5.2,81.0,0.2,90.0,0.0,17,16
2022-09-15 08:26:00,16,19.0,1.0,5.2,81.0,0.2,90.0,0.0,17,16
2022-09-15 08:32:00,16,20.7,1.0,6.1,89.0,0.4,86.0,0.0,17,16
2022-09-15 08:36:00,16,20.7,1.0,6.1,89.0,0.4,86.0,0.0,17,16
2022-09-15 08:43:00,16,20.7,1.0,6.1,89.0,0.4,86.0,0.0,15,16
2022-09-15 08:46:00,16,20.7,1.0,6.1,89.0,0.4,86.0,0.0,15,16
2022-09-15 08:53:00,16,20.7,1.0,6.1,89.0,0.4,86.0,0.0,15,17
2022-09-15 08:56:00,16,20.7,1.0,6.1,89.0,0.4,86.0,0.0,15,17
2022-09-15 09:03:00,16,20.7,1.0,6.1,89.0,0.4,86.0,0.0,15,17
2022-09-15 09:07:00,16,20.7,1.0,6.1,89.0,0.4,86.0,0.0,15,17
2022-09-15 09:13:00,16,20.7,1.0,6.1,89.0,0.4,86.0,0.0,15,17
2022-09-15 09:16:00,16,20.7,1.0,6.1,89.0,0.4,86.0,0.0,15,17
2022-09-15 09:22:00,16,20.7,1.0,6.1,89.0,0.4,86.0,0.0,15,17
2022-09-15 09:26:00,16,20.7,1.0,6.1,89.0,0.4,86.0,0.0,15,17
2022-09-15 09:32:00,16,21.8,1.0,10.1,79.0,0.4,80.0,0.0,14,17
2022-09-15 09:43:00,16,21.8,1.0,10.1,79.0,0.4,80.0,0.0,14,15
2022-09-15 09:46:00,16,21.8,1.0,10.1,79.0,0.4,80.0,0.0,14,15
2022-09-15 09:52:00,17,21.8,1.0,10.1,79.0,0.4,80.0,0.0,13,15
2022-09-15 09:56:00,17,21.8,1.0,10.1,79.0,0.4,80.0,0.0,13,15
2022-09-15 10:03:00,17,21.8,1.0,10.1,79.0,0.4,80.0,0.0,13,15
2022-09-15 10:06:00,17,21.8,1.0,10.1,79.0,0.4,80.0,0.0,13,15
2022-09-15 10:13:00,17,21.8,1.0,10.1,79.0,0.4,80.0,0.0,13,15
2022-09-15 10:16:00,17,21.8,1.0,10.1,79.0,0.4,80.0,0.0,13,15
2022-09-15 10:23:00,17,21.8,1.0,10.1,79.0,0.4,80.0,0.0,13,15
2022-09-15 10:26:00,17,21.8,1.0,10.1,79.0,0.4,80.0,0.0,13,15
2022-09-15 10:33:00,17,21.3,1.0,9.8,69.0,1.2,74.0,0.0,13,14
2022-09-15 10:36:00,17,21.3,1.0,9.8,69.0,1.2,74.0,0.0,13,14
2022-09-15 10:43:00,15,21.3,1.0,9.8,69.0,1.2,74.0,0.0,13,14
2022-09-15 10:47:00,15,21.3,1.0,9.8,69.0,1.2,74.0,0.0,13,14
2022-09-15 10:53:00,15,21.3,1.0,9.8,69.0,1.2,74.0,0.0,13,13
2022-09-15 10:56:00,15,21.3,1.0,9.8,69.0,1.2,74.0,0.0,13,13
2022-09-15 11:03:00,15,21.3,1.0,9.8,69.0,1.2,74.0,0.0,13,13
2022-09-15 11:07:00,15,21.3,1.0,9.8,69.0,1.2,74.0,0.0,13,13
2022-09-15 11:13:00,15,21.3,1.0,9.8,69.0,1.2,74.0,0.0,13,13
2022-09-15 11:17:00,15,21.3,1.0,9.8,69.0,1.2,74.0,0.0,13,13
2022-09-15 11:23:00,15,21.3,1.0,9.8,69.0,1.2,74.0,0.0,13,13
2022-09-15 11:26:00,15,21.3,1.0,9.8,69.0,1.2,74.0,0.0,13,13
2022-09-15 11:32:00,14,22.3,1.0,10.7,59.0,1.4,68.0,0.0,13,13
2022-09-15 11:36:00,14,22.3,1.0,10.7,59.0,1.4,68.0,0.0,13,13
2022-09-15 11:43:00,14,22.3,1.0,10.7,59.0,1.4,68.0,0.0,13,13
2022-09-15 11:46:00,14,22.3,1.0,10.7,59.0,1.4,68.0,0.0,13,13
2022-09-15 11:53:00,13,22.3,1.0,10.7,59.0,1.4,68.0,0.0,13,13
2022-09-15 11:57:00,13,22.3,1.0,10.7,59.0,1.4,68.0,0.0,13,13
2022-09-15 12:03:00,13,22.3,1.0,10.7,59.0,1.4,68.0,0.0,13,13
2022-09-15 12:08:00,13,22.3,1.0,10.7,59.0,1.4,68.0,0.0,13,13
2022-09-15 12:13:00,13,22.3,1.0,10.7,59.0,1.4,68.0,0.0,14,13
2022-09-15 12:18:00,13,22.3,1.0,10.7,59.0,1.4,68.0,0.0,14,13
2022-09-15 12:23:00,13,22.3,1.0,10.7,59.0,1.4,68.0,0.0,14,13
2022-09-15 12:26:00,13,22.3,1.0,10.7,59.0,1.4,68.0,0.0,14,13
2022-09-15 12:33:00,13,23.2,1.0,11.2,65.0,0.3,70.0,0.0,14,13
2022-09-15 12:36:00,13,23.2,1.0,11.2,65.0,0.3,70.0,0.0,14,13
2022-09-15 12:43:00,13,23.2,1.0,11.2,65.0,0.3,70.0,0.0,14,13
2022-09-15 12:46:00,13,23.2,1.0,11.2,65.0,0.3,70.0,0.0,14,13
2022-09-15 12:53:00,13,23.2,1.0,11.2,65.0,0.3,70.0,0.0,14,13
2022-09-15 12:57:00,13,23.2,1.0,11.2,65.0,0.3,70.0,0.0,14,13
2022-09-15 13:03:00,13,23.2,1.0,11.2,65.0,0.3,70.0,0.0,14,13
2022-09-15 13:06:00,13,23.2,1.0,11.2,65.0,0.3,70.0,0.0,14,13
2022-09-15 13:13:00,13,23.2,1.0,11.2,65.0,0.3,70.0,0.0,14,14
2022-09-15 13:16:00,13,23.2,1.0,11.2,65.0,0.3,70.0,0.0,14,14
2022-09-15 13:23:00,13,23.2,1.0,11.2,65.0,0.3,70.0,0.0,14,14
2022-09-15 13:33:00,13,22.6,1.0,9.3,70.0,1.0,73.0,0.0,14,14
2022-09-15 13:36:00,13,22.6,1.0,9.3,70.0,1.0,73.0,0.0,14,14
2022-09-15 13:43:00,13,22.6,1.0,9.3,70.0,1.0,73.0,0.0,14,14
2022-09-15 13:47:00,13,22.6,1.0,9.3,70.0,1.0,73.0,0.0,14,14
2022-09-15 13:53:00,13,22.6,1.0,9.3,70.0,1.0,73.0,0.0,14,14
2022-09-15 13:57:00,13,22.6,1.0,9.3,70.0,1.0,73.0,0.0,14,14
2022-09-15 14:03:00,13,22.6,1.0,9.3,70.0,1.0,73.0,0.0,14,14
2022-09-15 14:06:00,13,22.6,1.0,9.3,70.0,1.0,73.0,0.0,14,14
2022-09-15 14:13:00,14,22.6,1.0,9.3,70.0,1.0,73.0,0.0,14,14
2022-09-15 14:17:00,14,22.6,1.0,9.3,70.0,1.0,73.0,0.0,14,14
2022-09-15 14:23:00,14,22.6,1.0,9.3,70.0,1.0,73.0,0.0,14,14
2022-09-15 14:27:00,14,22.6,1.0,9.3,70.0,1.0,73.0,0.0,14,14
2022-09-15 14:34:00,14,21.9,1.0,9.4,75.0,0.7,75.0,0.0,14,14
2022-09-15 14:37:00,14,21.9,1.0,9.4,75.0,0.7,75.0,0.0,14,14
2022-09-15 14:46:00,14,21.9,1.0,9.4,75.0,0.7,75.0,0.0,14,14
2022-09-15 14:53:00,14,21.9,1.0,9.4,75.0,0.7,75.0,0.0,14,14
2022-09-15 14:57:00,14,21.9,1.0,9.4,75.0,0.7,75.0,0.0,14,14
2022-09-15 15:03:00,14,21.9,1.0,9.4,75.0,0.7,75.0,0.0,14,14
2022-09-15 15:07:00,14,21.9,1.0,9.4,75.0,0.7,75.0,0.0,14,14
2022-09-15 15:13:00,14,21.9,1.0,9.4,75.0,0.7,75.0,0.0,14,14
2022-09-15 15:17:00,14,21.9,1.0,9.4,75.0,0.7,75.0,0.0,14,14
2022-09-15 15:23:00,14,21.9,1.0,9.4,75.0,0.7,75.0,0.0,14,14
2022-09-15 15:26:00,14,21.9,1.0,9.4,75.0,0.7,75.0,0.0,14,14
2022-09-15 15:34:00,14,20.7,1.0,14.3,78.0,2.0,81.0,0.0,14,14
2022-09-15 15:43:00,14,20.7,1.0,14.3,78.0,2.0,81.0,0.0,14,14
2022-09-15 15:47:00,14,20.7,1.0,14.3,78.0,2.0,81.0,0.0,14,14
2022-09-15 15:53:00,14,20.7,1.0,14.3,78.0,2.0,81.0,0.0,14,14
2022-09-15 15:57:00,14,20.7,1.0,14.3,78.0,2.0,81.0,0.0,14,14
2022-09-15 16:03:00,14,20.7,1.0,14.3,78.0,2.0,81.0,0.0,14,14
2022-09-15 16:07:00,14,20.7,1.0,14.3,78.0,2.0,81.0,0.0,14,14
2022-09-15 16:13:00,14,20.7,1.0,14.3,78.0,2.0,81.0,0.0,14,14
2022-09-15 16:17:00,14,20.7,1.0,14.3,78.0,2.0,81.0,0.0,14,14
2022-09-15 16:23:00,14,20.7,1.0,14.3,78.0,2.0,81.0,0.0,14,14
2022-09-15 16:27:00,14,20.7,1.0,14.3,78.0,2.0,81.0,0.0,14,14
2022-09-15 16:34:00,14,19.4,1.0,11.6,81.0,3.5,86.0,0.0,14,14
2022-09-15 16:37:00,14,19.4,1.0,11.6,81.0,3.5,86.0,0.0,14,14
2022-09-15 16:43:00,14,19.4,1.0,11.6,81.0,3.5,86.0,0.0,14,14
2022-09-15 16:46:00,14,19.4,1.0,11.6,81.0,3.5,86.0,0.0,14,14
2022-09-15 16:57:00,14,19.4,1.0,11.6,81.0,3.5,86.0,0.0,14,14
2022-09-15 17:03:00,14,19.4,1.0,11.6,81.0,3.5,86.0,0.0,14,14
2022-09-15 17:07:00,14,19.4,1.0,11.6,81.0,3.5,86.0,0.0,14,14
2022-09-15 17:14:00,14,19.4,1.0,11.6,81.0,3.5,86.0,0.0,14,14
2022-09-15 17:17:00,14,19.4,1.0,11.6,81.0,3.5,86.0,0.0,14,14
2022-09-15 17:23:00,14,19.4,1.0,11.6,81.0,3.5,86.0,0.0,14,14
2022-09-15 17:33:00,14,18.2,1.0,9.0,84.0,4.6,91.0,0.0,14,14
2022-09-15 17:37:00,14,18.2,1.0,9.0,84.0,4.6,91.0,0.0,14,14
2022-09-15 17:43:00,14,18.2,1.0,9.0,84.0,4.6,91.0,0.0,14,14
2022-09-15 17:53:00,14,18.2,1.0,9.0,84.0,4.6,91.0,0.0,14,14
2022-09-15 17:57:00,14,18.2,1.0,9.0,84.0,4.6,91.0,0.0,14,14
2022-09-15 18:03:00,14,18.2,1.0,9.0,84.0,4.6,91.0,0.0,14,14
2022-09-15 18:07:00,14,18.2,1.0,9.0,84.0,4.6,91.0,0.0,14,14
2022-09-15 18:37:00,14,17.5,1.0,7.6,89.0,3.8,93.0,0.0,14,14
2022-09-15 18:43:00,14,17.5,1.0,7.6,89.0,3.8,93.0,0.0,14,14
2022-09-15 18:47:00,14,17.5,1.0,7.6,89.0,3.8,93.0,0.0,14,14
2022-09-15 18:53:00,14,17.5,1.0,7.6,89.0,3.8,93.0,0.0,14,14
2022-09-15 18:57:00,14,17.5,1.0,7.6,89.0,3.8,93.0,0.0,14,14
2022-09-15 19:07:00,14,17.5,1.0,7.6,89.0,3.8,93.0,0.0,14,14
2022-09-15 19:13:00,14,17.5,1.0,7.6,89.0,3.8,93.0,0.0,14,14
2022-09-15 19:17:00,14,17.5,1.0,7.6,89.0,3.8,93.0,0.0,14,14
2022-09-15 19:24:00,14,17.5,1.0,7.6,89.0,3.8,93.0,0.0,14,14
2022-09-15 19:27:00,14,17.5,1.0,7.6,89.0,3.8,93.0,0.0,14,14
2022-09-15 19:33:00,14,17.9,0.0,6.1,95.0,0.3,94.0,0.0,14,14
2022-09-15 19:44:00,14,17.9,0.0,6.1,95.0,0.3,94.0,0.0,14,14
2022-09-15 19:47:00,14,17.9,0.0,6.1,95.0,0.3,94.0,0.0,14,14
2022-09-15 19:54:00,14,17.9,0.0,6.1,95.0,0.3,94.0,0.0,14,14
2022-09-15 19:57:00,14,17.9,0.0,6.1,95.0,0.3,94.0,0.0,14,14
2022-09-15 20:04:00,14,17.9,0.0,6.1,95.0,0.3,94.0,0.0,14,14
2022-09-15 20:07:00,14,17.9,0.0,6.1,95.0,0.3,94.0,0.0,14,14
2022-09-15 20:14:00,14,17.9,0.0,6.1,95.0,0.3,94.0,0.0,14,14
2022-09-15 20:17:00,14,17.9,0.0,6.1,95.0,0.3,94.0,0.0,14,14
2022-09-15 20:23:00,14,17.9,0.0,6.1,95.0,0.3,94.0,0.0,14,14
2022-09-15 20:27:00,14,17.9,0.0,6.1,95.0,0.3,94.0,0.0,14,14
2022-09-15 20:33:00,14,17.2,0.0,4.7,100.0,0.5,96.0,0.0,14,14
2022-09-15 20:37:00,14,17.2,0.0,4.7,100.0,0.5,96.0,0.0,14,14
2022-09-15 20:43:00,14,17.2,0.0,4.7,100.0,0.5,96.0,0.0,14,14
2022-09-15 20:53:00,14,17.2,0.0,4.7,100.0,0.5,96.0,0.0,14,14
2022-09-15 20:57:00,14,17.2,0.0,4.7,100.0,0.5,96.0,0.0,14,14
2022-09-15 21:04:00,14,17.2,0.0,4.7,100.0,0.5,96.0,0.0,14,14
2022-09-15 21:07:00,14,17.2,0.0,4.7,100.0,0.5,96.0,0.0,14,14
2022-09-15 21:13:00,14,17.2,0.0,4.7,100.0,0.5,96.0,0.0,14,14
2022-09-15 21:17:00,14,17.2,0.0,4.7,100.0,0.5,96.0,0.0,14,14
2022-09-15 21:23:00,14,17.2,0.0,4.7,100.0,0.5,96.0,0.0,14,14
2022-09-15 21:27:00,14,17.2,0.0,4.7,100.0,0.5,96.0,0.0,14,14
2022-09-15 21:33:00,14,16.7,0.0,4.1,92.0,0.0,97.0,0.0,14,14
2022-09-15 21:37:00,14,16.7,0.0,4.1,92.0,0.0,97.0,0.0,14,14
2022-09-15 21:43:00,14,16.7,0.0,4.1,92.0,0.0,97.0,0.0,14,14
2022-09-15 21:47:00,14,16.7,0.0,4.1,92.0,0.0,97.0,0.0,14,14
2022-09-15 21:53:00,14,16.7,0.0,4.1,92.0,0.0,97.0,0.0,14,14
2022-09-15 21:57:00,14,16.7,0.0,4.1,92.0,0.0,97.0,0.0,14,14
2022-09-15 22:04:00,14,16.7,0.0,4.1,92.0,0.0,97.0,0.0,14,14
2022-09-15 22:07:00,14,16.7,0.0,4.1,92.0,0.0,97.0,0.0,14,14
2022-09-15 22:13:00,14,16.7,0.0,4.1,92.0,0.0,97.0,0.0,14,14
2022-09-15 22:17:00,14,16.7,0.0,4.1,92.0,0.0,97.0,0.0,14,14
2022-09-15 22:24:00,14,16.7,0.0,4.1,92.0,0.0,97.0,0.0,14,14
2022-09-15 22:27:00,14,16.7,0.0,4.1,92.0,0.0,97.0,0.0,14,14
2022-09-15 22:34:00,14,16.1,0.0,3.5,84.0,0.0,97.0,0.0,14,14
2022-09-15 22:37:00,14,16.1,0.0,3.5,84.0,0.0,97.0,0.0,14,14
2022-09-15 22:43:00,14,16.1,0.0,3.5,84.0,0.0,97.0,0.0,14,14
2022-09-15 22:47:00,14,16.1,0.0,3.5,84.0,0.0,97.0,0.0,14,14
2022-09-15 22:53:00,14,16.1,0.0,3.5,84.0,0.0,97.0,0.0,14,14
2022-09-15 22:57:00,14,16.1,0.0,3.5,84.0,0.0,97.0,0.0,14,14
2022-09-15 23:03:00,14,16.1,0.0,3.5,84.0,0.0,97.0,0.0,14,14
2022-09-15 23:07:00,14,16.1,0.0,3.5,84.0,0.0,97.0,0.0,14,14
2022-09-15 23:13:00,14,16.1,0.0,3.5,84.0,0.0,97.0,0.0,14,14
2022-09-15 23:17:00,14,16.1,0.0,3.5,84.0,0.0,97.0,0.0,14,14
2022-09-15 23:23:00,14,16.1,0.0,3.5,84.0,0.0,97.0,0.0,14,14
2022-09-15 23:27:00,14,16.1,0.0,3.5,84.0,0.0,97.0,0.0,14,14
2022-09-15 23:37:00,14,16.1,0.0,3.5,84.0,0.0,97.0,0.0,14,14
2022-09-15 23:43:00,14,16.1,0.0,3.5,84.0,0.0,97.0,0.0,14,14
2022-09-15 23:47:00,14,16.1,0.0,3.5,84.0,0.0,97.0,0.0,14,14
2022-09-15 23:53:00,14,16.1,0.0,3.5,84.0,0.0,97.0,0.0,14,14
2022-09-15 23:57:00,14,16.1,0.0,3.5,84.0,0.0,97.0,0.0,14,14
2022-09-16 00:04:00,14,15.5,0.0,2.9,76.0,0.0,98.0,0.0,14,14
2022-09-16 00:07:00,14,15.5,0.0,2.9,76.0,0.0,98.0,0.0,14,14
2022-09-16 00:14:00,14,15.5,0.0,2.9,76.0,0.0,98.0,0.0,14,14
2022-09-16 00:17:00,14,15.5,0.0,2.9,76.0,0.0,98.0,0.0,14,14
2022-09-16 00:24:00,14,15.5,0.0,2.9,76.0,0.0,98.0,0.0,14,14
2022-09-16 00:27:00,14,15.5,0.0,2.9,76.0,0.0,98.0,0.0,14,14
2022-09-16 00:37:00,14,15.6,0.0,2.8,80.0,0.0,98.0,0.0,14,14
2022-09-16 00:43:00,14,15.6,0.0,2.8,80.0,0.0,98.0,0.0,14,14
2022-09-16 00:47:00,14,15.6,0.0,2.8,80.0,0.0,98.0,0.0,14,14
2022-09-16 00:54:00,14,15.6,0.0,2.8,80.0,0.0,98.0,0.0,14,14
2022-09-16 00:57:00,14,15.6,0.0,2.8,80.0,0.0,98.0,0.0,14,14
2022-09-16 01:08:00,14,15.6,0.0,2.8,80.0,0.0,98.0,0.0,14,14
2022-09-16 01:14:00,14,15.6,0.0,2.8,80.0,0.0,98.0,0.0,14,14
2022-09-16 01:18:00,14,15.6,0.0,2.8,80.0,0.0,98.0,0.0,14,14
2022-09-16 01:24:00,14,15.6,0.0,2.8,80.0,0.0,98.0,0.0,14,14
2022-09-16 01:27:00,14,15.6,0.0,2.8,80.0,0.0,98.0,0.0,14,14
2022-09-16 01:34:00,14,15.8,0.0,2.6,83.0,0.0,98.0,0.0,14,14
2022-09-16 01:37:00,14,15.8,0.0,2.6,83.0,0.0,98.0,0.0,14,14
2022-09-16 01:43:00,14,15.8,0.0,2.6,83.0,0.0,98.0,0.0,14,14
2022-09-16 01:47:00,14,15.8,0.0,2.6,83.0,0.0,98.0,0.0,14,14
2022-09-16 01:54:00,14,15.8,0.0,2.6,83.0,0.0,98.0,0.0,14,14
2022-09-16 01:57:00,14,15.8,0.0,2.6,83.0,0.0,98.0,0.0,14,14
2022-09-16 02:04:00,14,15.8,0.0,2.6,83.0,0.0,98.0,0.0,14,14
2022-09-16 02:07:00,14,15.8,0.0,2.6,83.0,0.0,98.0,0.0,14,14
2022-09-16 02:14:00,14,15.8,0.0,2.6,83.0,0.0,98.0,0.0,14,14
2022-09-16 02:17:00,14,15.8,0.0,2.6,83.0,0.0,98.0,0.0,14,14
2022-09-16 02:23:00,14,15.8,0.0,2.6,83.0,0.0,98.0,0.0,14,14
2022-09-16 02:37:00,14,15.1,0.0,2.5,86.0,0.0,98.0,0.0,14,14
2022-09-16 02:44:00,14,15.1,0.0,2.5,86.0,0.0,98.0,0.0,14,14
2022-09-16 02:47:00,14,15.1,0.0,2.5,86.0,0.0,98.0,0.0,14,14
2022-09-16 02:57:00,14,15.1,0.0,2.5,86.0,0.0,98.0,0.0,14,14
2022-09-16 03:04:00,14,15.1,0.0,2.5,86.0,0.0,98.0,0.0,14,14
2022-09-16 03:07:00,14,15.1,0.0,2.5,86.0,0.0,98.0,0.0,14,14
2022-09-16 03:14:00,14,15.1,0.0,2.5,86.0,0.0,98.0,0.0,14,14
2022-09-16 03:17:00,14,15.1,0.0,2.5,86.0,0.0,98.0,0.0,14,14
2022-09-16 03:23:00,14,15.1,0.0,2.5,86.0,0.0,98.0,0.0,14,14
2022-09-16 03:27:00,14,15.1,0.0,2.5,86.0,0.0,98.0,0.0,14,14
2022-09-16 03:34:00,14,15.0,0.0,2.2,89.0,0.5,98.0,0.0,14,14
2022-09-16 03:37:00,14,15.0,0.0,2.2,89.0,0.5,98.0,0.0,14,14
2022-09-16 03:44:00,14,15.0,0.0,2.2,89.0,0.5,98.0,0.0,14,14
2022-09-16 03:47:00,14,15.0,0.0,2.2,89.0,0.5,98.0,0.0,14,14
2022-09-16 03:54:00,14,15.0,0.0,2.2,89.0,0.5,98.0,0.0,14,14
2022-09-16 03:57:00,14,15.0,0.0,2.2,89.0,0.5,98.0,0.0,14,14
2022-09-16 04:03:00,14,15.0,0.0,2.2,89.0,0.5,98.0,0.0,14,14
2022-09-16 04:07:00,14,15.0,0.0,2.2,89.0,0.5,98.0,0.0,14,14
2022-09-16 04:14:00,14,15.0,0.0,2.2,89.0,0.5,98.0,0.0,14,14
2022-09-16 04:18:00,14,15.0,0.0,2.2,89.0,0.5,98.0,0.0,14,14
2022-09-16 04:24:00,14,15.0,0.0,2.2,89.0,0.5,98.0,0.0,14,14
2022-09-16 04:27:00,14,15.0,0.0,2.2,89.0,0.5,98.0,0.0,14,14
2022-09-16 04:34:00,14,14.9,0.0,1.8,92.0,2.8,99.0,0.0,14,14
2022-09-16 04:37:00,14,14.9,0.0,1.8,92.0,2.8,99.0,0.0,14,14
2022-09-16 04:43:00,14,14.9,0.0,1.8,92.0,2.8,99.0,0.0,14,14
2022-09-16 04:47:00,14,14.9,0.0,1.8,92.0,2.8,99.0,0.0,14,14
2022-09-16 04:54:00,14,14.9,0.0,1.8,92.0,2.8,99.0,0.0,14,14
2022-09-16 04:57:00,14,14.9,0.0,1.8,92.0,2.8,99.0,0.0,14,14
2022-09-16 05:04:00,14,14.9,0.0,1.8,92.0,2.8,99.0,0.0,14,14
2022-09-16 05:17:00,14,14.9,0.0,1.8,92.0,2.8,99.0,0.0,14,14
2022-09-16 05:24:00,14,14.9,0.0,1.8,92.0,2.8,99.0,0.0,14,14
2022-09-16 05:28:00,14,14.9,0.0,1.8,92.0,2.8,99.0,0.0,14,14
2022-09-16 05:34:00,14,14.8,0.0,1.4,95.0,3.7,99.0,0.0,14,14
2022-09-16 05:37:00,14,14.8,0.0,1.4,95.0,3.7,99.0,0.0,14,14
2022-09-16 05:43:00,14,14.8,0.0,1.4,95.0,3.7,99.0,0.0,14,14
2022-09-16 05:47:00,14,14.8,0.0,1.4,95.0,3.7,99.0,0.0,14,14
2022-09-16 05:53:00,14,14.8,0.0,1.4,95.0,3.7,99.0,0.0,14,14
2022-09-16 05:57:00,14,14.8,0.0,1.4,95.0,3.7,99.0,0.0,14,14
2022-09-16 06:04:00,14,14.8,0.0,1.4,95.0,3.7,99.0,0.0,14,14
2022-09-16 06:07:00,14,14.8,0.0,1.4,95.0,3.7,99.0,0.0,14,14
2022-09-16 06:14:00,14,14.8,0.0,1.4,95.0,3.7,99.0,0.0,14,14
2022-09-16 06:17:00,14,14.8,0.0,1.4,95.0,3.7,99.0,0.0,14,14
2022-09-16 06:27:00,14,14.8,0.0,1.4,95.0,3.7,99.0,0.0,14,14
2022-09-16 06:33:00,14,15.8,1.0,2.4,97.0,2.9,98.0,0.0,14,14
2022-09-16 06:38:00,14,15.8,1.0,2.4,97.0,2.9,98.0,0.0,14,14
2022-09-16 06:44:00,14,15.8,1.0,2.4,97.0,2.9,98.0,0.0,14,14
2022-09-16 06:47:00,14,15.8,1.0,2.4,97.0,2.9,98.0,0.0,14,14
2022-09-16 06:57:00,14,15.8,1.0,2.4,97.0,2.9,98.0,0.0,14,14
2022-09-16 07:04:00,14,15.8,1.0,2.4,97.0,2.9,98.0,0.0,14,14
2022-09-16 07:07:00,14,15.8,1.0,2.4,97.0,2.9,98.0,0.0,14,14
2022-09-16 07:14:00,14,15.8,1.0,2.4,97.0,2.9,98.0,0.0,14,14
2022-09-16 07:17:00,14,15.8,1.0,2.4,97.0,2.9,98.0,0.0,14,14
2022-09-16 07:24:00,14,15.8,1.0,2.4,97.0,2.9,98.0,0.0,14,14
2022-09-16 07:28:00,14,15.8,1.0,2.4,97.0,2.9,98.0,0.0,14,14
2022-09-16 07:37:00,14,16.7,1.0,3.4,98.0,2.3,97.0,0.0,14,14
2022-09-16 07:44:00,14,16.7,1.0,3.4,98.0,2.3,97.0,0.0,14,14
2022-09-16 07:47:00,14,16.7,1.0,3.4,98.0,2.3,97.0,0.0,14,14
2022-09-16 07:54:00,14,16.7,1.0,3.4,98.0,2.3,97.0,0.0,14,14
2022-09-16 07:57:00,14,16.7,1.0,3.4,98.0,2.3,97.0,0.0,14,14
2022-09-16 08:04:00,14,16.7,1.0,3.4,98.0,2.3,97.0,0.0,14,14
2022-09-16 08:07:00,14,16.7,1.0,3.4,98.0,2.3,97.0,0.0,14,14
2022-09-16 08:14:00,14,16.7,1.0,3.4,98.0,2.3,97.0,0.0,14,14
2022-09-16 08:17:00,14,16.7,1.0,3.4,98.0,2.3,97.0,0.0,14,14
2022-09-16 08:24:00,14,16.7,1.0,3.4,98.0,2.3,97.0,0.0,14,14
2022-09-16 08:27:00,14,16.7,1.0,3.4,98.0,2.3,97.0,0.0,14,14
2022-09-16 08:38:00,14,17.7,1.0,4.3,100.0,1.8,96.0,0.0,14,14
2022-09-16 08:45:00,14,17.7,1.0,4.3,100.0,1.8,96.0,0.0,14,14
2022-09-16 08:48:00,14,17.7,1.0,4.3,100.0,1.8,96.0,0.0,14,14
2022-09-16 08:54:00,14,17.7,1.0,4.3,100.0,1.8,96.0,0.0,14,14
2022-09-16 08:58:00,14,17.7,1.0,4.3,100.0,1.8,96.0,0.0,14,14
2022-09-16 09:04:00,14,17.7,1.0,4.3,100.0,1.8,96.0,0.0,14,14
2022-09-16 09:08:00,14,17.7,1.0,4.3,100.0,1.8,96.0,0.0,14,14
2022-09-16 09:14:00,14,17.7,1.0,4.3,100.0,1.8,96.0,0.0,14,14
2022-09-16 09:18:00,14,17.7,1.0,4.3,100.0,1.8,96.0,0.0,14,14
2022-09-16 09:25:00,14,17.7,1.0,4.3,100.0,1.8,96.0,0.0,14,14
2022-09-16 09:27:00,14,17.7,1.0,4.3,100.0,1.8,96.0,0.0,14,14
2022-09-16 09:38:00,14,17.4,1.0,5.4,100.0,1.5,95.0,0.0,14,14
2022-09-16 09:44:00,14,17.4,1.0,5.4,100.0,1.5,95.0,0.0,14,14
2022-09-16 09:47:00,14,17.4,1.0,5.4,100.0,1.5,95.0,0.0,14,14
2022-09-16 09:54:00,14,17.4,1.0,5.4,100.0,1.5,95.0,0.0,14,14
2022-09-16 09:57:00,14,17.4,1.0,5.4,100.0,1.5,95.0,0.0,14,14
2022-09-16 10:04:00,14,17.4,1.0,5.4,100.0,1.5,95.0,0.0,14,14
2022-09-16 10:14:00,14,17.4,1.0,5.4,100.0,1.5,95.0,0.0,14,14
2022-09-16 10:18:00,14,17.4,1.0,5.4,100.0,1.5,95.0,0.0,14,14
2022-09-16 10:25:00,14,17.4,1.0,5.4,100.0,1.5,95.0,0.0,14,14
2022-09-16 10:28:00,14,17.4,1.0,5.4,100.0,1.5,95.0,0.0,14,14
2022-09-16 10:38:00,14,17.1,1.0,10.3,100.0,1.0,95.0,0.0,14,14
2022-09-16 10:44:00,14,17.1,1.0,10.3,100.0,1.0,95.0,0.0,14,14
2022-09-16 10:48:00,14,17.1,1.0,10.3,100.0,1.0,95.0,0.0,14,14
2022-09-16 10:54:00,14,17.1,1.0,10.3,100.0,1.0,95.0,0.0,14,14
2022-09-16 10:57:00,14,17.1,1.0,10.3,100.0,1.0,95.0,0.0,14,14
2022-09-16 11:08:00,14,17.1,1.0,10.3,100.0,1.0,95.0,0.0,14,14
2022-09-16 11:14:00,14,17.1,1.0,10.3,100.0,1.0,95.0,0.0,14,14
2022-09-16 11:18:00,14,17.1,1.0,10.3,100.0,1.0,95.0,0.0,14,14
2022-09-16 11:24:00,14,17.1,1.0,10.3,100.0,1.0,95.0,0.0,14,14
2022-09-16 11:28:00,14,17.1,1.0,10.3,100.0,1.0,95.0,0.0,14,14
2022-09-16 11:34:00,14,16.8,1.0,7.6,100.0,0.3,95.0,0.0,14,14
2022-09-16 11:38:00,14,16.8,1.0,7.6,100.0,0.3,95.0,0.0,14,14
2022-09-16 11:45:00,14,16.8,1.0,7.6,100.0,0.3,95.0,0.0,14,14
2022-09-16 11:48:00,14,16.8,1.0,7.6,100.0,0.3,95.0,0.0,14,14
2022-09-16 11:54:00,14,16.8,1.0,7.6,100.0,0.3,95.0,0.0,14,14
2022-09-16 11:58:00,14,16.8,1.0,7.6,100.0,0.3,95.0,0.0,14,14
2022-09-16 12:04:00,14,16.8,1.0,7.6,100.0,0.3,95.0,0.0,14,14
2022-09-16 12:08:00,14,16.8,1.0,7.6,100.0,0.3,95.0,0.0,14,14
2022-09-16 12:15:00,14,16.8,1.0,7.6,100.0,0.3,95.0,0.0,14,14
2022-09-16 12:18:00,14,16.8,1.0,7.6,100.0,0.3,95.0,0.0,14,14
2022-09-16 12:24:00,14,16.8,1.0,7.6,100.0,0.3,95.0,0.0,14,14
2022-09-16 12:28:00,14,16.8,1.0,7.6,100.0,0.3,95.0,0.0,14,14
2022-09-16 12:38:00,14,16.1,1.0,9.9,100.0,0.2,96.0,0.0,14,14
2022-09-16 12:44:00,14,16.1,1.0,9.9,100.0,0.2,96.0,0.0,14,14
2022-09-16 12:48:00,14,16.1,1.0,9.9,100.0,0.2,96.0,0.0,14,14
2022-09-16 12:55:00,14,16.1,1.0,9.9,100.0,0.2,96.0,0.0,14,14
2022-09-16 12:58:00,14,16.1,1.0,9.9,100.0,0.2,96.0,0.0,14,14
2022-09-16 13:08:00,14,16.1,1.0,9.9,100.0,0.2,96.0,0.0,14,14
2022-09-16 13:14:00,14,16.1,1.0,9.9,100.0,0.2,96.0,0.0,14,14
2022-09-16 13:18:00,14,16.1,1.0,9.9,100.0,0.2,96.0,0.0,14,14
2022-09-16 13:25:00,14,16.1,1.0,9.9,100.0,0.2,96.0,0.0,14,14
2022-09-16 13:28:00,14,16.1,1.0,9.9,100.0,0.2,96.0,0.0,14,14
2022-09-16 13:38:00,14,15.3,1.0,8.8,100.0,0.3,97.0,0.0,14,14
2022-09-16 13:44:00,14,15.3,1.0,8.8,100.0,0.3,97.0,0.0,14,14
2022-09-16 13:48:00,14,15.3,1.0,8.8,100.0,0.3,97.0,0.0,14,14
2022-09-16 13:54:00,14,15.3,1.0,8.8,100.0,0.3,97.0,0.0,14,14
2022-09-16 13:58:00,14,15.3,1.0,8.8,100.0,0.3,97.0,0.0,14,14
2022-09-16 14:05:00,14,15.3,1.0,8.8,100.0,0.3,97.0,0.0,14,14
2022-09-16 14:08:00,14,15.3,1.0,8.8,100.0,0.3,97.0,0.0,14,14
2022-09-16 14:14:00,14,15.3,1.0,8.8,100.0,0.3,97.0,0.0,14,14
2022-09-16 14:18:00,14,15.3,1.0,8.8,100.0,0.3,97.0,0.0,14,14
2022-09-16 14:25:00,14,15.3,1.0,8.8,100.0,0.3,97.0,0.0,14,14
2022-09-16 14:28:00,14,15.3,1.0,8.8,100.0,0.3,97.0,0.0,14,14
2022-09-16 14:38:00,14,14.6,1.0,8.6,100.0,0.5,98.0,0.0,14,14
2022-09-16 14:44:00,14,14.6,1.0,8.6,100.0,0.5,98.0,0.0,14,14
2022-09-16 14:48:00,14,14.6,1.0,8.6,100.0,0.5,98.0,0.0,14,14
2022-09-16 15:08:00,14,14.6,1.0,8.6,100.0,0.5,98.0,0.0,14,14
2022-09-16 15:15:00,14,14.6,1.0,8.6,100.0,0.5,98.0,0.0,14,14
2022-09-16 15:18:00,14,14.6,1.0,8.6,100.0,0.5,98.0,0.0,14,14
2022-09-16 15:24:00,14,14.6,1.0,8.6,100.0,0.5,98.0,0.0,14,14
2022-09-16 15:28:00,14,14.6,1.0,8.6,100.0,0.5,98.0,0.0,14,14
2022-09-16 15:38:00,14,14.2,1.0,8.2,100.0,0.9,98.0,0.0,14,14
2022-09-16 15:48:00,14,14.2,1.0,8.2,100.0,0.9,98.0,0.0,14,14
2022-09-16 15:54:00,14,14.2,1.0,8.2,100.0,0.9,98.0,0.0,14,14
2022-09-16 15:58:00,14,14.2,1.0,8.2,100.0,0.9,98.0,0.0,14,14
2022-09-16 16:04:00,14,14.2,1.0,8.2,100.0,0.9,98.0,0.0,14,14
2022-09-16 16:14:00,14,14.2,1.0,8.2,100.0,0.9,98.0,0.0,14,14
2022-09-16 16:18:00,14,14.2,1.0,8.2,100.0,0.9,98.0,0.0,14,14
2022-09-16 16:28:00,14,14.2,1.0,8.2,100.0,0.9,98.0,0.0,14,14
2022-09-16 16:38:00,14,13.7,1.0,10.1,100.0,0.8,98.0,0.0,14,14
2022-09-16 16:44:00,14,13.7,1.0,10.1,100.0,0.8,98.0,0.0,14,14
2022-09-16 16:48:00,14,13.7,1.0,10.1,100.0,0.8,98.0,0.0,14,14
2022-09-16 16:55:00,14,13.7,1.0,10.1,100.0,0.8,98.0,0.0,14,14
2022-09-16 16:58:00,14,13.7,1.0,10.1,100.0,0.8,98.0,0.0,14,14
2022-09-16 17:04:00,14,13.7,1.0,10.1,100.0,0.8,98.0,0.0,14,14
2022-09-16 17:08:00,14,13.7,1.0,10.1,100.0,0.8,98.0,0.0,14,14
2022-09-16 17:14:00,14,13.7,1.0,10.1,100.0,0.8,98.0,0.0,14,14
2022-09-16 17:18:00,14,13.7,1.0,10.1,100.0,0.8,98.0,0.0,14,14
2022-09-16 17:25:00,14,13.7,1.0,10.1,100.0,0.8,98.0,0.0,14,14
2022-09-16 17:28:00,14,13.7,1.0,10.1,100.0,0.8,98.0,0.0,14,14
2022-09-16 17:38:00,14,13.3,1.0,11.4,100.0,0.8,99.0,0.0,14,14
2022-09-16 17:44:00,14,13.3,1.0,11.4,100.0,0.8,99.0,0.0,14,14
2022-09-16 17:48:00,14,13.3,1.0,11.4,100.0,0.8,99.0,0.0,14,14
2022-09-16 17:58:00,14,13.3,1.0,11.4,100.0,0.8,99.0,0.0,14,14
2022-09-16 18:08:00,14,13.3,1.0,11.4,100.0,0.8,99.0,0.0,14,14
2022-09-16 18:14:00,14,13.3,1.0,11.4,100.0,0.8,99.0,0.0,14,14
2022-09-16 18:18:00,14,13.3,1.0,11.4,100.0,0.8,99.0,0.0,14,14
2022-09-16 18:25:00,14,13.3,1.0,11.4,100.0,0.8,99.0,0.0,14,14
2022-09-16 18:28:00,14,13.3,1.0,11.4,100.0,0.8,99.0,0.0,14,14
2022-09-16 18:35:00,14,12.4,1.0,11.6,100.0,0.6,98.0,0.0,14,14
2022-09-16 18:44:00,14,12.4,1.0,11.6,100.0,0.6,98.0,0.0,14,14
2022-09-16 18:48:00,14,12.4,1.0,11.6,100.0,0.6,98.0,0.0,14,14
2022-09-16 18:55:00,14,12.4,1.0,11.6,100.0,0.6,98.0,0.0,14,14
2022-09-16 18:58:00,14,12.4,1.0,11.6,100.0,0.6,98.0,0.0,14,14
2022-09-16 19:05:00,14,12.4,1.0,11.6,100.0,0.6,98.0,0.0,14,14
2022-09-16 19:08:00,14,12.4,1.0,11.6,100.0,0.6,98.0,0.0,14,14
2022-09-16 19:14:00,14,12.4,1.0,11.6,100.0,0.6,98.0,0.0,14,14
2022-09-16 19:18:00,14,12.4,1.0,11.6,100.0,0.6,98.0,0.0,14,14
2022-09-16 19:24:00,14,12.4,1.0,11.6,100.0,0.6,98.0,0.0,14,14
2022-09-16 19:28:00,14,12.4,1.0,11.6,100.0,0.6,98.0,0.0,14,14
2022-09-16 19:35:00,14,11.4,0.0,9.0,100.0,2.8,98.0,0.0,14,14
2022-09-16 19:38:00,14,11.4,0.0,9.0,100.0,2.8,98.0,0.0,14,14
2022-09-16 19:45:00,14,11.4,0.0,9.0,100.0,2.8,98.0,0.0,14,14
2022-09-16 19:48:00,14,11.4,0.0,9.0,100.0,2.8,98.0,0.0,14,14
2022-09-16 19:55:00,14,11.4,0.0,9.0,100.0,2.8,98.0,0.0,14,14
2022-09-16 19:58:00,14,11.4,0.0,9.0,100.0,2.8,98.0,0.0,14,14
2022-09-16 20:05:00,14,11.4,0.0,9.0,100.0,2.8,98.0,0.0,14,14
2022-09-16 20:08:00,14,11.4,0.0,9.0,100.0,2.8,98.0,0.0,14,14
2022-09-16 20:15:00,14,11.4,0.0,9.0,100.0,2.8,98.0,0.0,14,14
2022-09-16 20:18:00,14,11.4,0.0,9.0,100.0,2.8,98.0,0.0,14,14
2022-09-16 20:25:00,14,11.4,0.0,9.0,100.0,2.8,98.0,0.0,14,14
2022-09-16 20:28:00,14,11.4,0.0,9.0,100.0,2.8,98.0,0.0,14,14
2022-09-16 20:34:00,14,10.5,0.0,10.1,100.0,4.1,97.0,0.0,14,14
2022-09-16 20:38:00,14,10.5,0.0,10.1,100.0,4.1,97.0,0.0,14,14
2022-09-16 20:45:00,14,10.5,0.0,10.1,100.0,4.1,97.0,0.0,14,14
2022-09-16 20:48:00,14,10.5,0.0,10.1,100.0,4.1,97.0,0.0,14,14
2022-09-16 20:54:00,14,10.5,0.0,10.1,100.0,4.1,97.0,0.0,14,14
2022-09-16 20:58:00,14,10.5,0.0,10.1,100.0,4.1,97.0,0.0,14,14
2022-09-16 21:05:00,14,10.5,0.0,10.1,100.0,4.1,97.0,0.0,14,14
2022-09-16 21:08:00,14,10.5,0.0,10.1,100.0,4.1,97.0,0.0,14,14
2022-09-16 21:14:00,14,10.5,0.0,10.1,100.0,4.1,97.0,0.0,14,14
2022-09-16 21:18:00,14,10.5,0.0,10.1,100.0,4.1,97.0,0.0,14,14
2022-09-16 21:25:00,14,10.5,0.0,10.1,100.0,4.1,97.0,0.0,14,14
2022-09-16 21:28:00,14,10.5,0.0,10.1,100.0,4.1,97.0,0.0,14,14
2022-09-16 21:38:00,14,11.4,0.0,8.2,100.0,3.8,98.0,0.0,14,14
2022-09-16 21:45:00,14,11.4,0.0,8.2,100.0,3.8,98.0,0.0,14,14
2022-09-16 21:48:00,14,11.4,0.0,8.2,100.0,3.8,98.0,0.0,14,14
2022-09-16 21:55:00,14,11.4,0.0,8.2,100.0,3.8,98.0,0.0,14,14
2022-09-16 21:58:00,14,11.4,0.0,8.2,100.0,3.8,98.0,0.0,14,14
2022-09-16 22:05:00,14,11.4,0.0,8.2,100.0,3.8,98.0,0.0,14,14
2022-09-16 22:08:00,14,11.4,0.0,8.2,100.0,3.8,98.0,0.0,14,14
2022-09-16 22:15:00,14,11.4,0.0,8.2,100.0,3.8,98.0,0.0,14,14
2022-09-16 22:18:00,14,11.4,0.0,8.2,100.0,3.8,98.0,0.0,14,14
2022-09-16 22:24:00,14,11.4,0.0,8.2,100.0,3.8,98.0,0.0,14,14
2022-09-16 22:28:00,14,11.4,0.0,8.2,100.0,3.8,98.0,0.0,14,14
2022-09-16 22:34:00,14,11.1,0.0,6.2,100.0,3.9,98.0,0.0,14,14
2022-09-16 22:39:00,14,11.1,0.0,6.2,100.0,3.9,98.0,0.0,14,14
2022-09-16 22:44:00,14,11.1,0.0,6.2,100.0,3.9,98.0,0.0,14,14
2022-09-16 22:48:00,14,11.1,0.0,6.2,100.0,3.9,98.0,0.0,14,14
2022-09-16 22:55:00,14,11.1,0.0,6.2,100.0,3.9,98.0,0.0,14,14
2022-09-16 22:58:00,14,11.1,0.0,6.2,100.0,3.9,98.0,0.0,14,14
2022-09-16 23:05:00,14,11.1,0.0,6.2,100.0,3.9,98.0,0.0,14,14
2022-09-16 23:08:00,14,11.1,0.0,6.2,100.0,3.9,98.0,0.0,14,14
2022-09-16 23:15:00,14,11.1,0.0,6.2,100.0,3.9,98.0,0.0,14,14
2022-09-16 23:18:00,14,11.1,0.0,6.2,100.0,3.9,98.0,0.0,14,14
2022-09-16 23:25:00,14,11.1,0.0,6.2,100.0,3.9,98.0,0.0,14,14
2022-09-16 23:28:00,14,11.1,0.0,6.2,100.0,3.9,98.0,0.0,14,14
2022-09-16 23:35:00,14,11.1,0.0,6.2,100.0,3.9,98.0,0.0,14,14
2022-09-16 23:38:00,14,11.1,0.0,6.2,100.0,3.9,98.0,0.0,14,14
2022-09-16 23:44:00,14,11.1,0.0,6.2,100.0,3.9,98.0,0.0,14,14
2022-09-16 23:48:00,14,11.1,0.0,6.2,100.0,3.9,98.0,0.0,14,14
2022-09-16 23:55:00,14,11.1,0.0,6.2,100.0,3.9,98.0,0.0,14,14
2022-09-16 23:58:00,14,11.1,0.0,6.2,100.0,3.9,98.0,0.0,14,14
2022-09-17 00:05:00,14,11.0,0.0,4.3,100.0,3.8,99.0,0.0,14,14
2022-09-17 00:08:00,14,11.0,0.0,4.3,100.0,3.8,99.0,0.0,14,14
2022-09-17 00:15:00,14,11.0,0.0,4.3,100.0,3.8,99.0,0.0,14,14
2022-09-17 00:18:00,14,11.0,0.0,4.3,100.0,3.8,99.0,0.0,14,14
2022-09-17 00:25:00,14,11.0,0.0,4.3,100.0,3.8,99.0,0.0,14,14
2022-09-17 00:28:00,14,11.0,0.0,4.3,100.0,3.8,99.0,0.0,14,14
2022-09-17 00:34:00,14,10.5,0.0,5.6,100.0,2.0,99.0,0.0,14,14
2022-09-17 00:38:00,14,10.5,0.0,5.6,100.0,2.0,99.0,0.0,14,14
2022-09-17 00:45:00,14,10.5,0.0,5.6,100.0,2.0,99.0,0.0,14,14
2022-09-17 00:48:00,14,10.5,0.0,5.6,100.0,2.0,99.0,0.0,14,14
2022-09-17 00:55:00,14,10.5,0.0,5.6,100.0,2.0,99.0,0.0,14,14
2022-09-17 00:58:00,14,10.5,0.0,5.6,100.0,2.0,99.0,0.0,14,14
2022-09-17 01:05:00,14,10.5,0.0,5.6,100.0,2.0,99.0,0.0,14,14
2022-09-17 01:08:00,14,10.5,0.0,5.6,100.0,2.0,99.0,0.0,14,14
2022-09-17 01:15:00,14,10.5,0.0,5.6,100.0,2.0,99.0,0.0,14,14
2022-09-17 01:18:00,14,10.5,0.0,5.6,100.0,2.0,99.0,0.0,14,14
2022-09-17 01:25:00,14,10.5,0.0,5.6,100.0,2.0,99.0,0.0,14,14
2022-09-17 01:28:00,14,10.5,0.0,5.6,100.0,2.0,99.0,0.0,14,14
2022-09-17 01:35:00,14,11.2,0.0,7.0,100.0,0.8,99.0,0.0,14,14
2022-09-17 01:39:00,14,11.2,0.0,7.0,100.0,0.8,99.0,0.0,14,14
2022-09-17 01:45:00,14,11.2,0.0,7.0,100.0,0.8,99.0,0.0,14,14
2022-09-17 01:48:00,14,11.2,0.0,7.0,100.0,0.8,99.0,0.0,14,14
2022-09-17 01:55:00,14,11.2,0.0,7.0,100.0,0.8,99.0,0.0,14,14
2022-09-17 01:58:00,14,11.2,0.0,7.0,100.0,0.8,99.0,0.0,14,14
2022-09-17 02:05:00,14,11.2,0.0,7.0,100.0,0.8,99.0,0.0,14,14
2022-09-17 02:08:00,14,11.2,0.0,7.0,100.0,0.8,99.0,0.0,14,14
2022-09-17 02:15:00,14,11.2,0.0,7.0,100.0,0.8,99.0,0.0,14,14
2022-09-17 02:19:00,14,11.2,0.0,7.0,100.0,0.8,99.0,0.0,14,14
2022-09-17 02:25:00,14,11.2,0.0,7.0,100.0,0.8,99.0,0.0,14,14
2022-09-17 02:28:00,14,11.2,0.0,7.0,100.0,0.8,99.0,0.0,14,14
2022-09-17 02:34:00,14,11.9,0.0,8.3,100.0,0.6,99.0,0.0,14,14
2022-09-17 02:38:00,14,11.9,0.0,8.3,100.0,0.6,99.0,0.0,14,14
2022-09-17 02:49:00,14,11.9,0.0,8.3,100.0,0.6,99.0,0.0,14,14
2022-09-17 02:55:00,14,11.9,0.0,8.3,100.0,0.6,99.0,0.0,14,14
2022-09-17 02:58:00,14,11.9,0.0,8.3,100.0,0.6,99.0,0.0,14,14
2022-09-17 03:09:00,14,11.9,0.0,8.3,100.0,0.6,99.0,0.0,14,14
2022-09-17 03:15:00,14,11.9,0.0,8.3,100.0,0.6,99.0,0.0,14,14
2022-09-17 03:19:00,14,11.9,0.0,8.3,100.0,0.6,99.0,0.0,14,14
2022-09-17 03:25:00,14,11.9,0.0,8.3,100.0,0.6,99.0,0.0,14,14
2022-09-17 03:28:00,14,11.9,0.0,8.3,100.0,0.6,99.0,0.0,14,14
2022-09-17 03:35:00,14,11.9,0.0,8.0,100.0,0.6,99.0,0.0,14,14
2022-09-17 03:38:00,14,11.9,0.0,8.0,100.0,0.6,99.0,0.0,14,14
2022-09-17 03:45:00,14,11.9,0.0,8.0,100.0,0.6,99.0,0.0,14,14
2022-09-17 03:48:00,14,11.9,0.0,8.0,100.0,0.6,99.0,0.0,14,14
2022-09-17 03:55:00,14,11.9,0.0,8.0,100.0,0.6,99.0,0.0,14,14
2022-09-17 03:59:00,14,11.9,0.0,8.0,100.0,0.6,99.0,0.0,14,14
2022-09-17 04:05:00,14,11.9,0.0,8.0,100.0,0.6,99.0,0.0,14,14
2022-09-17 04:08:00,14,11.9,0.0,8.0,100.0,0.6,99.0,0.0,14,14
2022-09-17 04:15:00,14,11.9,0.0,8.0,100.0,0.6,99.0,0.0,14,14
2022-09-17 04:25:00,14,11.9,0.0,8.0,100.0,0.6,99.0,0.0,14,14
2022-09-17 04:28:00,14,11.9,0.0,8.0,100.0,0.6,99.0,0.0,14,14
2022-09-17 04:35:00,14,11.8,0.0,7.8,100.0,0.5,99.0,0.0,14,14
2022-09-17 04:38:00,14,11.8,0.0,7.8,100.0,0.5,99.0,0.0,14,14
2022-09-17 04:48:00,14,11.8,0.0,7.8,100.0,0.5,99.0,0.0,14,14
2022-09-17 04:55:00,14,11.8,0.0,7.8,100.0,0.5,99.0,0.0,14,14
2022-09-17 04:59:00,14,11.8,0.0,7.8,100.0,0.5,99.0,0.0,14,14
2022-09-17 05:05:00,14,11.8,0.0,7.8,100.0,0.5,99.0,0.0,14,14
2022-09-17 05:15:00,14,11.8,0.0,7.8,100.0,0.5,99.0,0.0,14,14
2022-09-17 05:18:00,14,11.8,0.0,7.8,100.0,0.5,99.0,0.0,14,14
2022-09-17 05:25:00,14,11.8,0.0,7.8,100.0,0.5,99.0,0.0,14,14
2022-09-17 05:28:00,14,11.8,0.0,7.8,100.0,0.5,99.0,0.0,14,14
2022-09-17 05:34:00,14,11.8,0.0,7.6,100.0,0.8,99.0,0.0,14,14
2022-09-17 05:38:00,14,11.8,0.0,7.6,100.0,0.8,99.0,0.0,14,14
2022-09-17 05:45:00,14,11.8,0.0,7.6,100.0,0.8,99.0,0.0,14,14
2022-09-17 05:55:00,14,11.8,0.0,7.6,100.0,0.8,99.0,0.0,14,14
2022-09-17 05:58:00,14,11.8,0.0,7.6,100.0,0.8,99.0,0.0,14,14
2022-09-17 06:05:00,14,11.8,0.0,7.6,100.0,0.8,99.0,0.0,14,14
2022-09-17 06:09:00,14,11.8,0.0,7.6,100.0,0.8,99.0,0.0,14,14
2022-09-17 06:15:00,14,11.8,0.0,7.6,100.0,0.8,99.0,0.0,14,14
2022-09-17 06:25:00,14,11.8,0.0,7.6,100.0,0.8,99.0,0.0,14,14
2022-09-17 06:28:00,14,11.8,0.0,7.6,100.0,0.8,99.0,0.0,14,14
2022-09-17 06:35:00,14,11.7,1.0,7.1,100.0,0.9,99.0,0.0,14,14
2022-09-17 06:38:00,14,11.7,1.0,7.1,100.0,0.9,99.0,0.0,14,14
2022-09-17 06:45:00,14,11.7,1.0,7.1,100.0,0.9,99.0,0.0,14,14
2022-09-17 06:49:00,14,11.7,1.0,7.1,100.0,0.9,99.0,0.0,14,14
2022-09-17 06:58:00,14,11.7,1.0,7.1,100.0,0.9,99.0,0.0,14,14
2022-09-17 07:05:00,14,11.7,1.0,7.1,100.0,0.9,99.0,0.0,14,14
2022-09-17 07:09:00,14,11.7,1.0,7.1,100.0,0.9,99.0,0.0,14,14
2022-09-17 07:15:00,14,11.7,1.0,7.1,100.0,0.9,99.0,0.0,14,14
2022-09-17 07:18:00,14,11.7,1.0,7.1,100.0,0.9,99.0,0.0,14,14
2022-09-17 07:25:00,14,11.7,1.0,7.1,100.0,0.9,99.0,0.0,14,14
2022-09-17 07:29:00,14,11.7,1.0,7.1,100.0,0.9,99.0,0.0,14,14
2022-09-17 07:35:00,14,11.6,1.0,6.6,100.0,1.8,98.0,0.0,14,14
2022-09-17 07:38:00,14,11.6,1.0,6.6,100.0,1.8,98.0,0.0,14,14
2022-09-17 07:45:00,14,11.6,1.0,6.6,100.0,1.8,98.0,0.0,14,14
2022-09-17 07:49:00,14,11.6,1.0,6.6,100.0,1.8,98.0,0.0,14,14
2022-09-17 07:55:00,14,11.6,1.0,6.6,100.0,1.8,98.0,0.0,14,14
2022-09-17 07:59:00,14,11.6,1.0,6.6,100.0,1.8,98.0,0.0,14,14
2022-09-17 08:15:00,14,11.6,1.0,6.6,100.0,1.8,98.0,0.0,14,14
2022-09-17 08:19:00,14,11.6,1.0,6.6,100.0,1.8,98.0,0.0,14,14
2022-09-17 08:25:00,14,11.6,1.0,6.6,100.0,1.8,98.0,0.0,14,14
2022-09-17 08:29:00,14,11.6,1.0,6.6,100.0,1.8,98.0,0.0,14,14
2022-09-17 08:35:00,14,11.5,1.0,6.1,100.0,2.1,98.0,0.0,14,14
2022-09-17 08:39:00,14,11.5,1.0,6.1,100.0,2.1,98.0,0.0,14,14
2022-09-17 08:45:00,14,11.5,1.0,6.1,100.0,2.1,98.0,0.0,14,14
2022-09-17 08:49:00,14,11.5,1.0,6.1,100.0,2.1,98.0,0.0,14,14
2022-09-17 08:55:00,14,11.5,1.0,6.1,100.0,2.1,98.0,0.0,14,14
2022-09-17 08:59:00,14,11.5,1.0,6.1,100.0,2.1,98.0,0.0,14,14
2022-09-17 09:06:00,14,11.5,1.0,6.1,100.0,2.1,98.0,0.0,14,14
2022-09-17 09:09:00,14,11.5,1.0,6.1,100.0,2.1,98.0,0.0,14,14
2022-09-17 09:15:00,14,11.5,1.0,6.1,100.0,2.1,98.0,0.0,14,14
2022-09-17 09:19:00,14,11.5,1.0,6.1,100.0,2.1,98.0,0.0,14,14
2022-09-17 09:25:00,14,11.5,1.0,6.1,100.0,2.1,98.0,0.0,14,14
2022-09-17 09:29:00,14,11.5,1.0,6.1,100.0,2.1,98.0,0.0,14,14
2022-09-17 09:39:00,14,10.8,1.0,7.1,100.0,2.7,98.0,0.0,14,14
2022-09-17 09:45:00,14,10.8,1.0,7.1,100.0,2.7,98.0,0.0,14,14
2022-09-17 09:49:00,14,10.8,1.0,7.1,100.0,2.7,98.0,0.0,14,14
2022-09-17 09:55:00,14,10.8,1.0,7.1,100.0,2.7,98.0,0.0,14,14
2022-09-17 09:59:00,14,10.8,1.0,7.1,100.0,2.7,98.0,0.0,14,14
2022-09-17 10:05:00,14,10.8,1.0,7.1,100.0,2.7,98.0,0.0,14,14
2022-09-17 10:09:00,14,10.8,1.0,7.1,100.0,2.7,98.0,0.0,14,14
2022-09-17 10:15:00,14,10.8,1.0,7.1,100.0,2.7,98.0,0.0,14,14
2022-09-17 10:19:00,14,10.8,1.0,7.1,100.0,2.7,98.0,0.0,14,14
2022-09-17 10:25:00,14,10.8,1.0,7.1,100.0,2.7,98.0,0.0,14,14
2022-09-17 10:29:00,14,10.8,1.0,7.1,100.0,2.7,98.0,0.0,14,14
2022-09-17 10:35:00,14,10.1,1.0,8.0,100.0,2.2,97.0,0.0,14,14
2022-09-17 10:39:00,14,10.1,1.0,8.0,100.0,2.2,97.0,0.0,14,14
2022-09-17 10:45:00,14,10.1,1.0,8.0,100.0,2.2,97.0,0.0,14,14
2022-09-17 10:49:00,14,10.1,1.0,8.0,100.0,2.2,97.0,0.0,14,14
2022-09-17 10:55:00,14,10.1,1.0,8.0,100.0,2.2,97.0,0.0,14,14
2022-09-17 10:59:00,14,10.1,1.0,8.0,100.0,2.2,97.0,0.0,14,14
2022-09-17 11:05:00,14,10.1,1.0,8.0,100.0,2.2,97.0,0.0,14,14
2022-09-17 11:09:00,14,10.1,1.0,8.0,100.0,2.2,97.0,0.0,14,14
2022-09-17 11:15:00,14,10.1,1.0,8.0,100.0,2.2,97.0,0.0,14,14
2022-09-17 11:19:00,14,10.1,1.0,8.0,100.0,2.2,97.0,0.0,14,14
2022-09-17 11:25:00,14,10.1,1.0,8.0,100.0,2.2,97.0,0.0,14,14
2022-09-17 11:29:00,14,10.1,1.0,8.0,100.0,2.2,97.0,0.0,14,14
2022-09-17 11:39:00,14,9.4,1.0,9.0,100.0,1.6,97.0,0.0,14,14
2022-09-17 11:45:00,14,9.4,1.0,9.0,100.0,1.6,97.0,0.0,14,14
2022-09-17 11:49:00,14,9.4,1.0,9.0,100.0,1.6,97.0,0.0,14,14
2022-09-17 11:59:00,14,9.4,1.0,9.0,100.0,1.6,97.0,0.0,14,14
2022-09-17 12:05:00,14,9.4,1.0,9.0,100.0,1.6,97.0,0.0,14,14
2022-09-17 12:09:00,14,9.4,1.0,9.0,100.0,1.6,97.0,0.0,14,14
2022-09-17 12:15:00,14,9.4,1.0,9.0,100.0,1.6,97.0,0.0,14,14
2022-09-17 12:19:00,14,9.4,1.0,9.0,100.0,1.6,97.0,0.0,14,14
2022-09-17 12:25:00,14,9.4,1.0,9.0,100.0,1.6,97.0,0.0,14,14
2022-09-17 12:29:00,14,9.4,1.0,9.0,100.0,1.6,97.0,0.0,14,14
2022-09-17 12:36:00,14,9.7,1.0,7.7,99.0,1.2,97.0,0.0,14,14
2022-09-17 12:40:00,14,9.7,1.0,7.7,99.0,1.2,97.0,0.0,14,14
2022-09-17 12:47:00,14,9.7,1.0,7.7,99.0,1.2,97.0,0.0,14,14
2022-09-17 12:50:00,14,9.7,1.0,7.7,99.0,1.2,97.0,0.0,14,14
2022-09-17 12:56:00,14,9.7,1.0,7.7,99.0,1.2,97.0,0.0,14,14
2022-09-17 12:59:00,14,9.7,1.0,7.7,99.0,1.2,97.0,0.0,15,14
2022-09-17 13:05:00,14,9.7,1.0,7.7,99.0,1.2,97.0,0.0,15,14
2022-09-17 13:09:00,14,9.7,1.0,7.7,99.0,1.2,97.0,0.0,15,14
2022-09-17 13:15:00,14,9.7,1.0,7.7,99.0,1.2,97.0,0.0,15,14
2022-09-17 13:19:00,14,9.7,1.0,7.7,99.0,1.2,97.0,0.0,15,14
2022-09-17 13:25:00,14,9.7,1.0,7.7,99.0,1.2,97.0,0.0,15,14
2022-09-17 13:29:00,14,9.7,1.0,7.7,99.0,1.2,97.0,0.0,15,14
2022-09-17 13:35:00,14,9.3,1.0,6.4,98.0,0.8,97.0,0.0,15,14
2022-09-17 13:39:00,14,9.3,1.0,6.4,98.0,0.8,97.0,0.0,15,14
2022-09-17 13:45:00,14,9.3,1.0,6.4,98.0,0.8,97.0,0.0,15,14
2022-09-17 13:49:00,14,9.3,1.0,6.4,98.0,0.8,97.0,0.0,15,14
2022-09-17 13:55:00,14,9.3,1.0,6.4,98.0,0.8,97.0,0.0,15,14
2022-09-17 13:59:00,14,9.3,1.0,6.4,98.0,0.8,97.0,0.0,15,15
2022-09-17 14:06:00,14,9.3,1.0,6.4,98.0,0.8,97.0,0.0,15,15
2022-09-17 14:09:00,14,9.3,1.0,6.4,98.0,0.8,97.0,0.0,15,15
2022-09-17 14:15:00,14,9.3,1.0,6.4,98.0,0.8,97.0,0.0,15,15
2022-09-17 14:19:00,14,9.3,1.0,6.4,98.0,0.8,97.0,0.0,15,15
2022-09-17 14:25:00,14,9.3,1.0,6.4,98.0,0.8,97.0,0.0,15,15
2022-09-17 14:29:00,14,9.3,1.0,6.4,98.0,0.8,97.0,0.0,15,15
2022-09-17 14:36:00,14,9.1,1.0,5.0,98.0,0.5,97.0,0.0,15,15
2022-09-17 14:39:00,14,9.1,1.0,5.0,98.0,0.5,97.0,0.0,15,15
2022-09-17 14:45:00,14,9.1,1.0,5.0,98.0,0.5,97.0,0.0,15,15
2022-09-17 14:49:00,14,9.1,1.0,5.0,98.0,0.5,97.0,0.0,15,15
2022-09-17 14:55:00,14,9.1,1.0,5.0,98.0,0.5,97.0,0.0,15,15
2022-09-17 14:59:00,15,9.1,1.0,5.0,98.0,0.5,97.0,0.0,15,15
2022-09-17 15:06:00,15,9.1,1.0,5.0,98.0,0.5,97.0,0.0,14,15
2022-09-17 15:09:00,15,9.1,1.0,5.0,98.0,0.5,97.0,0.0,14,15
2022-09-17 15:16:00,15,9.1,1.0,5.0,98.0,0.5,97.0,0.0,14,15
2022-09-17 15:19:00,15,9.1,1.0,5.0,98.0,0.5,97.0,0.0,15,15
2022-09-17 15:25:00,15,9.1,1.0,5.0,98.0,0.5,97.0,0.0,15,15
2022-09-17 15:29:00,15,9.1,1.0,5.0,98.0,0.5,97.0,0.0,15,15
2022-09-17 15:39:00,15,9.0,1.0,4.6,98.0,0.2,98.0,0.0,15,15
2022-09-17 15:45:00,15,9.0,1.0,4.6,98.0,0.2,98.0,0.0,15,15
2022-09-17 15:49:00,15,9.0,1.0,4.6,98.0,0.2,98.0,0.0,15,15
2022-09-17 15:55:00,15,9.0,1.0,4.6,98.0,0.2,98.0,0.0,15,15
2022-09-17 15:59:00,15,9.0,1.0,4.6,98.0,0.2,98.0,0.0,15,15
2022-09-17 16:05:00,15,9.0,1.0,4.6,98.0,0.2,98.0,0.0,15,14
2022-09-17 16:09:00,15,9.0,1.0,4.6,98.0,0.2,98.0,0.0,15,14
2022-09-17 16:15:00,15,9.0,1.0,4.6,98.0,0.2,98.0,0.0,15,14
2022-09-17 16:26:00,15,9.0,1.0,4.6,98.0,0.2,98.0,0.0,15,15
2022-09-17 16:29:00,15,9.0,1.0,4.6,98.0,0.2,98.0,0.0,15,15
2022-09-17 16:35:00,15,8.9,1.0,4.1,99.0,0.0,98.0,0.0,15,15
2022-09-17 16:39:00,15,8.9,1.0,4.1,99.0,0.0,98.0,0.0,15,15
2022-09-17 16:45:00,15,8.9,1.0,4.1,99.0,0.0,98.0,0.0,15,15
2022-09-17 16:49:00,15,8.9,1.0,4.1,99.0,0.0,98.0,0.0,15,15
2022-09-17 16:56:00,15,8.9,1.0,4.1,99.0,0.0,98.0,0.0,15,15
2022-09-17 16:59:00,15,8.9,1.0,4.1,99.0,0.0,98.0,0.0,15,15
2022-09-17 17:05:00,14,8.9,1.0,4.1,99.0,0.0,98.0,0.0,15,15
2022-09-17 17:09:00,14,8.9,1.0,4.1,99.0,0.0,98.0,0.0,15,15
2022-09-17 17:15:00,14,8.9,1.0,4.1,99.0,0.0,98.0,0.0,15,15
2022-09-17 17:19:00,15,8.9,1.0,4.1,99.0,0.0,98.0,0.0,14,14
2022-09-19 07:28:00,10,9.1,1.0,2.4,11.0,0.0,86.0,0.0,9,10
2022-09-19 07:31:00,10,10.2,1.0,2.6,76.0,2.0,76.0,0.0,9,10
2022-09-19 07:38:00,10,10.2,1.0,2.6,76.0,2.0,76.0,0.0,9,9
2022-09-19 07:41:00,10,10.2,1.0,2.6,76.0,2.0,76.0,0.0,9,9
2022-09-19 07:47:00,10,10.2,1.0,2.6,76.0,2.0,76.0,0.0,9,9
2022-09-19 07:51:00,10,10.2,1.0,2.6,76.0,2.0,76.0,0.0,9,9
2022-09-19 07:58:00,10,10.2,1.0,2.6,76.0,2.0,76.0,0.0,9,9
2022-09-19 08:01:00,10,10.2,1.0,2.6,76.0,2.0,76.0,0.0,9,9
2022-09-19 08:07:00,10,10.2,1.0,2.6,76.0,2.0,76.0,0.0,9,9
2022-09-19 08:11:00,10,10.2,1.0,2.6,76.0,2.0,76.0,0.0,9,9
2022-09-19 08:18:00,10,10.2,1.0,2.6,76.0,2.0,76.0,0.0,9,9
2022-09-19 08:21:00,10,10.2,1.0,2.6,76.0,2.0,76.0,0.0,9,9
2022-09-19 08:27:00,10,10.2,1.0,2.6,76.0,2.0,76.0,0.0,9,9
2022-09-19 08:31:00,10,12.6,1.0,2.9,84.0,1.2,67.0,0.0,9,9
2022-09-19 08:38:00,9,12.6,1.0,2.9,84.0,1.2,67.0,0.0,9,9
2022-09-19 08:41:00,9,12.6,1.0,2.9,84.0,1.2,67.0,0.0,9,9
2022-09-19 08:48:00,9,12.6,1.0,2.9,84.0,1.2,67.0,0.0,9,9
2022-09-19 08:51:00,9,12.6,1.0,2.9,84.0,1.2,67.0,0.0,9,9
2022-09-19 08:58:00,9,12.6,1.0,2.9,84.0,1.2,67.0,0.0,9,9
2022-09-19 09:01:00,9,12.6,1.0,2.9,84.0,1.2,67.0,0.0,9,9
2022-09-19 09:07:00,9,12.6,1.0,2.9,84.0,1.2,67.0,0.0,9,9
2022-09-19 09:11:00,9,12.6,1.0,2.9,84.0,1.2,67.0,0.0,9,9
2022-09-19 09:18:00,9,12.6,1.0,2.9,84.0,1.2,67.0,0.0,9,9
2022-09-19 09:21:00,9,12.6,1.0,2.9,84.0,1.2,67.0,0.0,9,9
2022-09-19 09:28:00,9,12.6,1.0,2.9,84.0,1.2,67.0,0.0,9,9
2022-09-19 09:31:00,9,13.8,1.0,4.8,4.0,0.0,61.0,0.0,9,9
2022-09-19 09:38:00,9,13.8,1.0,4.8,4.0,0.0,61.0,0.0,9,9
2022-09-19 09:41:00,9,13.8,1.0,4.8,4.0,0.0,61.0,0.0,9,9
2022-09-19 09:48:00,9,13.8,1.0,4.8,4.0,0.0,61.0,0.0,9,9
2022-09-19 09:51:00,9,13.8,1.0,4.8,4.0,0.0,61.0,0.0,9,9
2022-09-19 09:58:00,9,13.8,1.0,4.8,4.0,0.0,61.0,0.0,9,9
2022-09-19 10:08:00,9,13.8,1.0,4.8,4.0,0.0,61.0,0.0,8,9
2022-09-19 10:11:00,9,13.8,1.0,4.8,4.0,0.0,61.0,0.0,8,9
2022-09-19 10:17:00,9,13.8,1.0,4.8,4.0,0.0,61.0,0.0,8,9
2022-09-19 10:21:00,9,13.8,1.0,4.8,4.0,0.0,61.0,0.0,8,9
2022-09-19 10:27:00,9,13.8,1.0,4.8,4.0,0.0,61.0,0.0,8,9
2022-09-19 10:31:00,9,15.0,1.0,6.7,4.0,0.0,56.0,0.0,8,9
2022-09-19 10:38:00,9,15.0,1.0,6.7,4.0,0.0,56.0,0.0,8,9
2022-09-19 10:41:00,9,15.0,1.0,6.7,4.0,0.0,56.0,0.0,8,9
2022-09-19 10:51:00,9,15.0,1.0,6.7,4.0,0.0,56.0,0.0,8,9
2022-09-19 10:57:00,9,15.0,1.0,6.7,4.0,0.0,56.0,0.0,9,9
2022-09-19 11:01:00,9,15.0,1.0,6.7,4.0,0.0,56.0,0.0,9,9
2022-09-19 11:08:00,9,15.0,1.0,6.7,4.0,0.0,56.0,0.0,9,8
2022-09-19 11:11:00,9,15.0,1.0,6.7,4.0,0.0,56.0,0.0,9,8
2022-09-19 11:18:00,9,15.0,1.0,6.7,4.0,0.0,56.0,0.0,9,8
2022-09-19 11:21:00,9,15.0,1.0,6.7,4.0,0.0,56.0,0.0,9,8
2022-09-19 11:28:00,9,15.0,1.0,6.7,4.0,0.0,56.0,0.0,9,8
2022-09-19 11:31:00,9,16.2,1.0,8.6,4.0,0.0,50.0,0.0,9,8
2022-09-19 11:38:00,9,16.2,1.0,8.6,4.0,0.0,50.0,0.0,9,8
2022-09-19 11:41:00,9,16.2,1.0,8.6,4.0,0.0,50.0,0.0,8,8
2022-09-19 11:47:00,9,16.2,1.0,8.6,4.0,0.0,50.0,0.0,8,8
2022-09-19 11:51:00,9,16.2,1.0,8.6,4.0,0.0,50.0,0.0,8,8
2022-09-19 11:58:00,9,16.2,1.0,8.6,4.0,0.0,50.0,0.0,8,9
2022-09-19 12:01:00,9,16.2,1.0,8.6,4.0,0.0,50.0,0.0,8,9
2022-09-19 12:08:00,8,16.2,1.0,8.6,4.0,0.0,50.0,0.0,8,9
2022-09-19 12:12:00,8,16.2,1.0,8.6,4.0,0.0,50.0,0.0,8,9
2022-09-19 12:18:00,8,16.2,1.0,8.6,4.0,0.0,50.0,0.0,8,9
2022-09-19 12:21:00,8,16.2,1.0,8.6,4.0,0.0,50.0,0.0,8,9
2022-09-19 12:28:00,8,16.2,1.0,8.6,4.0,0.0,50.0,0.0,8,9
2022-09-19 12:31:00,8,16.0,1.0,9.7,11.0,0.0,49.0,0.0,8,9
2022-09-19 12:38:00,8,16.0,1.0,9.7,11.0,0.0,49.0,0.0,7,9
2022-09-19 12:41:00,8,16.0,1.0,9.7,11.0,0.0,49.0,0.0,7,8
2022-09-19 12:48:00,8,16.0,1.0,9.7,11.0,0.0,49.0,0.0,7,8
2022-09-19 12:51:00,8,16.0,1.0,9.7,11.0,0.0,49.0,0.0,7,8
2022-09-19 12:58:00,9,16.0,1.0,9.7,11.0,0.0,49.0,0.0,8,8
2022-09-19 13:01:00,9,16.0,1.0,9.7,11.0,0.0,49.0,0.0,8,8
2022-09-19 13:08:00,9,16.0,1.0,9.7,11.0,0.0,49.0,0.0,8,8
2022-09-19 13:11:00,9,16.0,1.0,9.7,11.0,0.0,49.0,0.0,8,8
2022-09-19 13:18:00,9,16.0,1.0,9.7,11.0,0.0,49.0,0.0,8,8
2022-09-19 13:21:00,9,16.0,1.0,9.7,11.0,0.0,49.0,0.0,8,8
2022-09-19 13:31:00,9,16.9,1.0,10.8,18.0,0.0,48.0,0.0,7,8
2022-09-19 13:38:00,9,16.9,1.0,10.8,18.0,0.0,48.0,0.0,7,7
2022-09-19 13:41:00,8,16.9,1.0,10.8,18.0,0.0,48.0,0.0,8,7
2022-09-19 13:48:00,8,16.9,1.0,10.8,18.0,0.0,48.0,0.0,9,7
2022-09-19 13:51:00,8,16.9,1.0,10.8,18.0,0.0,48.0,0.0,9,7
2022-09-19 13:58:00,8,16.9,1.0,10.8,18.0,0.0,48.0,0.0,9,8
2022-09-19 14:01:00,8,16.9,1.0,10.8,18.0,0.0,48.0,0.0,9,8
2022-09-19 14:08:00,8,16.9,1.0,10.8,18.0,0.0,48.0,0.0,9,8
2022-09-19 14:12:00,8,16.9,1.0,10.8,18.0,0.0,48.0,0.0,8,8
2022-09-19 14:18:00,8,16.9,1.0,10.8,18.0,0.0,48.0,0.0,9,8
2022-09-19 14:28:00,8,16.9,1.0,10.8,18.0,0.0,48.0,0.0,8,7
2022-09-19 14:31:00,8,16.9,1.0,11.9,25.0,0.0,47.0,0.0,8,7
2022-09-19 14:38:00,7,16.9,1.0,11.9,25.0,0.0,47.0,0.0,8,7
2022-09-19 14:42:00,7,16.9,1.0,11.9,25.0,0.0,47.0,0.0,8,8
2022-09-19 14:48:00,7,16.9,1.0,11.9,25.0,0.0,47.0,0.0,7,9
2022-09-19 14:51:00,7,16.9,1.0,11.9,25.0,0.0,47.0,0.0,7,9
2022-09-19 15:02:00,8,16.9,1.0,11.9,25.0,0.0,47.0,0.0,8,9
2022-09-19 15:08:00,8,16.9,1.0,11.9,25.0,0.0,47.0,0.0,7,9
2022-09-19 15:12:00,8,16.9,1.0,11.9,25.0,0.0,47.0,0.0,7,8
2022-09-19 15:18:00,8,16.9,1.0,11.9,25.0,0.0,47.0,0.0,7,9
2022-09-19 15:21:00,8,16.9,1.0,11.9,25.0,0.0,47.0,0.0,7,8
2022-09-19 15:28:00,7,16.9,1.0,11.9,25.0,0.0,47.0,0.0,7,8
2022-09-19 15:32:00,7,15.6,1.0,10.3,45.0,0.0,60.0,0.0,7,8
2022-09-19 15:38:00,7,15.6,1.0,10.3,45.0,0.0,60.0,0.0,7,8
2022-09-19 15:42:00,8,15.6,1.0,10.3,45.0,0.0,60.0,0.0,7,8
2022-09-19 15:48:00,9,15.6,1.0,10.3,45.0,0.0,60.0,0.0,7,7
2022-09-19 15:52:00,9,15.6,1.0,10.3,45.0,0.0,60.0,0.0,7,7
2022-09-19 16:02:00,9,15.6,1.0,10.3,45.0,0.0,60.0,0.0,7,8
2022-09-19 16:08:00,9,15.6,1.0,10.3,45.0,0.0,60.0,0.0,8,7
2022-09-19 16:12:00,8,15.6,1.0,10.3,45.0,0.0,60.0,0.0,8,7
2022-09-19 16:18:00,9,15.6,1.0,10.3,45.0,0.0,60.0,0.0,8,7
2022-09-19 16:22:00,8,15.6,1.0,10.3,45.0,0.0,60.0,0.0,8,7
2022-09-19 16:28:00,8,15.6,1.0,10.3,45.0,0.0,60.0,0.0,9,7
2022-09-19 16:32:00,8,14.0,1.0,8.8,64.0,0.0,73.0,0.0,9,7
2022-09-19 16:38:00,8,14.0,1.0,8.8,64.0,0.0,73.0,0.0,9,7
2022-09-19 16:41:00,8,14.0,1.0,8.8,64.0,0.0,73.0,0.0,9,7
2022-09-19 16:48:00,7,14.0,1.0,8.8,64.0,0.0,73.0,0.0,9,7
2022-09-19 16:52:00,7,14.0,1.0,8.8,64.0,0.0,73.0,0.0,9,7
2022-09-19 16:58:00,8,14.0,1.0,8.8,64.0,0.0,73.0,0.0,8,7
2022-09-19 17:02:00,8,14.0,1.0,8.8,64.0,0.0,73.0,0.0,8,7
2022-09-19 17:08:00,7,14.0,1.0,8.8,64.0,0.0,73.0,0.0,8,8
2022-09-19 17:12:00,7,14.0,1.0,8.8,64.0,0.0,73.0,0.0,9,8
2022-09-19 17:18:00,7,14.0,1.0,8.8,64.0,0.0,73.0,0.0,10,8
2022-09-19 17:22:00,7,14.0,1.0,8.8,64.0,0.0,73.0,0.0,10,8
2022-09-19 17:32:00,7,11.9,1.0,7.2,83.0,0.0,85.0,0.0,11,9
2022-09-19 17:38:00,7,11.9,1.0,7.2,83.0,0.0,85.0,0.0,11,9
2022-09-19 17:41:00,7,11.9,1.0,7.2,83.0,0.0,85.0,0.0,11,9
2022-09-19 17:48:00,7,11.9,1.0,7.2,83.0,0.0,85.0,0.0,11,9
2022-09-19 17:51:00,7,11.9,1.0,7.2,83.0,0.0,85.0,0.0,11,9
2022-09-19 18:02:00,7,11.9,1.0,7.2,83.0,0.0,85.0,0.0,11,8
2022-09-19 18:08:00,8,11.9,1.0,7.2,83.0,0.0,85.0,0.0,10,8
2022-09-19 18:12:00,8,11.9,1.0,7.2,83.0,0.0,85.0,0.0,10,9
2022-09-19 18:19:00,8,11.9,1.0,7.2,83.0,0.0,85.0,0.0,9,10
2022-09-19 18:22:00,8,11.9,1.0,7.2,83.0,0.0,85.0,0.0,9,10
2022-09-19 18:32:00,9,11.0,1.0,5.5,60.0,0.0,88.0,0.0,9,11
2022-09-19 18:38:00,9,11.0,1.0,5.5,60.0,0.0,88.0,0.0,9,11
2022-09-19 18:42:00,9,11.0,1.0,5.5,60.0,0.0,88.0,0.0,9,11
2022-09-19 18:48:00,9,11.0,1.0,5.5,60.0,0.0,88.0,0.0,9,11
2022-09-19 18:52:00,9,11.0,1.0,5.5,60.0,0.0,88.0,0.0,9,11
2022-09-19 18:58:00,8,11.0,1.0,5.5,60.0,0.0,88.0,0.0,9,11
2022-09-19 19:02:00,8,11.0,1.0,5.5,60.0,0.0,88.0,0.0,9,11
2022-09-19 19:09:00,8,11.0,1.0,5.5,60.0,0.0,88.0,0.0,9,10
2022-09-19 19:12:00,9,11.0,1.0,5.5,60.0,0.0,88.0,0.0,9,10
2022-09-19 19:18:00,10,11.0,1.0,5.5,60.0,0.0,88.0,0.0,9,9
2022-09-19 19:22:00,10,11.0,1.0,5.5,60.0,0.0,88.0,0.0,9,9
2022-09-19 19:28:00,10,11.0,1.0,5.5,60.0,0.0,88.0,0.0,10,9
2022-09-19 19:32:00,11,9.6,0.0,3.8,82.0,0.1,91.0,0.0,10,9
2022-09-19 19:38:00,11,9.6,0.0,3.8,82.0,0.1,91.0,0.0,10,9
2022-09-19 19:42:00,11,9.6,0.0,3.8,82.0,0.1,91.0,0.0,10,9
2022-09-19 19:52:00,11,9.6,0.0,3.8,82.0,0.1,91.0,0.0,10,9
2022-09-19 20:02:00,11,9.6,0.0,3.8,82.0,0.1,91.0,0.0,10,9
2022-09-19 20:08:00,10,9.6,0.0,3.8,82.0,0.1,91.0,0.0,10,9
2022-09-19 20:18:00,9,9.6,0.0,3.8,82.0,0.1,91.0,0.0,10,9
2022-09-19 20:22:00,9,9.6,0.0,3.8,82.0,0.1,91.0,0.0,10,9
2022-09-19 20:32:00,9,8.9,0.0,2.2,14.0,0.0,94.0,0.0,10,10
2022-09-19 20:39:00,9,8.9,0.0,2.2,14.0,0.0,94.0,0.0,10,10
2022-09-19 20:42:00,9,8.9,0.0,2.2,14.0,0.0,94.0,0.0,10,10
2022-09-19 20:48:00,9,8.9,0.0,2.2,14.0,0.0,94.0,0.0,10,10
2022-09-19 20:52:00,9,8.9,0.0,2.2,14.0,0.0,94.0,0.0,10,10
2022-09-19 21:02:00,9,8.9,0.0,2.2,14.0,0.0,94.0,0.0,10,10
2022-09-19 21:08:00,9,8.9,0.0,2.2,14.0,0.0,94.0,0.0,10,10
2022-09-19 21:12:00,9,8.9,0.0,2.2,14.0,0.0,94.0,0.0,10,10
2022-09-19 21:18:00,9,8.9,0.0,2.2,14.0,0.0,94.0,0.0,10,10
2022-09-19 21:22:00,9,8.9,0.0,2.2,14.0,0.0,94.0,0.0,10,10
2022-09-19 21:32:00,10,8.8,0.0,1.9,43.0,0.0,95.0,0.0,10,10
2022-09-19 21:38:00,10,8.8,0.0,1.9,43.0,0.0,95.0,0.0,10,10
2022-09-19 21:42:00,10,8.8,0.0,1.9,43.0,0.0,95.0,0.0,10,10
2022-09-19 21:48:00,10,8.8,0.0,1.9,43.0,0.0,95.0,0.0,10,10
2022-09-19 21:52:00,10,8.8,0.0,1.9,43.0,0.0,95.0,0.0,10,10
2022-09-19 21:58:00,10,8.8,0.0,1.9,43.0,0.0,95.0,0.0,10,10
2022-09-19 22:02:00,10,8.8,0.0,1.9,43.0,0.0,95.0,0.0,10,10
2022-09-19 22:09:00,10,8.8,0.0,1.9,43.0,0.0,95.0,0.0,10,10
2022-09-19 22:12:00,10,8.8,0.0,1.9,43.0,0.0,95.0,0.0,10,10
2022-09-19 22:22:00,10,8.8,0.0,1.9,43.0,0.0,95.0,0.0,10,10
2022-09-19 22:32:00,10,9.3,0.0,1.7,71.0,0.0,97.0,0.0,10,10
2022-09-19 22:39:00,10,9.3,0.0,1.7,71.0,0.0,97.0,0.0,10,10
2022-09-19 22:42:00,10,9.3,0.0,1.7,71.0,0.0,97.0,0.0,10,10
2022-09-19 22:49:00,10,9.3,0.0,1.7,71.0,0.0,97.0,0.0,10,10
2022-09-19 22:52:00,10,9.3,0.0,1.7,71.0,0.0,97.0,0.0,10,10
2022-09-19 22:58:00,10,9.3,0.0,1.7,71.0,0.0,97.0,0.0,10,10
2022-09-19 23:02:00,10,9.3,0.0,1.7,71.0,0.0,97.0,0.0,10,10
2022-09-19 23:08:00,10,9.3,0.0,1.7,71.0,0.0,97.0,0.0,10,10
2022-09-19 23:12:00,10,9.3,0.0,1.7,71.0,0.0,97.0,0.0,10,10
2022-09-19 23:19:00,10,9.3,0.0,1.7,71.0,0.0,97.0,0.0,10,10
2022-09-19 23:22:00,10,9.3,0.0,1.7,71.0,0.0,97.0,0.0,10,10
2022-09-19 23:32:00,10,9.3,0.0,1.7,71.0,0.0,97.0,0.0,10,10
2022-09-19 23:38:00,10,9.3,0.0,1.7,71.0,0.0,97.0,0.0,10,10
2022-09-19 23:42:00,10,9.3,0.0,1.7,71.0,0.0,97.0,0.0,10,10
2022-09-19 23:48:00,10,9.3,0.0,1.7,71.0,0.0,97.0,0.0,10,10
2022-09-19 23:52:00,10,9.3,0.0,1.7,71.0,0.0,97.0,0.0,10,10
2022-09-20 00:02:00,10,9.2,0.0,1.4,100.0,0.0,99.0,0.0,10,10
2022-09-20 00:09:00,10,9.2,0.0,1.4,100.0,0.0,99.0,0.0,10,10
2022-09-20 00:12:00,10,9.2,0.0,1.4,100.0,0.0,99.0,0.0,10,10
2022-09-20 00:18:00,10,9.2,0.0,1.4,100.0,0.0,99.0,0.0,10,10
2022-09-20 00:22:00,10,9.2,0.0,1.4,100.0,0.0,99.0,0.0,10,10
2022-09-20 00:32:00,10,9.1,0.0,1.3,100.0,0.0,98.0,0.0,10,10
2022-09-20 00:38:00,10,9.1,0.0,1.3,100.0,0.0,98.0,0.0,10,10
2022-09-20 00:42:00,10,9.1,0.0,1.3,100.0,0.0,98.0,0.0,10,10
2022-09-20 00:48:00,10,9.1,0.0,1.3,100.0,0.0,98.0,0.0,10,10
2022-09-20 00:52:00,10,9.1,0.0,1.3,100.0,0.0,98.0,0.0,10,10
2022-09-20 01:02:00,10,9.1,0.0,1.3,100.0,0.0,98.0,0.0,10,10
2022-09-20 01:08:00,10,9.1,0.0,1.3,100.0,0.0,98.0,0.0,10,10
2022-09-20 01:19:00,10,9.1,0.0,1.3,100.0,0.0,98.0,0.0,10,10
2022-09-20 01:22:00,10,9.1,0.0,1.3,100.0,0.0,98.0,0.0,10,10
2022-09-20 01:29:00,10,9.1,0.0,1.3,100.0,0.0,98.0,0.0,10,10
2022-09-20 01:32:00,10,9.0,0.0,1.2,100.0,0.0,98.0,0.0,10,10
2022-09-20 01:38:00,10,9.0,0.0,1.2,100.0,0.0,98.0,0.0,10,10
2022-09-20 01:42:00,10,9.0,0.0,1.2,100.0,0.0,98.0,0.0,10,10
2022-09-20 01:48:00,10,9.0,0.0,1.2,100.0,0.0,98.0,0.0,10,10
2022-09-20 01:52:00,10,9.0,0.0,1.2,100.0,0.0,98.0,0.0,10,10
2022-09-20 01:58:00,10,9.0,0.0,1.2,100.0,0.0,98.0,0.0,10,10
2022-09-20 02:02:00,10,9.0,0.0,1.2,100.0,0.0,98.0,0.0,10,10
2022-09-20 02:08:00,10,9.0,0.0,1.2,100.0,0.0,98.0,0.0,10,10
2022-09-20 02:18:00,10,9.0,0.0,1.2,100.0,0.0,98.0,0.0,10,10
2022-09-20 02:22:00,10,9.0,0.0,1.2,100.0,0.0,98.0,0.0,10,10
2022-09-20 02:28:00,10,9.0,0.0,1.2,100.0,0.0,98.0,0.0,10,10
2022-09-20 02:39:00,10,8.2,0.0,1.1,100.0,0.0,98.0,0.0,10,10
2022-09-20 02:42:00,10,8.2,0.0,1.1,100.0,0.0,98.0,0.0,10,10
2022-09-20 02:48:00,10,8.2,0.0,1.1,100.0,0.0,98.0,0.0,10,10
2022-09-20 02:52:00,10,8.2,0.0,1.1,100.0,0.0,98.0,0.0,10,10
2022-09-20 02:58:00,10,8.2,0.0,1.1,100.0,0.0,98.0,0.0,10,10
2022-09-20 03:02:00,10,8.2,0.0,1.1,100.0,0.0,98.0,0.0,10,10
2022-09-20 03:08:00,10,8.2,0.0,1.1,100.0,0.0,98.0,0.0,10,10
2022-09-20 03:12:00,10,8.2,0.0,1.1,100.0,0.0,98.0,0.0,10,10
2022-09-20 03:19:00,10,8.2,0.0,1.1,100.0,0.0,98.0,0.0,10,10
2022-09-20 03:22:00,10,8.2,0.0,1.1,100.0,0.0,98.0,0.0,10,10
2022-09-20 03:32:00,10,8.3,0.0,1.6,89.0,0.0,97.0,0.0,10,10
2022-09-20 03:42:00,10,8.3,0.0,1.6,89.0,0.0,97.0,0.0,10,10
2022-09-20 03:48:00,10,8.3,0.0,1.6,89.0,0.0,97.0,0.0,10,10
2022-09-20 03:52:00,10,8.3,0.0,1.6,89.0,0.0,97.0,0.0,10,10
2022-09-20 03:59:00,10,8.3,0.0,1.6,89.0,0.0,97.0,0.0,10,10
2022-09-20 04:02:00,10,8.3,0.0,1.6,89.0,0.0,97.0,0.0,10,10
2022-09-20 04:09:00,10,8.3,0.0,1.6,89.0,0.0,97.0,0.0,10,10
2022-09-20 04:12:00,10,8.3,0.0,1.6,89.0,0.0,97.0,0.0,10,10
2022-09-20 04:18:00,10,8.3,0.0,1.6,89.0,0.0,97.0,0.0,10,10
2022-09-20 04:22:00,10,8.3,0.0,1.6,89.0,0.0,97.0,0.0,10,10
2022-09-20 04:28:00,10,8.3,0.0,1.6,89.0,0.0,97.0,0.0,10,10
2022-09-20 04:32:00,10,8.4,0.0,2.0,77.0,0.0,97.0,0.0,10,10
2022-09-20 04:39:00,10,8.4,0.0,2.0,77.0,0.0,97.0,0.0,10,10
2022-09-20 04:42:00,10,8.4,0.0,2.0,77.0,0.0,97.0,0.0,10,10
2022-09-20 04:49:00,10,8.4,0.0,2.0,77.0,0.0,97.0,0.0,10,10
2022-09-20 04:52:00,10,8.4,0.0,2.0,77.0,0.0,97.0,0.0,10,10
2022-09-20 04:58:00,10,8.4,0.0,2.0,77.0,0.0,97.0,0.0,10,10
2022-09-20 05:02:00,10,8.4,0.0,2.0,77.0,0.0,97.0,0.0,10,10
2022-09-20 05:09:00,10,8.4,0.0,2.0,77.0,0.0,97.0,0.0,10,10
2022-09-20 05:12:00,10,8.4,0.0,2.0,77.0,0.0,97.0,0.0,10,10
2022-09-20 05:18:00,10,8.4,0.0,2.0,77.0,0.0,97.0,0.0,9,10
2022-09-20 05:22:00,10,8.4,0.0,2.0,77.0,0.0,97.0,0.0,9,10
2022-09-20 05:28:00,10,8.4,0.0,2.0,77.0,0.0,97.0,0.0,9,10
2022-09-20 05:32:00,10,8.5,0.0,2.5,66.0,0.0,96.0,0.0,9,10
2022-09-20 05:39:00,10,8.5,0.0,2.5,66.0,0.0,96.0,0.0,7,10
2022-09-20 05:42:00,10,8.5,0.0,2.5,66.0,0.0,96.0,0.0,7,10
2022-09-20 05:49:00,10,8.5,0.0,2.5,66.0,0.0,96.0,0.0,7,10
2022-09-20 05:52:00,10,8.5,0.0,2.5,66.0,0.0,96.0,0.0,7,10
2022-09-20 05:58:00,10,8.5,0.0,2.5,66.0,0.0,96.0,0.0,7,10
2022-09-20 06:02:00,10,8.5,0.0,2.5,66.0,0.0,96.0,0.0,7,10
2022-09-20 06:12:00,10,8.5,0.0,2.5,66.0,0.0,96.0,0.0,7,10
2022-09-20 06:19:00,10,8.5,0.0,2.5,66.0,0.0,96.0,0.0,7,9
2022-09-20 06:22:00,10,8.5,0.0,2.5,66.0,0.0,96.0,0.0,7,9
2022-09-20 06:29:00,10,8.5,0.0,2.5,66.0,0.0,96.0,0.0,6,9
2022-09-20 06:32:00,10,9.6,1.0,2.6,56.0,0.0,92.0,0.0,6,9
2022-09-20 06:39:00,10,9.6,1.0,2.6,56.0,0.0,92.0,0.0,6,7
2022-09-20 06:42:00,10,9.6,1.0,2.6,56.0,0.0,92.0,0.0,6,7
2022-09-20 06:48:00,10,9.6,1.0,2.6,56.0,0.0,92.0,0.0,7,7
2022-09-20 06:52:00,10,9.6,1.0,2.6,56.0,0.0,92.0,0.0,7,7
2022-09-20 06:59:00,10,9.6,1.0,2.6,56.0,0.0,92.0,0.0,7,7
2022-09-20 07:02:00,10,9.6,1.0,2.6,56.0,0.0,92.0,0.0,7,7
2022-09-20 07:09:00,10,9.6,1.0,2.6,56.0,0.0,92.0,0.0,7,7
2022-09-20 07:12:00,10,9.6,1.0,2.6,56.0,0.0,92.0,0.0,7,7
2022-09-20 07:19:00,9,9.6,1.0,2.6,56.0,0.0,92.0,0.0,7,7
2022-09-20 07:22:00,9,9.6,1.0,2.6,56.0,0.0,92.0,0.0,7,7
2022-09-20 07:29:00,9,9.6,1.0,2.6,56.0,0.0,92.0,0.0,7,6
2022-09-20 07:32:00,9,10.7,1.0,2.8,46.0,0.0,87.0,0.0,7,6
2022-09-20 07:39:00,7,10.7,1.0,2.8,46.0,0.0,87.0,0.0,7,6
2022-09-20 07:42:00,7,10.7,1.0,2.8,46.0,0.0,87.0,0.0,7,6
2022-09-20 07:49:00,7,10.7,1.0,2.8,46.0,0.0,87.0,0.0,7,7
2022-09-20 07:52:00,7,10.7,1.0,2.8,46.0,0.0,87.0,0.0,7,7
2022-09-20 07:59:00,7,10.7,1.0,2.8,46.0,0.0,87.0,0.0,6,7
2022-09-20 08:02:00,7,10.7,1.0,2.8,46.0,0.0,87.0,0.0,6,7
2022-09-20 08:09:00,7,10.7,1.0,2.8,46.0,0.0,87.0,0.0,6,7
2022-09-20 08:12:00,7,10.7,1.0,2.8,46.0,0.0,87.0,0.0,5,7
2022-09-20 08:19:00,7,10.7,1.0,2.8,46.0,0.0,87.0,0.0,7,7
2022-09-20 08:22:00,7,10.7,1.0,2.8,46.0,0.0,87.0,0.0,7,7
2022-09-20 08:29:00,6,10.7,1.0,2.8,46.0,0.0,87.0,0.0,7,7
2022-09-20 08:32:00,6,11.8,1.0,2.9,36.0,0.0,82.0,0.0,7,7
2022-09-20 08:39:00,6,11.8,1.0,2.9,36.0,0.0,82.0,0.0,7,7
2022-09-20 08:42:00,6,11.8,1.0,2.9,36.0,0.0,82.0,0.0,7,7
2022-09-20 08:49:00,7,11.8,1.0,2.9,36.0,0.0,82.0,0.0,7,7
2022-09-20 08:52:00,7,11.8,1.0,2.9,36.0,0.0,82.0,0.0,7,7
2022-09-20 08:59:00,7,11.8,1.0,2.9,36.0,0.0,82.0,0.0,6,6
2022-09-20 09:03:00,7,11.8,1.0,2.9,36.0,0.0,82.0,0.0,6,6
2022-09-20 09:09:00,7,11.8,1.0,2.9,36.0,0.0,82.0,0.0,6,6
2022-09-20 09:12:00,7,11.8,1.0,2.9,36.0,0.0,82.0,0.0,6,5
2022-09-20 09:20:00,7,11.8,1.0,2.9,36.0,0.0,82.0,0.0,7,7
2022-09-20 09:22:00,7,11.8,1.0,2.9,36.0,0.0,82.0,0.0,7,7
2022-09-20 09:30:00,7,11.8,1.0,2.9,36.0,0.0,82.0,0.0,7,7
2022-09-20 09:32:00,7,13.3,1.0,4.3,28.0,0.0,72.0,0.0,7,7
2022-09-20 09:39:00,7,13.3,1.0,4.3,28.0,0.0,72.0,0.0,7,7
2022-09-20 09:43:00,7,13.3,1.0,4.3,28.0,0.0,72.0,0.0,7,7
2022-09-20 09:49:00,7,13.3,1.0,4.3,28.0,0.0,72.0,0.0,6,7
2022-09-20 09:53:00,7,13.3,1.0,4.3,28.0,0.0,72.0,0.0,6,7
2022-09-20 10:00:00,6,13.3,1.0,4.3,28.0,0.0,72.0,0.0,6,6
2022-09-20 10:02:00,6,13.3,1.0,4.3,28.0,0.0,72.0,0.0,7,6
2022-09-20 10:09:00,6,13.3,1.0,4.3,28.0,0.0,72.0,0.0,7,6
2022-09-20 10:13:00,5,13.3,1.0,4.3,28.0,0.0,72.0,0.0,7,6
2022-09-20 10:19:00,7,13.3,1.0,4.3,28.0,0.0,72.0,0.0,7,7
2022-09-20 10:22:00,7,13.3,1.0,4.3,28.0,0.0,72.0,0.0,7,7
2022-09-20 10:29:00,7,13.3,1.0,4.3,28.0,0.0,72.0,0.0,6,7
2022-09-20 10:33:00,7,14.9,1.0,5.8,21.0,0.0,62.0,0.0,6,7
2022-09-20 10:39:00,7,14.9,1.0,5.8,21.0,0.0,62.0,0.0,6,7
2022-09-20 10:42:00,7,14.9,1.0,5.8,21.0,0.0,62.0,0.0,6,7
2022-09-20 10:49:00,7,14.9,1.0,5.8,21.0,0.0,62.0,0.0,6,6
2022-09-20 10:59:00,6,14.9,1.0,5.8,21.0,0.0,62.0,0.0,6,6
2022-09-20 11:03:00,6,14.9,1.0,5.8,21.0,0.0,62.0,0.0,6,7
2022-09-20 11:09:00,6,14.9,1.0,5.8,21.0,0.0,62.0,0.0,6,7
2022-09-20 11:19:00,7,14.9,1.0,5.8,21.0,0.0,62.0,0.0,6,7
2022-09-20 11:23:00,7,14.9,1.0,5.8,21.0,0.0,62.0,0.0,6,7
2022-09-20 11:29:00,7,14.9,1.0,5.8,21.0,0.0,62.0,0.0,6,6
2022-09-20 11:33:00,7,16.4,1.0,7.2,13.0,0.0,52.0,0.0,6,6
2022-09-20 11:39:00,7,16.4,1.0,7.2,13.0,0.0,52.0,0.0,6,6
2022-09-20 11:43:00,7,16.4,1.0,7.2,13.0,0.0,52.0,0.0,6,6
2022-09-20 11:49:00,6,16.4,1.0,7.2,13.0,0.0,52.0,0.0,5,6
2022-09-20 11:53:00,6,16.4,1.0,7.2,13.0,0.0,52.0,0.0,5,6
2022-09-20 11:59:00,6,16.4,1.0,7.2,13.0,0.0,52.0,0.0,5,6
2022-09-20 12:03:00,7,16.4,1.0,7.2,13.0,0.0,52.0,0.0,5,6
2022-09-20 12:09:00,7,16.4,1.0,7.2,13.0,0.0,52.0,0.0,5,6
2022-09-20 12:13:00,7,16.4,1.0,7.2,13.0,0.0,52.0,0.0,5,6
2022-09-20 12:19:00,7,16.4,1.0,7.2,13.0,0.0,52.0,0.0,5,6
2022-09-20 12:29:00,6,16.4,1.0,7.2,13.0,0.0,52.0,0.0,5,6
2022-09-20 12:33:00,6,16.1,1.0,8.4,24.0,0.0,51.0,0.0,4,6
2022-09-20 12:43:00,6,16.1,1.0,8.4,24.0,0.0,51.0,0.0,3,6
2022-09-20 12:52:00,6,16.1,1.0,8.4,24.0,0.0,51.0,0.0,3,5
2022-09-20 12:59:00,6,16.1,1.0,8.4,24.0,0.0,51.0,0.0,3,5
2022-09-20 13:03:00,6,16.1,1.0,8.4,24.0,0.0,51.0,0.0,3,5
2022-09-20 13:09:00,6,16.1,1.0,8.4,24.0,0.0,51.0,0.0,5,5
2022-09-20 13:13:00,6,16.1,1.0,8.4,24.0,0.0,51.0,0.0,5,5
2022-09-20 13:19:00,6,16.1,1.0,8.4,24.0,0.0,51.0,0.0,3,5
2022-09-20 13:23:00,6,16.1,1.0,8.4,24.0,0.0,51.0,0.0,3,5
2022-09-20 13:29:00,6,16.1,1.0,8.4,24.0,0.0,51.0,0.0,4,5
2022-09-20 13:40:00,6,15.7,1.0,5.9,35.0,0.0,50.0,0.0,4,4
2022-09-20 13:43:00,6,15.7,1.0,5.9,35.0,0.0,50.0,0.0,5,3
2022-09-20 13:50:00,5,15.7,1.0,5.9,35.0,0.0,50.0,0.0,4,3
2022-09-20 13:53:00,5,15.7,1.0,5.9,35.0,0.0,50.0,0.0,4,3
2022-09-20 13:59:00,5,15.7,1.0,5.9,35.0,0.0,50.0,0.0,6,3
2022-09-20 14:03:00,5,15.7,1.0,5.9,35.0,0.0,50.0,0.0,6,3
2022-09-20 14:09:00,5,15.7,1.0,5.9,35.0,0.0,50.0,0.0,7,5
2022-09-20 14:13:00,5,15.7,1.0,5.9,35.0,0.0,50.0,0.0,7,5
2022-09-20 14:19:00,5,15.7,1.0,5.9,35.0,0.0,50.0,0.0,7,3
2022-09-20 14:23:00,5,15.7,1.0,5.9,35.0,0.0,50.0,0.0,7,3
2022-09-20 14:29:00,5,15.7,1.0,5.9,35.0,0.0,50.0,0.0,7,4
2022-09-20 14:33:00,4,15.4,1.0,10.8,73.0,0.1,49.0,0.0,6,4
2022-09-20 14:39:00,4,15.4,1.0,10.8,73.0,0.1,49.0,0.0,7,4
2022-09-20 14:43:00,3,15.4,1.0,10.8,73.0,0.1,49.0,0.0,6,5
2022-09-20 14:49:00,3,15.4,1.0,10.8,73.0,0.1,49.0,0.0,6,4
2022-09-20 14:53:00,3,15.4,1.0,10.8,73.0,0.1,49.0,0.0,6,4
2022-09-20 14:59:00,3,15.4,1.0,10.8,73.0,0.1,49.0,0.0,6,6
2022-09-20 15:03:00,3,15.4,1.0,10.8,73.0,0.1,49.0,0.0,6,6
2022-09-20 15:13:00,5,15.4,1.0,10.8,73.0,0.1,49.0,0.0,7,7
2022-09-20 15:19:00,3,15.4,1.0,10.8,73.0,0.1,49.0,0.0,7,7
2022-09-20 15:23:00,3,15.4,1.0,10.8,73.0,0.1,49.0,0.0,7,7
2022-09-20 15:29:00,4,15.4,1.0,10.8,73.0,0.1,49.0,0.0,7,7
2022-09-20 15:33:00,4,15.1,1.0,9.6,42.0,0.0,59.0,0.0,8,6
2022-09-20 15:39:00,4,15.1,1.0,9.6,42.0,0.0,59.0,0.0,8,7
2022-09-20 15:43:00,5,15.1,1.0,9.6,42.0,0.0,59.0,0.0,8,6
2022-09-20 15:49:00,4,15.1,1.0,9.6,42.0,0.0,59.0,0.0,8,6
2022-09-20 15:53:00,4,15.1,1.0,9.6,42.0,0.0,59.0,0.0,8,6
2022-09-20 15:59:00,6,15.1,1.0,9.6,42.0,0.0,59.0,0.0,6,6
2022-09-20 16:03:00,6,15.1,1.0,9.6,42.0,0.0,59.0,0.0,6,6
2022-09-20 16:09:00,7,15.1,1.0,9.6,42.0,0.0,59.0,0.0,6,7
2022-09-20 16:13:00,7,15.1,1.0,9.6,42.0,0.0,59.0,0.0,5,7
2022-09-20 16:19:00,7,15.1,1.0,9.6,42.0,0.0,59.0,0.0,6,7
2022-09-20 16:23:00,7,15.1,1.0,9.6,42.0,0.0,59.0,0.0,6,7
2022-09-20 16:29:00,7,15.1,1.0,9.6,42.0,0.0,59.0,0.0,7,7
2022-09-20 16:33:00,6,13.8,1.0,8.4,38.0,0.0,69.0,0.0,6,8
2022-09-20 16:39:00,7,13.8,1.0,8.4,38.0,0.0,69.0,0.0,6,8
2022-09-20 16:43:00,6,13.8,1.0,8.4,38.0,0.0,69.0,0.0,6,8
2022-09-20 16:49:00,6,13.8,1.0,8.4,38.0,0.0,69.0,0.0,6,8
2022-09-20 16:53:00,6,13.8,1.0,8.4,38.0,0.0,69.0,0.0,6,8
2022-09-20 17:00:00,6,13.8,1.0,8.4,38.0,0.0,69.0,0.0,6,6
2022-09-20 17:03:00,6,13.8,1.0,8.4,38.0,0.0,69.0,0.0,6,6
2022-09-20 17:10:00,7,13.8,1.0,8.4,38.0,0.0,69.0,0.0,6,6
2022-09-20 17:19:00,7,13.8,1.0,8.4,38.0,0.0,69.0,0.0,6,6
2022-09-20 17:23:00,7,13.8,1.0,8.4,38.0,0.0,69.0,0.0,6,6
2022-09-20 17:29:00,7,13.8,1.0,8.4,38.0,0.0,69.0,0.0,4,7
2022-09-20 17:33:00,8,12.1,1.0,7.2,34.0,0.0,80.0,0.0,5,6
2022-09-20 17:39:00,8,12.1,1.0,7.2,34.0,0.0,80.0,0.0,5,6
2022-09-20 17:43:00,8,12.1,1.0,7.2,34.0,0.0,80.0,0.0,5,6
2022-09-20 17:49:00,8,12.1,1.0,7.2,34.0,0.0,80.0,0.0,5,6
2022-09-20 17:53:00,8,12.1,1.0,7.2,34.0,0.0,80.0,0.0,5,6
2022-09-20 17:59:00,6,12.1,1.0,7.2,34.0,0.0,80.0,0.0,5,6
2022-09-20 18:03:00,6,12.1,1.0,7.2,34.0,0.0,80.0,0.0,5,6
2022-09-20 18:09:00,6,12.1,1.0,7.2,34.0,0.0,80.0,0.0,5,6
2022-09-20 18:13:00,5,12.1,1.0,7.2,34.0,0.0,80.0,0.0,5,6
2022-09-20 18:19:00,6,12.1,1.0,7.2,34.0,0.0,80.0,0.0,5,6
2022-09-20 18:23:00,6,12.1,1.0,7.2,34.0,0.0,80.0,0.0,5,6
2022-09-20 18:29:00,7,12.1,1.0,7.2,34.0,0.0,80.0,0.0,5,4
2022-09-20 18:33:00,6,11.1,1.0,7.9,56.0,0.0,80.0,0.0,5,5
2022-09-20 18:39:00,6,11.1,1.0,7.9,56.0,0.0,80.0,0.0,5,5
2022-09-20 18:43:00,6,11.1,1.0,7.9,56.0,0.0,80.0,0.0,5,5
2022-09-20 18:49:00,6,11.1,1.0,7.9,56.0,0.0,80.0,0.0,5,5
2022-09-20 18:53:00,6,11.1,1.0,7.9,56.0,0.0,80.0,0.0,5,5
2022-09-20 18:59:00,6,11.1,1.0,7.9,56.0,0.0,80.0,0.0,5,5
2022-09-20 19:03:00,6,11.1,1.0,7.9,56.0,0.0,80.0,0.0,5,5
2022-09-20 19:10:00,6,11.1,1.0,7.9,56.0,0.0,80.0,0.0,5,5
2022-09-20 19:13:00,6,11.1,1.0,7.9,56.0,0.0,80.0,0.0,5,5
2022-09-20 19:19:00,6,11.1,1.0,7.9,56.0,0.0,80.0,0.0,5,5
2022-09-20 19:23:00,6,11.1,1.0,7.9,56.0,0.0,80.0,0.0,5,5
2022-09-20 19:29:00,4,11.1,1.0,7.9,56.0,0.0,80.0,0.0,5,5
2022-09-20 19:33:00,5,10.8,0.0,8.6,78.0,0.0,81.0,0.0,5,5
2022-09-20 19:39:00,5,10.8,0.0,8.6,78.0,0.0,81.0,0.0,5,5
2022-09-20 19:43:00,5,10.8,0.0,8.6,78.0,0.0,81.0,0.0,5,5
2022-09-20 19:49:00,5,10.8,0.0,8.6,78.0,0.0,81.0,0.0,5,5
2022-09-20 19:53:00,5,10.8,0.0,8.6,78.0,0.0,81.0,0.0,5,5
2022-09-20 19:59:00,5,10.8,0.0,8.6,78.0,0.0,81.0,0.0,5,5
2022-09-20 20:03:00,5,10.8,0.0,8.6,78.0,0.0,81.0,0.0,5,5
2022-09-20 20:09:00,5,10.8,0.0,8.6,78.0,0.0,81.0,0.0,5,5
2022-09-20 20:13:00,5,10.8,0.0,8.6,78.0,0.0,81.0,0.0,5,5
2022-09-20 20:20:00,5,10.8,0.0,8.6,78.0,0.0,81.0,0.0,5,5
2022-09-20 20:23:00,5,10.8,0.0,8.6,78.0,0.0,81.0,0.0,5,5
2022-09-20 20:29:00,5,10.8,0.0,8.6,78.0,0.0,81.0,0.0,5,5
2022-09-20 20:33:00,5,10.1,0.0,9.4,100.0,0.0,81.0,0.0,5,5
2022-09-20 20:40:00,5,10.1,0.0,9.4,100.0,0.0,81.0,0.0,5,5
2022-09-20 20:43:00,5,10.1,0.0,9.4,100.0,0.0,81.0,0.0,5,5
2022-09-20 20:53:00,5,10.1,0.0,9.4,100.0,0.0,81.0,0.0,5,5
2022-09-20 21:00:00,5,10.1,0.0,9.4,100.0,0.0,81.0,0.0,5,5
2022-09-20 21:03:00,5,10.1,0.0,9.4,100.0,0.0,81.0,0.0,5,5
2022-09-20 21:10:00,5,10.1,0.0,9.4,100.0,0.0,81.0,0.0,5,5
2022-09-20 21:13:00,5,10.1,0.0,9.4,100.0,0.0,81.0,0.0,5,5
2022-09-20 21:20:00,5,10.1,0.0,9.4,100.0,0.0,81.0,0.0,5,5
2022-09-20 21:23:00,5,10.1,0.0,9.4,100.0,0.0,81.0,0.0,5,5
2022-09-20 21:29:00,5,10.1,0.0,9.4,100.0,0.0,81.0,0.0,5,5
2022-09-20 21:33:00,5,9.4,0.0,7.1,81.0,0.0,84.0,0.0,5,5
2022-09-20 21:39:00,5,9.4,0.0,7.1,81.0,0.0,84.0,0.0,5,5
2022-09-20 21:43:00,5,9.4,0.0,7.1,81.0,0.0,84.0,0.0,5,5
2022-09-20 21:49:00,5,9.4,0.0,7.1,81.0,0.0,84.0,0.0,5,5
2022-09-20 21:53:00,5,9.4,0.0,7.1,81.0,0.0,84.0,0.0,5,5
2022-09-20 22:00:00,5,9.4,0.0,7.1,81.0,0.0,84.0,0.0,5,5
2022-09-20 22:03:00,5,9.4,0.0,7.1,81.0,0.0,84.0,0.0,5,5
2022-09-20 22:10:00,5,9.4,0.0,7.1,81.0,0.0,84.0,0.0,5,5
2022-09-20 22:13:00,5,9.4,0.0,7.1,81.0,0.0,84.0,0.0,5,5
2022-09-20 22:19:00,5,9.4,0.0,7.1,81.0,0.0,84.0,0.0,5,5
2022-09-20 22:23:00,5,9.4,0.0,7.1,81.0,0.0,84.0,0.0,5,5
2022-09-20 22:33:00,5,9.1,0.0,4.8,63.0,0.0,88.0,0.0,5,5
2022-09-20 22:39:00,5,9.1,0.0,4.8,63.0,0.0,88.0,0.0,5,5
2022-09-22 12:42:00,12,14.4,1.0,7.8,26.0,0.0,46.0,0.0,13,13
2022-09-22 12:45:00,12,14.4,1.0,7.8,26.0,0.0,46.0,0.0,13,13
2022-09-22 12:52:00,12,14.4,1.0,7.8,26.0,0.0,46.0,0.0,13,13
2022-09-22 12:55:00,12,14.4,1.0,7.8,26.0,0.0,46.0,0.0,13,13
2022-09-22 13:02:00,12,14.4,1.0,7.8,26.0,0.0,46.0,0.0,13,13
2022-09-22 13:05:00,12,14.4,1.0,7.8,26.0,0.0,46.0,0.0,13,13
2022-09-22 13:12:00,12,14.4,1.0,7.8,26.0,0.0,46.0,0.0,13,12
2022-09-22 13:15:00,12,14.4,1.0,7.8,26.0,0.0,46.0,0.0,13,12
2022-09-22 13:22:00,12,14.4,1.0,7.8,26.0,0.0,46.0,0.0,12,12
2022-09-22 13:25:00,12,14.4,1.0,7.8,26.0,0.0,46.0,0.0,12,12
2022-09-22 13:32:00,13,14.6,1.0,8.4,25.0,0.0,45.0,0.0,14,13
2022-09-22 13:35:00,13,14.6,1.0,8.4,25.0,0.0,45.0,0.0,14,13
2022-09-22 13:42:00,13,14.6,1.0,8.4,25.0,0.0,45.0,0.0,15,13
2022-09-22 13:45:00,13,14.6,1.0,8.4,25.0,0.0,45.0,0.0,14,13
2022-09-22 13:51:00,13,14.6,1.0,8.4,25.0,0.0,45.0,0.0,14,13
2022-09-22 13:55:00,13,14.6,1.0,8.4,25.0,0.0,45.0,0.0,14,13
2022-09-22 14:01:00,13,14.6,1.0,8.4,25.0,0.0,45.0,0.0,13,13
2022-09-22 14:05:00,13,14.6,1.0,8.4,25.0,0.0,45.0,0.0,13,13
2022-09-22 14:12:00,12,14.6,1.0,8.4,25.0,0.0,45.0,0.0,13,13
2022-09-22 14:15:00,12,14.6,1.0,8.4,25.0,0.0,45.0,0.0,13,13
2022-09-22 14:22:00,12,14.6,1.0,8.4,25.0,0.0,45.0,0.0,13,12
2022-09-22 14:25:00,12,14.6,1.0,8.4,25.0,0.0,45.0,0.0,13,12
2022-09-22 14:32:00,13,14.9,1.0,9.0,23.0,0.0,43.0,0.0,12,14
2022-09-22 14:42:00,13,14.9,1.0,9.0,23.0,0.0,43.0,0.0,12,15
2022-09-22 14:45:00,13,14.9,1.0,9.0,23.0,0.0,43.0,0.0,12,14
2022-09-22 14:52:00,13,14.9,1.0,9.0,23.0,0.0,43.0,0.0,12,14
2022-09-22 15:02:00,13,14.9,1.0,9.0,23.0,0.0,43.0,0.0,6,13
2022-09-22 15:05:00,13,14.9,1.0,9.0,23.0,0.0,43.0,0.0,6,13
2022-09-22 15:12:00,13,14.9,1.0,9.0,23.0,0.0,43.0,0.0,7,13
2022-09-22 15:15:00,13,14.9,1.0,9.0,23.0,0.0,43.0,0.0,7,13
2022-09-22 15:25:00,12,14.9,1.0,9.0,23.0,0.0,43.0,0.0,7,13
2022-09-22 15:35:00,14,13.9,1.0,8.3,24.0,0.0,53.0,0.0,7,12
2022-09-22 15:42:00,15,13.9,1.0,8.3,24.0,0.0,53.0,0.0,7,12
2022-09-22 15:45:00,14,13.9,1.0,8.3,24.0,0.0,53.0,0.0,7,12
2022-09-22 15:55:00,14,13.9,1.0,8.3,24.0,0.0,53.0,0.0,7,12
2022-09-22 16:05:00,13,13.9,1.0,8.3,24.0,0.0,53.0,0.0,7,6
2022-09-22 16:12:00,13,13.9,1.0,8.3,24.0,0.0,53.0,0.0,7,7
2022-09-22 16:15:00,13,13.9,1.0,8.3,24.0,0.0,53.0,0.0,7,7
2022-09-22 16:21:00,13,13.9,1.0,8.3,24.0,0.0,53.0,0.0,8,7
2022-09-22 16:25:00,13,13.9,1.0,8.3,24.0,0.0,53.0,0.0,8,7
2022-09-22 16:32:00,12,12.4,1.0,7.6,24.0,0.0,64.0,0.0,8,7
2022-09-22 16:36:00,12,12.4,1.0,7.6,24.0,0.0,64.0,0.0,8,7
2022-09-22 16:42:00,12,12.4,1.0,7.6,24.0,0.0,64.0,0.0,8,7
2022-09-22 16:52:00,12,12.4,1.0,7.6,24.0,0.0,64.0,0.0,8,7
2022-09-22 16:55:00,12,12.4,1.0,7.6,24.0,0.0,64.0,0.0,8,7
2022-09-22 17:02:00,6,12.4,1.0,7.6,24.0,0.0,64.0,0.0,8,7
2022-09-22 17:05:00,6,12.4,1.0,7.6,24.0,0.0,64.0,0.0,8,7
2022-09-22 17:12:00,7,12.4,1.0,7.6,24.0,0.0,64.0,0.0,8,7
2022-09-22 17:16:00,7,12.4,1.0,7.6,24.0,0.0,64.0,0.0,8,7
2022-09-22 17:22:00,7,12.4,1.0,7.6,24.0,0.0,64.0,0.0,8,8
2022-09-22 17:26:00,7,12.4,1.0,7.6,24.0,0.0,64.0,0.0,8,8
2022-09-22 17:32:00,7,10.5,1.0,6.8,25.0,0.0,74.0,0.0,8,8
2022-09-22 17:35:00,7,10.5,1.0,6.8,25.0,0.0,74.0,0.0,8,8
2022-09-22 17:42:00,7,10.5,1.0,6.8,25.0,0.0,74.0,0.0,8,8
2022-09-22 17:45:00,7,10.5,1.0,6.8,25.0,0.0,74.0,0.0,8,8
2022-09-22 17:51:00,7,10.5,1.0,6.8,25.0,0.0,74.0,0.0,8,8
2022-09-22 18:02:00,7,10.5,1.0,6.8,25.0,0.0,74.0,0.0,8,8
2022-09-22 18:05:00,7,10.5,1.0,6.8,25.0,0.0,74.0,0.0,8,8
2022-09-22 18:12:00,7,10.5,1.0,6.8,25.0,0.0,74.0,0.0,8,8
2022-09-22 18:15:00,7,10.5,1.0,6.8,25.0,0.0,74.0,0.0,8,8
2022-09-22 18:22:00,8,10.5,1.0,6.8,25.0,0.0,74.0,0.0,8,8
2022-09-22 18:25:00,8,10.5,1.0,6.8,25.0,0.0,74.0,0.0,8,8
2022-09-22 18:32:00,8,9.6,0.0,5.8,40.0,0.0,75.0,0.0,8,8
2022-09-22 18:35:00,8,9.6,0.0,5.8,40.0,0.0,75.0,0.0,8,8
2022-09-22 18:42:00,8,9.6,0.0,5.8,40.0,0.0,75.0,0.0,8,8
2022-09-22 18:45:00,8,9.6,0.0,5.8,40.0,0.0,75.0,0.0,8,8
2022-09-22 18:52:00,8,9.6,0.0,5.8,40.0,0.0,75.0,0.0,8,8
2022-09-22 18:55:00,8,9.6,0.0,5.8,40.0,0.0,75.0,0.0,8,8
2022-09-22 19:02:00,8,9.6,0.0,5.8,40.0,0.0,75.0,0.0,8,8
2022-09-22 19:05:00,8,9.6,0.0,5.8,40.0,0.0,75.0,0.0,8,8
2022-09-22 19:11:00,8,9.6,0.0,5.8,40.0,0.0,75.0,0.0,8,8
2022-09-22 19:15:00,8,9.6,0.0,5.8,40.0,0.0,75.0,0.0,8,8
2022-09-22 19:22:00,8,9.6,0.0,5.8,40.0,0.0,75.0,0.0,8,8
2022-09-22 19:25:00,8,9.6,0.0,5.8,40.0,0.0,75.0,0.0,8,8
2022-09-22 19:32:00,8,8.6,0.0,4.7,56.0,0.0,76.0,0.0,8,8
2022-09-22 19:35:00,8,8.6,0.0,4.7,56.0,0.0,76.0,0.0,8,8
2022-09-22 19:42:00,8,8.6,0.0,4.7,56.0,0.0,76.0,0.0,8,8
2022-09-22 19:45:00,8,8.6,0.0,4.7,56.0,0.0,76.0,0.0,8,8
2022-09-22 19:51:00,8,8.6,0.0,4.7,56.0,0.0,76.0,0.0,8,8
2022-09-22 19:55:00,8,8.6,0.0,4.7,56.0,0.0,76.0,0.0,8,8
2022-09-22 20:01:00,8,8.6,0.0,4.7,56.0,0.0,76.0,0.0,8,8
2022-09-22 20:05:00,8,8.6,0.0,4.7,56.0,0.0,76.0,0.0,8,8
2022-09-22 20:12:00,8,8.6,0.0,4.7,56.0,0.0,76.0,0.0,8,8
2022-09-22 20:15:00,8,8.6,0.0,4.7,56.0,0.0,76.0,0.0,8,8
2022-09-22 20:22:00,8,8.6,0.0,4.7,56.0,0.0,76.0,0.0,8,8
2022-09-22 20:25:00,8,8.6,0.0,4.7,56.0,0.0,76.0,0.0,8,8
2022-09-22 20:32:00,8,8.7,0.0,3.6,71.0,0.0,77.0,0.0,8,8
2022-09-22 20:35:00,8,8.7,0.0,3.6,71.0,0.0,77.0,0.0,8,8
2022-09-22 20:42:00,8,8.7,0.0,3.6,71.0,0.0,77.0,0.0,8,8
2022-09-22 20:45:00,8,8.7,0.0,3.6,71.0,0.0,77.0,0.0,8,8
2022-09-22 20:52:00,8,8.7,0.0,3.6,71.0,0.0,77.0,0.0,8,8
2022-09-22 20:55:00,8,8.7,0.0,3.6,71.0,0.0,77.0,0.0,8,8
2022-09-22 21:02:00,8,8.7,0.0,3.6,71.0,0.0,77.0,0.0,8,8
2022-09-22 21:05:00,8,8.7,0.0,3.6,71.0,0.0,77.0,0.0,8,8
2022-09-22 21:12:00,8,8.7,0.0,3.6,71.0,0.0,77.0,0.0,8,8
2022-09-22 21:15:00,8,8.7,0.0,3.6,71.0,0.0,77.0,0.0,8,8
2022-09-22 21:22:00,8,8.7,0.0,3.6,71.0,0.0,77.0,0.0,8,8
2022-09-22 21:26:00,8,8.7,0.0,3.6,71.0,0.0,77.0,0.0,8,8
2022-09-22 21:35:00,8,8.7,0.0,3.1,62.0,0.0,78.0,0.0,8,8
2022-09-22 21:42:00,8,8.7,0.0,3.1,62.0,0.0,78.0,0.0,8,8
2022-09-22 21:45:00,8,8.7,0.0,3.1,62.0,0.0,78.0,0.0,8,8
2022-09-22 21:55:00,8,8.7,0.0,3.1,62.0,0.0,78.0,0.0,8,8
2022-09-22 22:02:00,8,8.7,0.0,3.1,62.0,0.0,78.0,0.0,8,8
2022-09-22 22:06:00,8,8.7,0.0,3.1,62.0,0.0,78.0,0.0,8,8
2022-09-22 22:12:00,8,8.7,0.0,3.1,62.0,0.0,78.0,0.0,8,8
2022-09-22 22:16:00,8,8.7,0.0,3.1,62.0,0.0,78.0,0.0,8,8
2022-09-22 22:22:00,8,8.7,0.0,3.1,62.0,0.0,78.0,0.0,9,8
2022-09-22 22:26:00,8,8.7,0.0,3.1,62.0,0.0,78.0,0.0,9,8
2022-09-22 22:32:00,8,8.3,0.0,2.6,53.0,0.0,80.0,0.0,9,8
2022-09-22 22:35:00,8,8.3,0.0,2.6,53.0,0.0,80.0,0.0,9,8
2022-09-22 22:45:00,8,8.3,0.0,2.6,53.0,0.0,80.0,0.0,9,8
2022-09-22 22:52:00,8,8.3,0.0,2.6,53.0,0.0,80.0,0.0,9,8
2022-09-22 22:55:00,8,8.3,0.0,2.6,53.0,0.0,80.0,0.0,9,8
2022-09-22 23:02:00,8,8.3,0.0,2.6,53.0,0.0,80.0,0.0,9,8
2022-09-22 23:06:00,8,8.3,0.0,2.6,53.0,0.0,80.0,0.0,9,8
2022-09-22 23:12:00,8,8.3,0.0,2.6,53.0,0.0,80.0,0.0,9,8
2022-09-22 23:15:00,8,8.3,0.0,2.6,53.0,0.0,80.0,0.0,9,8
2022-09-22 23:25:00,8,8.3,0.0,2.6,53.0,0.0,80.0,0.0,9,9
2022-09-22 23:32:00,8,8.3,0.0,2.6,53.0,0.0,80.0,0.0,9,9
2022-09-22 23:36:00,8,8.3,0.0,2.6,53.0,0.0,80.0,0.0,9,9
2022-09-22 23:42:00,8,8.3,0.0,2.6,53.0,0.0,80.0,0.0,9,9
2022-09-22 23:46:00,8,8.3,0.0,2.6,53.0,0.0,80.0,0.0,9,9
2022-09-22 23:52:00,8,8.3,0.0,2.6,53.0,0.0,80.0,0.0,9,9
2022-09-22 23:56:00,8,8.3,0.0,2.6,53.0,0.0,80.0,0.0,9,9
2022-09-23 00:02:00,8,8.0,0.0,2.2,43.0,0.0,81.0,0.0,9,9
2022-09-23 00:06:00,8,8.0,0.0,2.2,43.0,0.0,81.0,0.0,9,9
2022-09-23 00:12:00,8,8.0,0.0,2.2,43.0,0.0,81.0,0.0,9,9
2022-09-23 00:16:00,8,8.0,0.0,2.2,43.0,0.0,81.0,0.0,9,9
2022-09-23 00:22:00,9,8.0,0.0,2.2,43.0,0.0,81.0,0.0,9,9
2022-09-23 00:26:00,9,8.0,0.0,2.2,43.0,0.0,81.0,0.0,9,9
2022-09-23 00:32:00,9,8.1,0.0,2.4,39.0,0.0,81.0,0.0,9,9
2022-09-23 00:36:00,9,8.1,0.0,2.4,39.0,0.0,81.0,0.0,9,9
2022-09-23 00:42:00,9,8.1,0.0,2.4,39.0,0.0,81.0,0.0,9,9
2022-09-23 00:46:00,9,8.1,0.0,2.4,39.0,0.0,81.0,0.0,9,9
2022-09-23 00:56:00,9,8.1,0.0,2.4,39.0,0.0,81.0,0.0,9,9
2022-09-23 01:02:00,9,8.1,0.0,2.4,39.0,0.0,81.0,0.0,9,9
2022-09-23 01:06:00,9,8.1,0.0,2.4,39.0,0.0,81.0,0.0,9,9
2022-09-23 01:12:00,9,8.1,0.0,2.4,39.0,0.0,81.0,0.0,9,9
2022-09-23 01:16:00,9,8.1,0.0,2.4,39.0,0.0,81.0,0.0,9,9
2022-09-23 01:22:00,9,8.1,0.0,2.4,39.0,0.0,81.0,0.0,9,9
2022-09-23 01:25:00,9,8.1,0.0,2.4,39.0,0.0,81.0,0.0,9,9
2022-09-23 01:32:00,9,7.4,0.0,2.6,34.0,0.0,80.0,0.0,9,9
2022-09-23 01:35:00,9,7.4,0.0,2.6,34.0,0.0,80.0,0.0,9,9
2022-09-23 01:42:00,9,7.4,0.0,2.6,34.0,0.0,80.0,0.0,9,9
2022-09-23 01:45:00,9,7.4,0.0,2.6,34.0,0.0,80.0,0.0,9,9
2022-09-23 01:52:00,9,7.4,0.0,2.6,34.0,0.0,80.0,0.0,9,9
2022-09-23 01:56:00,9,7.4,0.0,2.6,34.0,0.0,80.0,0.0,9,9
2022-09-23 02:02:00,9,7.4,0.0,2.6,34.0,0.0,80.0,0.0,9,9
2022-09-23 02:12:00,9,7.4,0.0,2.6,34.0,0.0,80.0,0.0,9,9
2022-09-23 02:16:00,9,7.4,0.0,2.6,34.0,0.0,80.0,0.0,9,9
2022-09-23 02:26:00,9,7.4,0.0,2.6,34.0,0.0,80.0,0.0,9,9
2022-09-23 02:32:00,9,8.1,0.0,2.9,30.0,0.0,80.0,0.0,9,9
2022-09-23 02:36:00,9,8.1,0.0,2.9,30.0,0.0,80.0,0.0,9,9
2022-09-23 02:42:00,9,8.1,0.0,2.9,30.0,0.0,80.0,0.0,9,9
2022-09-23 02:46:00,9,8.1,0.0,2.9,30.0,0.0,80.0,0.0,9,9
2022-09-23 02:56:00,9,8.1,0.0,2.9,30.0,0.0,80.0,0.0,9,9
2022-09-23 03:02:00,9,8.1,0.0,2.9,30.0,0.0,80.0,0.0,9,9
2022-09-23 03:06:00,9,8.1,0.0,2.9,30.0,0.0,80.0,0.0,9,9
2022-09-23 03:12:00,9,8.1,0.0,2.9,30.0,0.0,80.0,0.0,9,9
2022-09-23 03:16:00,9,8.1,0.0,2.9,30.0,0.0,80.0,0.0,9,9
2022-09-23 03:26:00,9,8.1,0.0,2.9,30.0,0.0,80.0,0.0,9,9
2022-09-23 03:32:00,9,7.2,0.0,2.6,27.0,0.0,84.0,0.0,9,9
2022-09-23 03:36:00,9,7.2,0.0,2.6,27.0,0.0,84.0,0.0,9,9
2022-09-23 03:42:00,9,7.2,0.0,2.6,27.0,0.0,84.0,0.0,9,9
2022-09-23 03:46:00,9,7.2,0.0,2.6,27.0,0.0,84.0,0.0,9,9
2022-09-23 03:52:00,9,7.2,0.0,2.6,27.0,0.0,84.0,0.0,9,9
2022-09-23 03:56:00,9,7.2,0.0,2.6,27.0,0.0,84.0,0.0,9,9
2022-09-23 04:06:00,9,7.2,0.0,2.6,27.0,0.0,84.0,0.0,9,9
2022-09-23 04:13:00,9,7.2,0.0,2.6,27.0,0.0,84.0,0.0,9,9
2022-09-23 04:16:00,9,7.2,0.0,2.6,27.0,0.0,84.0,0.0,9,9
2022-09-23 04:22:00,9,7.2,0.0,2.6,27.0,0.0,84.0,0.0,9,9
2022-09-23 04:26:00,9,7.2,0.0,2.6,27.0,0.0,84.0,0.0,9,9
2022-09-23 04:32:00,9,6.3,0.0,2.4,24.0,0.0,88.0,0.0,9,9
2022-09-23 04:36:00,9,6.3,0.0,2.4,24.0,0.0,88.0,0.0,9,9
2022-09-23 04:42:00,9,6.3,0.0,2.4,24.0,0.0,88.0,0.0,9,9
2022-09-23 04:46:00,9,6.3,0.0,2.4,24.0,0.0,88.0,0.0,9,9
2022-09-23 04:56:00,9,6.3,0.0,2.4,24.0,0.0,88.0,0.0,9,9
2022-09-23 05:02:00,9,6.3,0.0,2.4,24.0,0.0,88.0,0.0,9,9
2022-09-23 05:06:00,9,6.3,0.0,2.4,24.0,0.0,88.0,0.0,9,9
2022-09-23 05:12:00,9,6.3,0.0,2.4,24.0,0.0,88.0,0.0,9,9
2022-09-23 05:16:00,9,6.3,0.0,2.4,24.0,0.0,88.0,0.0,8,9
2022-09-23 05:22:00,9,6.3,0.0,2.4,24.0,0.0,88.0,0.0,8,9
2022-09-23 05:26:00,9,6.3,0.0,2.4,24.0,0.0,88.0,0.0,8,9
2022-09-23 05:36:00,9,5.4,0.0,2.2,21.0,0.0,91.0,0.0,8,9
2022-09-23 05:42:00,9,5.4,0.0,2.2,21.0,0.0,91.0,0.0,8,9
2022-09-23 05:46:00,9,5.4,0.0,2.2,21.0,0.0,91.0,0.0,8,9
2022-09-23 05:52:00,9,5.4,0.0,2.2,21.0,0.0,91.0,0.0,8,9
2022-09-23 06:02:00,9,5.4,0.0,2.2,21.0,0.0,91.0,0.0,8,9
2022-09-23 06:06:00,9,5.4,0.0,2.2,21.0,0.0,91.0,0.0,8,9
2022-09-23 06:12:00,9,5.4,0.0,2.2,21.0,0.0,91.0,0.0,8,9
2022-09-23 06:16:00,9,5.4,0.0,2.2,21.0,0.0,91.0,0.0,8,8
2022-09-23 06:26:00,9,5.4,0.0,2.2,21.0,0.0,91.0,0.0,8,8
2022-09-23 06:32:00,9,7.7,1.0,2.4,16.0,0.0,82.0,0.0,8,8
2022-09-23 06:36:00,9,7.7,1.0,2.4,16.0,0.0,82.0,0.0,8,8
2022-09-23 06:42:00,9,7.7,1.0,2.4,16.0,0.0,82.0,0.0,8,8
2022-09-23 06:46:00,9,7.7,1.0,2.4,16.0,0.0,82.0,0.0,8,8
2022-09-23 06:52:00,9,7.7,1.0,2.4,16.0,0.0,82.0,0.0,8,8
2022-09-23 06:56:00,9,7.7,1.0,2.4,16.0,0.0,82.0,0.0,8,8
2022-09-23 07:02:00,9,7.7,1.0,2.4,16.0,0.0,82.0,0.0,8,8
2022-09-23 07:06:00,9,7.7,1.0,2.4,16.0,0.0,82.0,0.0,8,8
2022-09-23 07:12:00,9,7.7,1.0,2.4,16.0,0.0,82.0,0.0,8,8
2022-09-23 07:16:00,8,7.7,1.0,2.4,16.0,0.0,82.0,0.0,8,8
2022-09-23 07:22:00,8,7.7,1.0,2.4,16.0,0.0,82.0,0.0,8,8
2022-09-23 07:26:00,8,7.7,1.0,2.4,16.0,0.0,82.0,0.0,8,8
2022-09-23 07:32:00,8,10.0,1.0,2.6,12.0,0.0,72.0,0.0,8,8
2022-09-23 07:42:00,8,10.0,1.0,2.6,12.0,0.0,72.0,0.0,8,8
2022-09-23 07:52:00,8,10.0,1.0,2.6,12.0,0.0,72.0,0.0,8,8
2022-09-23 07:56:00,8,10.0,1.0,2.6,12.0,0.0,72.0,0.0,8,8
2022-09-23 08:02:00,8,10.0,1.0,2.6,12.0,0.0,72.0,0.0,8,8
2022-09-23 08:06:00,8,10.0,1.0,2.6,12.0,0.0,72.0,0.0,7,8
2022-09-23 08:12:00,8,10.0,1.0,2.6,12.0,0.0,72.0,0.0,7,8
2022-09-23 08:16:00,8,10.0,1.0,2.6,12.0,0.0,72.0,0.0,7,8
2022-09-23 08:22:00,8,10.0,1.0,2.6,12.0,0.0,72.0,0.0,7,8
2022-09-23 08:26:00,8,10.0,1.0,2.6,12.0,0.0,72.0,0.0,7,8
2022-09-23 08:33:00,8,12.3,1.0,2.9,8.0,0.0,63.0,0.0,7,8
2022-09-23 08:36:00,8,12.3,1.0,2.9,8.0,0.0,63.0,0.0,7,8
2022-09-23 08:42:00,8,12.3,1.0,2.9,8.0,0.0,63.0,0.0,7,8
2022-09-23 08:46:00,8,12.3,1.0,2.9,8.0,0.0,63.0,0.0,7,8
2022-09-23 08:56:00,8,12.3,1.0,2.9,8.0,0.0,63.0,0.0,7,8
2022-09-23 09:02:00,8,12.3,1.0,2.9,8.0,0.0,63.0,0.0,7,8
2022-09-23 09:06:00,8,12.3,1.0,2.9,8.0,0.0,63.0,0.0,7,7
2022-09-23 09:12:00,8,12.3,1.0,2.9,8.0,0.0,63.0,0.0,7,7
2022-09-23 09:16:00,8,12.3,1.0,2.9,8.0,0.0,63.0,0.0,7,7
2022-09-23 09:26:00,8,12.3,1.0,2.9,8.0,0.0,63.0,0.0,7,7
2022-09-23 09:33:00,8,13.5,1.0,3.5,9.0,0.0,58.0,0.0,7,7
2022-09-23 09:36:00,8,13.5,1.0,3.5,9.0,0.0,58.0,0.0,7,7
2022-09-23 09:42:00,8,13.5,1.0,3.5,9.0,0.0,58.0,0.0,7,7
2022-09-23 09:46:00,8,13.5,1.0,3.5,9.0,0.0,58.0,0.0,7,7
2022-09-23 09:56:00,8,13.5,1.0,3.5,9.0,0.0,58.0,0.0,7,7
2022-09-23 10:02:00,8,13.5,1.0,3.5,9.0,0.0,58.0,0.0,7,7
2022-09-23 10:06:00,7,13.5,1.0,3.5,9.0,0.0,58.0,0.0,7,7
2022-09-23 10:12:00,7,13.5,1.0,3.5,9.0,0.0,58.0,0.0,7,7
2022-09-23 10:16:00,7,13.5,1.0,3.5,9.0,0.0,58.0,0.0,9,7
2022-09-23 10:26:00,7,13.5,1.0,3.5,9.0,0.0,58.0,0.0,9,7
2022-09-23 10:33:00,7,14.8,1.0,4.1,11.0,0.0,54.0,0.0,10,7
2022-09-23 10:36:00,7,14.8,1.0,4.1,11.0,0.0,54.0,0.0,10,7
2022-09-23 10:42:00,7,14.8,1.0,4.1,11.0,0.0,54.0,0.0,10,7
2022-09-23 10:46:00,7,14.8,1.0,4.1,11.0,0.0,54.0,0.0,10,7
2022-09-23 10:56:00,7,14.8,1.0,4.1,11.0,0.0,54.0,0.0,10,7
2022-09-23 11:03:00,7,14.8,1.0,4.1,11.0,0.0,54.0,0.0,10,7
2022-09-23 11:06:00,7,14.8,1.0,4.1,11.0,0.0,54.0,0.0,10,7
2022-09-23 11:12:00,7,14.8,1.0,4.1,11.0,0.0,54.0,0.0,10,7
2022-09-23 11:16:00,7,14.8,1.0,4.1,11.0,0.0,54.0,0.0,10,9
2022-09-23 11:22:00,7,14.8,1.0,4.1,11.0,0.0,54.0,0.0,10,9
2022-09-23 11:26:00,7,14.8,1.0,4.1,11.0,0.0,54.0,0.0,10,9
2022-09-23 11:32:00,7,16.0,1.0,4.7,12.0,0.0,49.0,0.0,10,10
2022-09-23 11:36:00,7,16.0,1.0,4.7,12.0,0.0,49.0,0.0,10,10
2022-09-23 11:42:00,7,16.0,1.0,4.7,12.0,0.0,49.0,0.0,10,10
2022-09-23 11:46:00,7,16.0,1.0,4.7,12.0,0.0,49.0,0.0,10,10
2022-09-23 11:52:00,7,16.0,1.0,4.7,12.0,0.0,49.0,0.0,10,10
2022-09-23 11:56:00,7,16.0,1.0,4.7,12.0,0.0,49.0,0.0,10,10
2022-09-23 12:03:00,7,16.0,1.0,4.7,12.0,0.0,49.0,0.0,10,10
2022-09-23 12:13:00,7,16.0,1.0,4.7,12.0,0.0,49.0,0.0,10,10
2022-09-23 12:16:00,9,16.0,1.0,4.7,12.0,0.0,49.0,0.0,10,10
2022-09-23 12:22:00,9,16.0,1.0,4.7,12.0,0.0,49.0,0.0,10,10
2022-09-23 12:26:00,9,16.0,1.0,4.7,12.0,0.0,49.0,0.0,10,10
2022-09-23 12:32:00,10,15.4,1.0,4.4,16.0,0.0,48.0,0.0,9,9
2022-09-25 02:38:00,8,11.9,0.0,2.2,100.0,0.5,99.0,0.0,10,9
2022-09-25 02:44:00,8,11.9,0.0,2.2,100.0,0.5,99.0,0.0,10,9
2022-09-25 02:48:00,8,11.9,0.0,2.2,100.0,0.5,99.0,0.0,10,9
2022-09-25 02:55:00,8,11.9,0.0,2.2,100.0,0.5,99.0,0.0,10,9
2022-09-25 02:58:00,8,11.9,0.0,2.2,100.0,0.5,99.0,0.0,10,9
2022-09-25 03:04:00,8,11.9,0.0,2.2,100.0,0.5,99.0,0.0,10,9
2022-09-25 03:08:00,8,11.9,0.0,2.2,100.0,0.5,99.0,0.0,10,9
2022-09-25 03:14:00,9,11.9,0.0,2.2,100.0,0.5,99.0,0.0,10,9
2022-09-25 03:18:00,9,11.9,0.0,2.2,100.0,0.5,99.0,0.0,10,9
2022-09-25 03:24:00,9,11.9,0.0,2.2,100.0,0.5,99.0,0.0,10,9
2022-09-25 03:28:00,9,11.9,0.0,2.2,100.0,0.5,99.0,0.0,10,9
2022-09-25 03:34:00,9,11.8,0.0,2.8,100.0,0.5,99.0,0.0,10,10
2022-09-25 03:38:00,9,11.8,0.0,2.8,100.0,0.5,99.0,0.0,10,10
2022-09-25 03:44:00,9,11.8,0.0,2.8,100.0,0.5,99.0,0.0,10,10
2022-09-25 03:48:00,9,11.8,0.0,2.8,100.0,0.5,99.0,0.0,10,10
2022-09-25 03:55:00,9,11.8,0.0,2.8,100.0,0.5,99.0,0.0,10,10
2022-09-25 03:58:00,9,11.8,0.0,2.8,100.0,0.5,99.0,0.0,10,10
2022-09-25 04:05:00,9,11.8,0.0,2.8,100.0,0.5,99.0,0.0,10,10
2022-09-25 04:08:00,9,11.8,0.0,2.8,100.0,0.5,99.0,0.0,10,10
2022-09-25 04:14:00,9,11.8,0.0,2.8,100.0,0.5,99.0,0.0,10,10
2022-09-25 04:18:00,9,11.8,0.0,2.8,100.0,0.5,99.0,0.0,10,10
2022-09-25 04:24:00,9,11.8,0.0,2.8,100.0,0.5,99.0,0.0,10,10
2022-09-25 04:28:00,9,11.8,0.0,2.8,100.0,0.5,99.0,0.0,10,10
2022-09-25 04:35:00,10,11.7,0.0,3.4,100.0,0.4,99.0,0.0,10,10
2022-09-25 04:38:00,10,11.7,0.0,3.4,100.0,0.4,99.0,0.0,10,10
2022-09-25 04:44:00,10,11.7,0.0,3.4,100.0,0.4,99.0,0.0,10,10
2022-09-25 04:48:00,10,11.7,0.0,3.4,100.0,0.4,99.0,0.0,10,10
2022-09-25 04:55:00,10,11.7,0.0,3.4,100.0,0.4,99.0,0.0,10,10
2022-09-25 04:58:00,10,11.7,0.0,3.4,100.0,0.4,99.0,0.0,10,10
2022-09-25 05:04:00,10,11.7,0.0,3.4,100.0,0.4,99.0,0.0,10,10
2022-09-25 05:08:00,10,11.7,0.0,3.4,100.0,0.4,99.0,0.0,10,10
2022-09-25 05:14:00,10,11.7,0.0,3.4,100.0,0.4,99.0,0.0,10,10
2022-09-25 05:18:00,10,11.7,0.0,3.4,100.0,0.4,99.0,0.0,10,10
2022-09-25 05:24:00,10,11.7,0.0,3.4,100.0,0.4,99.0,0.0,10,10
2022-09-25 05:28:00,10,11.7,0.0,3.4,100.0,0.4,99.0,0.0,10,10
2022-09-25 05:35:00,10,11.6,0.0,4.0,100.0,1.2,99.0,0.0,10,10
2022-09-25 05:38:00,10,11.6,0.0,4.0,100.0,1.2,99.0,0.0,10,10
2022-09-25 05:45:00,10,11.6,0.0,4.0,100.0,1.2,99.0,0.0,10,10
2022-09-25 05:48:00,10,11.6,0.0,4.0,100.0,1.2,99.0,0.0,10,10
2022-09-25 05:55:00,10,11.6,0.0,4.0,100.0,1.2,99.0,0.0,10,10
2022-09-25 05:58:00,10,11.6,0.0,4.0,100.0,1.2,99.0,0.0,10,10
2022-09-25 06:04:00,10,11.6,0.0,4.0,100.0,1.2,99.0,0.0,10,10
2022-09-25 06:09:00,10,11.6,0.0,4.0,100.0,1.2,99.0,0.0,10,10
2022-09-25 06:15:00,10,11.6,0.0,4.0,100.0,1.2,99.0,0.0,10,10
2022-09-25 06:19:00,10,11.6,0.0,4.0,100.0,1.2,99.0,0.0,10,10
2022-09-25 06:25:00,10,11.6,0.0,4.0,100.0,1.2,99.0,0.0,10,10
2022-09-25 06:29:00,10,11.6,0.0,4.0,100.0,1.2,99.0,0.0,10,10
2022-09-25 06:35:00,10,11.7,1.0,3.7,100.0,0.7,98.0,0.0,10,10
2022-09-25 06:38:00,10,11.7,1.0,3.7,100.0,0.7,98.0,0.0,10,10
2022-09-25 06:45:00,10,11.7,1.0,3.7,100.0,0.7,98.0,0.0,10,10
2022-09-25 06:49:00,10,11.7,1.0,3.7,100.0,0.7,98.0,0.0,10,10
2022-09-25 06:55:00,10,11.7,1.0,3.7,100.0,0.7,98.0,0.0,10,10
2022-09-25 06:58:00,10,11.7,1.0,3.7,100.0,0.7,98.0,0.0,10,10
2022-09-25 07:05:00,10,11.7,1.0,3.7,100.0,0.7,98.0,0.0,10,10
2022-09-25 07:08:00,10,11.7,1.0,3.7,100.0,0.7,98.0,0.0,10,10
2022-09-25 07:15:00,10,11.7,1.0,3.7,100.0,0.7,98.0,0.0,10,10
2022-09-25 07:18:00,10,11.7,1.0,3.7,100.0,0.7,98.0,0.0,10,10
2022-09-25 07:24:00,10,11.7,1.0,3.7,100.0,0.7,98.0,0.0,10,10
2022-09-25 07:28:00,10,11.7,1.0,3.7,100.0,0.7,98.0,0.0,10,10
2022-09-25 07:35:00,10,11.8,1.0,3.5,100.0,1.7,98.0,0.0,10,10
2022-09-25 07:38:00,10,11.8,1.0,3.5,100.0,1.7,98.0,0.0,10,10
2022-09-25 07:45:00,10,11.8,1.0,3.5,100.0,1.7,98.0,0.0,10,10
2022-09-25 07:48:00,10,11.8,1.0,3.5,100.0,1.7,98.0,0.0,10,10
2022-09-25 07:54:00,10,11.8,1.0,3.5,100.0,1.7,98.0,0.0,10,10
2022-09-25 07:58:00,10,11.8,1.0,3.5,100.0,1.7,98.0,0.0,10,10
2022-09-25 08:05:00,10,11.8,1.0,3.5,100.0,1.7,98.0,0.0,10,10
2022-09-25 08:08:00,10,11.8,1.0,3.5,100.0,1.7,98.0,0.0,10,10
2022-09-25 08:15:00,10,11.8,1.0,3.5,100.0,1.7,98.0,0.0,10,10
2022-09-25 08:18:00,10,11.8,1.0,3.5,100.0,1.7,98.0,0.0,10,10
2022-09-25 08:25:00,10,11.8,1.0,3.5,100.0,1.7,98.0,0.0,10,10
2022-09-25 08:28:00,10,11.8,1.0,3.5,100.0,1.7,98.0,0.0,10,10
2022-09-25 08:35:00,10,11.9,1.0,3.2,100.0,1.6,98.0,0.0,10,10
2022-09-25 08:38:00,10,11.9,1.0,3.2,100.0,1.6,98.0,0.0,10,10
2022-09-25 08:45:00,10,11.9,1.0,3.2,100.0,1.6,98.0,0.0,10,10
2022-09-25 08:48:00,10,11.9,1.0,3.2,100.0,1.6,98.0,0.0,10,10
2022-09-25 08:55:00,10,11.9,1.0,3.2,100.0,1.6,98.0,0.0,10,10
2022-09-25 08:58:00,10,11.9,1.0,3.2,100.0,1.6,98.0,0.0,10,10
2022-09-25 09:05:00,10,11.9,1.0,3.2,100.0,1.6,98.0,0.0,10,10
2022-09-25 09:08:00,10,11.9,1.0,3.2,100.0,1.6,98.0,0.0,10,10
2022-09-25 09:15:00,10,11.9,1.0,3.2,100.0,1.6,98.0,0.0,10,10
2022-09-25 09:19:00,10,11.9,1.0,3.2,100.0,1.6,98.0,0.0,10,10
2022-09-25 09:25:00,10,11.9,1.0,3.2,100.0,1.6,98.0,0.0,10,10
2022-09-25 09:29:00,10,11.9,1.0,3.2,100.0,1.6,98.0,0.0,10,10
2022-09-25 09:35:00,10,12.1,1.0,3.2,100.0,1.5,97.0,0.0,10,10
2022-09-25 09:38:00,10,12.1,1.0,3.2,100.0,1.5,97.0,0.0,10,10
2022-09-25 09:45:00,10,12.1,1.0,3.2,100.0,1.5,97.0,0.0,10,10
2022-09-25 09:48:00,10,12.1,1.0,3.2,100.0,1.5,97.0,0.0,10,10
2022-09-25 09:55:00,10,12.1,1.0,3.2,100.0,1.5,97.0,0.0,10,10
2022-09-25 09:59:00,10,12.1,1.0,3.2,100.0,1.5,97.0,0.0,10,10
2022-09-25 10:05:00,10,12.1,1.0,3.2,100.0,1.5,97.0,0.0,10,10
2022-09-25 10:09:00,10,12.1,1.0,3.2,100.0,1.5,97.0,0.0,10,10
2022-09-25 10:15:00,10,12.1,1.0,3.2,100.0,1.5,97.0,0.0,10,10
2022-09-25 10:18:00,10,12.1,1.0,3.2,100.0,1.5,97.0,0.0,10,10
2022-09-25 10:25:00,10,12.1,1.0,3.2,100.0,1.5,97.0,0.0,10,10
2022-09-25 10:35:00,10,12.4,1.0,3.2,100.0,0.7,96.0,0.0,10,10
2022-09-25 10:38:00,10,12.4,1.0,3.2,100.0,0.7,96.0,0.0,10,10
2022-09-25 10:45:00,10,12.4,1.0,3.2,100.0,0.7,96.0,0.0,10,10
2022-09-25 10:48:00,10,12.4,1.0,3.2,100.0,0.7,96.0,0.0,10,10
2022-09-25 10:55:00,10,12.4,1.0,3.2,100.0,0.7,96.0,0.0,10,10
2022-09-25 10:58:00,10,12.4,1.0,3.2,100.0,0.7,96.0,0.0,10,10
2022-09-25 11:05:00,10,12.4,1.0,3.2,100.0,0.7,96.0,0.0,10,10
2022-09-25 11:09:00,10,12.4,1.0,3.2,100.0,0.7,96.0,0.0,10,10
2022-09-25 11:15:00,10,12.4,1.0,3.2,100.0,0.7,96.0,0.0,10,10
2022-09-25 11:19:00,10,12.4,1.0,3.2,100.0,0.7,96.0,0.0,10,10
2022-09-25 11:25:00,10,12.4,1.0,3.2,100.0,0.7,96.0,0.0,10,10
2022-09-25 11:29:00,10,12.4,1.0,3.2,100.0,0.7,96.0,0.0,10,10
2022-09-25 11:35:00,10,13.7,1.0,3.2,100.0,0.2,96.0,0.0,10,10
2022-09-25 11:38:00,10,13.7,1.0,3.2,100.0,0.2,96.0,0.0,10,10
2022-09-25 11:45:00,10,13.7,1.0,3.2,100.0,0.2,96.0,0.0,10,10
2022-09-25 11:49:00,10,13.7,1.0,3.2,100.0,0.2,96.0,0.0,10,10
2022-09-25 11:55:00,10,13.7,1.0,3.2,100.0,0.2,96.0,0.0,10,10
2022-09-25 12:05:00,10,13.7,1.0,3.2,100.0,0.2,96.0,0.0,10,10
2022-09-25 12:09:00,10,13.7,1.0,3.2,100.0,0.2,96.0,0.0,10,10
2022-09-25 12:15:00,10,13.7,1.0,3.2,100.0,0.2,96.0,0.0,10,10
2022-09-25 12:19:00,10,13.7,1.0,3.2,100.0,0.2,96.0,0.0,10,10
2022-09-25 12:25:00,10,13.7,1.0,3.2,100.0,0.2,96.0,0.0,10,10
2022-09-25 12:29:00,10,13.7,1.0,3.2,100.0,0.2,96.0,0.0,10,10
2022-09-25 12:35:00,10,13.5,1.0,3.0,100.0,0.6,97.0,0.0,10,10
2022-09-25 12:38:00,10,13.5,1.0,3.0,100.0,0.6,97.0,0.0,10,10
2022-09-25 12:45:00,10,13.5,1.0,3.0,100.0,0.6,97.0,0.0,10,10
2022-09-25 12:49:00,10,13.5,1.0,3.0,100.0,0.6,97.0,0.0,10,10
2022-09-25 12:55:00,10,13.5,1.0,3.0,100.0,0.6,97.0,0.0,10,10
2022-09-25 12:59:00,10,13.5,1.0,3.0,100.0,0.6,97.0,0.0,10,10
2022-09-25 13:05:00,10,13.5,1.0,3.0,100.0,0.6,97.0,0.0,10,10
2022-09-25 13:09:00,10,13.5,1.0,3.0,100.0,0.6,97.0,0.0,10,10
2022-09-25 13:15:00,10,13.5,1.0,3.0,100.0,0.6,97.0,0.0,10,10
2022-09-25 13:19:00,10,13.5,1.0,3.0,100.0,0.6,97.0,0.0,10,10
2022-09-25 13:25:00,10,13.5,1.0,3.0,100.0,0.6,97.0,0.0,10,10
2022-09-25 13:29:00,10,13.5,1.0,3.0,100.0,0.6,97.0,0.0,10,10
2022-09-25 13:36:00,10,13.7,1.0,2.8,100.0,0.6,97.0,0.0,10,10
2022-09-25 13:39:00,10,13.7,1.0,2.8,100.0,0.6,97.0,0.0,10,10
2022-09-25 13:45:00,10,13.7,1.0,2.8,100.0,0.6,97.0,0.0,10,10
2022-09-25 13:49:00,10,13.7,1.0,2.8,100.0,0.6,97.0,0.0,10,10
2022-09-25 13:55:00,10,13.7,1.0,2.8,100.0,0.6,97.0,0.0,10,10
2022-09-25 13:59:00,10,13.7,1.0,2.8,100.0,0.6,97.0,0.0,10,10
2022-09-25 14:05:00,10,13.7,1.0,2.8,100.0,0.6,97.0,0.0,10,10
2022-09-25 14:09:00,10,13.7,1.0,2.8,100.0,0.6,97.0,0.0,10,10
2022-09-25 14:15:00,10,13.7,1.0,2.8,100.0,0.6,97.0,0.0,10,10
2022-09-25 14:19:00,10,13.7,1.0,2.8,100.0,0.6,97.0,0.0,10,10
2022-09-25 14:25:00,10,13.7,1.0,2.8,100.0,0.6,97.0,0.0,10,10
2022-09-25 14:29:00,10,13.7,1.0,2.8,100.0,0.6,97.0,0.0,10,10
2022-09-25 14:35:00,10,13.4,1.0,2.5,100.0,0.0,98.0,0.0,10,10
2022-09-25 14:39:00,10,13.4,1.0,2.5,100.0,0.0,98.0,0.0,10,10
2022-09-25 14:55:00,10,13.4,1.0,2.5,100.0,0.0,98.0,0.0,10,10
2022-09-25 14:59:00,10,13.4,1.0,2.5,100.0,0.0,98.0,0.0,10,10
2022-09-25 15:05:00,10,13.4,1.0,2.5,100.0,0.0,98.0,0.0,10,10
2022-09-25 15:09:00,10,13.4,1.0,2.5,100.0,0.0,98.0,0.0,10,10
2022-09-25 15:15:00,10,13.4,1.0,2.5,100.0,0.0,98.0,0.0,10,10
2022-09-25 15:19:00,10,13.4,1.0,2.5,100.0,0.0,98.0,0.0,10,10
2022-09-25 15:25:00,10,13.4,1.0,2.5,100.0,0.0,98.0,0.0,10,10
2022-09-25 15:29:00,10,13.4,1.0,2.5,100.0,0.0,98.0,0.0,10,10
2022-09-25 15:35:00,10,13.5,1.0,1.9,100.0,0.1,99.0,0.0,10,10
2022-09-25 15:39:00,10,13.5,1.0,1.9,100.0,0.1,99.0,0.0,10,10
2022-09-25 15:45:00,10,13.5,1.0,1.9,100.0,0.1,99.0,0.0,10,10
2022-09-25 15:49:00,10,13.5,1.0,1.9,100.0,0.1,99.0,0.0,10,10
2022-09-25 15:55:00,10,13.5,1.0,1.9,100.0,0.1,99.0,0.0,10,10
2022-09-25 15:59:00,10,13.5,1.0,1.9,100.0,0.1,99.0,0.0,10,10
2022-09-25 16:05:00,10,13.5,1.0,1.9,100.0,0.1,99.0,0.0,10,10
2022-09-25 16:09:00,10,13.5,1.0,1.9,100.0,0.1,99.0,0.0,10,10
2022-09-25 16:15:00,10,13.5,1.0,1.9,100.0,0.1,99.0,0.0,10,10
2022-09-25 16:19:00,10,13.5,1.0,1.9,100.0,0.1,99.0,0.0,10,10
2022-09-25 16:29:00,10,13.5,1.0,1.9,100.0,0.1,99.0,0.0,10,10
2022-09-25 16:35:00,10,13.4,1.0,1.3,100.0,0.1,99.0,0.0,10,10
2022-09-25 16:39:00,10,13.4,1.0,1.3,100.0,0.1,99.0,0.0,10,10
2022-09-25 16:45:00,10,13.4,1.0,1.3,100.0,0.1,99.0,0.0,10,10
2022-09-25 16:49:00,10,13.4,1.0,1.3,100.0,0.1,99.0,0.0,10,10
2022-09-25 16:55:00,10,13.4,1.0,1.3,100.0,0.1,99.0,0.0,10,10
2022-09-25 16:59:00,10,13.4,1.0,1.3,100.0,0.1,99.0,0.0,10,10
2022-09-25 17:05:00,10,13.4,1.0,1.3,100.0,0.1,99.0,0.0,10,10
2022-09-25 17:09:00,10,13.4,1.0,1.3,100.0,0.1,99.0,0.0,10,10
2022-09-25 17:16:00,10,13.4,1.0,1.3,100.0,0.1,99.0,0.0,10,10
2022-09-25 17:19:00,10,13.4,1.0,1.3,100.0,0.1,99.0,0.0,10,10
2022-09-25 17:25:00,10,13.4,1.0,1.3,100.0,0.1,99.0,0.0,10,10
2022-09-25 17:29:00,10,13.4,1.0,1.3,100.0,0.1,99.0,0.0,10,10
2022-09-25 17:35:00,10,12.8,1.0,0.7,100.0,0.2,99.0,0.0,9,10
2022-09-25 17:39:00,10,12.8,1.0,0.7,100.0,0.2,99.0,0.0,9,10
2022-09-25 17:45:00,10,12.8,1.0,0.7,100.0,0.2,99.0,0.0,9,10
2022-09-25 17:49:00,10,12.8,1.0,0.7,100.0,0.2,99.0,0.0,10,10
2022-09-25 17:55:00,10,12.8,1.0,0.7,100.0,0.2,99.0,0.0,10,10
2022-09-25 17:59:00,10,12.8,1.0,0.7,100.0,0.2,99.0,0.0,10,10
2022-09-25 18:06:00,10,12.8,1.0,0.7,100.0,0.2,99.0,0.0,10,10
2022-09-25 18:10:00,10,12.8,1.0,0.7,100.0,0.2,99.0,0.0,10,10
2022-09-25 18:15:00,10,12.8,1.0,0.7,100.0,0.2,99.0,0.0,10,10
2022-09-25 18:19:00,10,12.8,1.0,0.7,100.0,0.2,99.0,0.0,10,10
2022-09-25 18:25:00,10,12.8,1.0,0.7,100.0,0.2,99.0,0.0,10,10
2022-09-25 18:29:00,10,12.8,1.0,0.7,100.0,0.2,99.0,0.0,10,10
2022-09-25 18:35:00,10,12.3,0.0,1.0,100.0,0.8,99.0,0.0,10,9
2022-09-25 18:39:00,10,12.3,0.0,1.0,100.0,0.8,99.0,0.0,10,9
2022-09-25 18:46:00,10,12.3,0.0,1.0,100.0,0.8,99.0,0.0,10,9
2022-09-25 18:49:00,10,12.3,0.0,1.0,100.0,0.8,99.0,0.0,10,10
2022-09-25 18:55:00,10,12.3,0.0,1.0,100.0,0.8,99.0,0.0,10,10
2022-09-25 18:59:00,10,12.3,0.0,1.0,100.0,0.8,99.0,0.0,10,10
2022-09-25 19:06:00,10,12.3,0.0,1.0,100.0,0.8,99.0,0.0,10,10
2022-09-25 19:09:00,10,12.3,0.0,1.0,100.0,0.8,99.0,0.0,10,10
2022-09-25 19:16:00,10,12.3,0.0,1.0,100.0,0.8,99.0,0.0,10,10
2022-09-25 19:26:00,10,12.3,0.0,1.0,100.0,0.8,99.0,0.0,10,10
2022-09-25 19:29:00,10,12.3,0.0,1.0,100.0,0.8,99.0,0.0,10,10
2022-09-25 19:36:00,9,11.6,0.0,1.2,100.0,1.9,99.0,0.0,10,10
2022-09-25 19:39:00,9,11.6,0.0,1.2,100.0,1.9,99.0,0.0,10,10
2022-09-25 19:45:00,9,11.6,0.0,1.2,100.0,1.9,99.0,0.0,10,10
2022-09-25 19:49:00,10,11.6,0.0,1.2,100.0,1.9,99.0,0.0,10,10
2022-09-25 19:55:00,10,11.6,0.0,1.2,100.0,1.9,99.0,0.0,10,10
2022-09-25 19:59:00,10,11.6,0.0,1.2,100.0,1.9,99.0,0.0,10,10
2022-09-25 20:06:00,10,11.6,0.0,1.2,100.0,1.9,99.0,0.0,10,10
2022-09-25 20:09:00,10,11.6,0.0,1.2,100.0,1.9,99.0,0.0,10,10
2022-09-25 20:15:00,10,11.6,0.0,1.2,100.0,1.9,99.0,0.0,10,10
2022-09-25 20:19:00,10,11.6,0.0,1.2,100.0,1.9,99.0,0.0,10,10
2022-09-25 20:26:00,10,11.6,0.0,1.2,100.0,1.9,99.0,0.0,10,10
2022-09-25 20:29:00,10,11.6,0.0,1.2,100.0,1.9,99.0,0.0,10,10
2022-09-25 20:35:00,10,11.2,0.0,1.4,100.0,1.3,99.0,0.0,10,10
2022-09-25 20:39:00,10,11.2,0.0,1.4,100.0,1.3,99.0,0.0,10,10
2022-09-25 20:46:00,10,11.2,0.0,1.4,100.0,1.3,99.0,0.0,10,10
2022-09-25 20:49:00,10,11.2,0.0,1.4,100.0,1.3,99.0,0.0,10,10
2022-09-25 20:56:00,10,11.2,0.0,1.4,100.0,1.3,99.0,0.0,10,10
2022-09-25 20:59:00,10,11.2,0.0,1.4,100.0,1.3,99.0,0.0,10,10
2022-09-25 21:06:00,10,11.2,0.0,1.4,100.0,1.3,99.0,0.0,10,10
2022-09-25 21:09:00,10,11.2,0.0,1.4,100.0,1.3,99.0,0.0,10,10
2022-09-25 21:16:00,10,11.2,0.0,1.4,100.0,1.3,99.0,0.0,12,10
2022-09-25 21:19:00,10,11.2,0.0,1.4,100.0,1.3,99.0,0.0,12,10
2022-09-25 21:26:00,10,11.2,0.0,1.4,100.0,1.3,99.0,0.0,12,10
2022-09-25 21:29:00,10,11.2,0.0,1.4,100.0,1.3,99.0,0.0,12,10
2022-09-25 21:36:00,10,11.6,0.0,1.7,100.0,0.6,99.0,0.0,12,10
2022-09-25 21:39:00,10,11.6,0.0,1.7,100.0,0.6,99.0,0.0,12,10
2022-09-25 21:46:00,10,11.6,0.0,1.7,100.0,0.6,99.0,0.0,12,10
2022-09-25 21:49:00,10,11.6,0.0,1.7,100.0,0.6,99.0,0.0,12,10
2022-09-25 21:56:00,10,11.6,0.0,1.7,100.0,0.6,99.0,0.0,12,10
2022-09-25 21:59:00,10,11.6,0.0,1.7,100.0,0.6,99.0,0.0,12,10
2022-09-25 22:06:00,10,11.6,0.0,1.7,100.0,0.6,99.0,0.0,12,10
2022-09-25 22:09:00,10,11.6,0.0,1.7,100.0,0.6,99.0,0.0,12,10
2022-09-25 22:19:00,10,11.6,0.0,1.7,100.0,0.6,99.0,0.0,12,12
2022-09-25 22:26:00,10,11.6,0.0,1.7,100.0,0.6,99.0,0.0,12,12
2022-09-25 22:29:00,10,11.6,0.0,1.7,100.0,0.6,99.0,0.0,12,12
2022-09-25 22:36:00,10,11.9,0.0,1.9,100.0,0.2,99.0,0.0,12,12
2022-09-25 22:39:00,10,11.9,0.0,1.9,100.0,0.2,99.0,0.0,12,12
2022-09-25 22:46:00,10,11.9,0.0,1.9,100.0,0.2,99.0,0.0,12,12
2022-09-25 22:49:00,10,11.9,0.0,1.9,100.0,0.2,99.0,0.0,12,12
2022-09-25 22:56:00,10,11.9,0.0,1.9,100.0,0.2,99.0,0.0,12,12
2022-09-25 23:00:00,10,11.9,0.0,1.9,100.0,0.2,99.0,0.0,12,12
2022-09-25 23:06:00,10,11.9,0.0,1.9,100.0,0.2,99.0,0.0,12,12
2022-09-25 23:09:00,10,11.9,0.0,1.9,100.0,0.2,99.0,0.0,12,12
2022-09-25 23:16:00,12,11.9,0.0,1.9,100.0,0.2,99.0,0.0,12,12
2022-09-25 23:20:00,12,11.9,0.0,1.9,100.0,0.2,99.0,0.0,12,12
2022-09-25 23:26:00,12,11.9,0.0,1.9,100.0,0.2,99.0,0.0,12,12
2022-09-25 23:29:00,12,11.9,0.0,1.9,100.0,0.2,99.0,0.0,12,12
2022-09-25 23:36:00,12,11.9,0.0,1.9,100.0,0.2,99.0,0.0,12,12
2022-09-25 23:39:00,12,11.9,0.0,1.9,100.0,0.2,99.0,0.0,12,12
2022-09-25 23:46:00,12,11.9,0.0,1.9,100.0,0.2,99.0,0.0,12,12
2022-09-25 23:49:00,12,11.9,0.0,1.9,100.0,0.2,99.0,0.0,12,12
2022-09-25 23:56:00,12,11.9,0.0,1.9,100.0,0.2,99.0,0.0,12,12
2022-09-25 23:59:00,12,11.9,0.0,1.9,100.0,0.2,99.0,0.0,12,12
2022-09-26 00:06:00,12,11.2,0.0,2.2,100.0,0.5,99.0,0.0,12,12
2022-09-26 00:09:00,12,11.2,0.0,2.2,100.0,0.5,99.0,0.0,12,12
2022-09-26 00:16:00,12,11.2,0.0,2.2,100.0,0.5,99.0,0.0,12,12
2022-09-26 00:20:00,12,11.2,0.0,2.2,100.0,0.5,99.0,0.0,12,12
2022-09-26 00:26:00,12,11.2,0.0,2.2,100.0,0.5,99.0,0.0,12,12
2022-09-26 00:30:00,12,11.2,0.0,2.2,100.0,0.5,99.0,0.0,12,12
2022-09-26 00:36:00,12,11.3,0.0,2.0,100.0,1.1,98.0,0.0,12,12
2022-09-26 00:40:00,12,11.3,0.0,2.0,100.0,1.1,98.0,0.0,12,12
2022-09-26 00:46:00,12,11.3,0.0,2.0,100.0,1.1,98.0,0.0,12,12
2022-09-26 00:49:00,12,11.3,0.0,2.0,100.0,1.1,98.0,0.0,12,12
2022-09-26 00:56:00,12,11.3,0.0,2.0,100.0,1.1,98.0,0.0,12,12
2022-09-26 00:59:00,12,11.3,0.0,2.0,100.0,1.1,98.0,0.0,12,12
2022-09-26 01:06:00,12,11.3,0.0,2.0,100.0,1.1,98.0,0.0,12,12
2022-09-26 01:10:00,12,11.3,0.0,2.0,100.0,1.1,98.0,0.0,12,12
2022-09-26 01:16:00,12,11.3,0.0,2.0,100.0,1.1,98.0,0.0,12,12
2022-09-26 01:19:00,12,11.3,0.0,2.0,100.0,1.1,98.0,0.0,12,12
2022-09-26 01:29:00,12,11.3,0.0,2.0,100.0,1.1,98.0,0.0,12,12
2022-09-26 01:36:00,12,11.5,0.0,1.9,100.0,1.4,98.0,0.0,12,12
2022-09-26 01:39:00,12,11.5,0.0,1.9,100.0,1.4,98.0,0.0,12,12
2022-09-26 01:46:00,12,11.5,0.0,1.9,100.0,1.4,98.0,0.0,12,12
2022-09-26 01:49:00,12,11.5,0.0,1.9,100.0,1.4,98.0,0.0,12,12
2022-09-26 01:56:00,12,11.5,0.0,1.9,100.0,1.4,98.0,0.0,12,12
2022-09-26 02:00:00,12,11.5,0.0,1.9,100.0,1.4,98.0,0.0,12,12
2022-09-26 02:06:00,12,11.5,0.0,1.9,100.0,1.4,98.0,0.0,12,12
2022-09-26 02:09:00,12,11.5,0.0,1.9,100.0,1.4,98.0,0.0,12,12
2022-09-26 02:17:00,12,11.5,0.0,1.9,100.0,1.4,98.0,0.0,12,12
2022-09-26 02:21:00,12,11.5,0.0,1.9,100.0,1.4,98.0,0.0,12,12
2022-09-26 02:26:00,12,11.5,0.0,1.9,100.0,1.4,98.0,0.0,12,12
2022-09-26 02:30:00,12,11.5,0.0,1.9,100.0,1.4,98.0,0.0,12,12
2022-09-26 02:36:00,12,11.6,0.0,1.8,100.0,1.1,98.0,0.0,12,12
2022-09-26 02:39:00,12,11.6,0.0,1.8,100.0,1.1,98.0,0.0,12,12
2022-09-26 02:46:00,12,11.6,0.0,1.8,100.0,1.1,98.0,0.0,12,12
2022-09-26 02:49:00,12,11.6,0.0,1.8,100.0,1.1,98.0,0.0,12,12
2022-09-26 02:59:00,12,11.6,0.0,1.8,100.0,1.1,98.0,0.0,12,12
2022-09-26 03:06:00,12,11.6,0.0,1.8,100.0,1.1,98.0,0.0,12,12
2022-09-26 03:10:00,12,11.6,0.0,1.8,100.0,1.1,98.0,0.0,12,12
2022-09-26 03:20:00,12,11.6,0.0,1.8,100.0,1.1,98.0,0.0,12,12
2022-09-26 03:26:00,12,11.6,0.0,1.8,100.0,1.1,98.0,0.0,12,12
2022-09-26 03:29:00,12,11.6,0.0,1.8,100.0,1.1,98.0,0.0,12,12
2022-09-26 03:36:00,12,11.4,0.0,1.8,100.0,1.0,98.0,0.0,12,12
2022-09-26 03:39:00,12,11.4,0.0,1.8,100.0,1.0,98.0,0.0,12,12
2022-09-26 03:46:00,12,11.4,0.0,1.8,100.0,1.0,98.0,0.0,12,12
2022-09-26 03:49:00,12,11.4,0.0,1.8,100.0,1.0,98.0,0.0,12,12
2022-09-26 03:56:00,12,11.4,0.0,1.8,100.0,1.0,98.0,0.0,12,12
2022-09-26 03:59:00,12,11.4,0.0,1.8,100.0,1.0,98.0,0.0,12,12
2022-09-26 04:06:00,12,11.4,0.0,1.8,100.0,1.0,98.0,0.0,12,12
2022-09-26 04:10:00,12,11.4,0.0,1.8,100.0,1.0,98.0,0.0,12,12
2022-09-26 04:19:00,12,11.4,0.0,1.8,100.0,1.0,98.0,0.0,12,12
2022-09-26 04:26:00,12,11.4,0.0,1.8,100.0,1.0,98.0,0.0,12,12
2022-09-26 04:29:00,12,11.4,0.0,1.8,100.0,1.0,98.0,0.0,12,12
2022-09-26 04:36:00,12,11.2,0.0,1.8,100.0,0.2,98.0,0.0,12,12
2022-09-26 04:40:00,12,11.2,0.0,1.8,100.0,0.2,98.0,0.0,12,12
2022-09-26 04:46:00,12,11.2,0.0,1.8,100.0,0.2,98.0,0.0,12,12
2022-09-26 04:49:00,12,11.2,0.0,1.8,100.0,0.2,98.0,0.0,12,12
2022-09-26 04:56:00,12,11.2,0.0,1.8,100.0,0.2,98.0,0.0,12,12
2022-09-26 04:59:00,12,11.2,0.0,1.8,100.0,0.2,98.0,0.0,12,12
2022-09-26 05:06:00,12,11.2,0.0,1.8,100.0,0.2,98.0,0.0,12,12
2022-09-26 05:10:00,12,11.2,0.0,1.8,100.0,0.2,98.0,0.0,12,12
2022-09-26 05:19:00,12,11.2,0.0,1.8,100.0,0.2,98.0,0.0,12,12
2022-09-26 05:26:00,12,11.2,0.0,1.8,100.0,0.2,98.0,0.0,12,12
2022-09-26 05:30:00,12,11.2,0.0,1.8,100.0,0.2,98.0,0.0,12,12
2022-09-26 05:36:00,12,11.0,0.0,1.8,100.0,0.0,98.0,0.0,12,12
2022-09-26 05:39:00,12,11.0,0.0,1.8,100.0,0.0,98.0,0.0,12,12
2022-09-26 05:46:00,12,11.0,0.0,1.8,100.0,0.0,98.0,0.0,12,12
2022-09-26 05:49:00,12,11.0,0.0,1.8,100.0,0.0,98.0,0.0,12,12
2022-09-26 05:56:00,12,11.0,0.0,1.8,100.0,0.0,98.0,0.0,12,12
2022-09-26 05:59:00,12,11.0,0.0,1.8,100.0,0.0,98.0,0.0,12,12
2022-09-26 06:06:00,12,11.0,0.0,1.8,100.0,0.0,98.0,0.0,12,12
2022-09-27 20:12:00,16,10.3,0.0,4.4,94.0,1.0,98.0,0.0,17,16
2022-09-27 20:18:00,16,10.3,0.0,4.4,94.0,1.0,98.0,0.0,17,16
2022-09-27 20:21:00,16,10.3,0.0,4.4,94.0,1.0,98.0,0.0,17,16
2022-09-27 20:32:00,16,10.2,0.0,4.7,100.0,0.6,98.0,0.0,17,17
2022-09-27 20:38:00,16,10.2,0.0,4.7,100.0,0.6,98.0,0.0,17,17
2022-09-27 20:42:00,16,10.2,0.0,4.7,100.0,0.6,98.0,0.0,17,17
2022-09-27 20:48:00,16,10.2,0.0,4.7,100.0,0.6,98.0,0.0,17,17
2022-09-27 20:52:00,16,10.2,0.0,4.7,100.0,0.6,98.0,0.0,17,17
2022-09-27 20:58:00,16,10.2,0.0,4.7,100.0,0.6,98.0,0.0,17,17
2022-09-27 21:02:00,16,10.2,0.0,4.7,100.0,0.6,98.0,0.0,17,17
2022-09-27 21:08:00,16,10.2,0.0,4.7,100.0,0.6,98.0,0.0,17,17
2022-09-27 21:12:00,16,10.2,0.0,4.7,100.0,0.6,98.0,0.0,17,17
2022-09-27 21:18:00,16,10.2,0.0,4.7,100.0,0.6,98.0,0.0,17,17
2022-09-27 21:22:00,16,10.2,0.0,4.7,100.0,0.6,98.0,0.0,17,17
2022-09-27 21:28:00,17,10.2,0.0,4.7,100.0,0.6,98.0,0.0,17,17
2022-09-27 21:32:00,17,9.8,0.0,4.6,100.0,0.5,98.0,0.0,17,17
2022-09-27 21:38:00,17,9.8,0.0,4.6,100.0,0.5,98.0,0.0,17,17
2022-09-27 21:42:00,17,9.8,0.0,4.6,100.0,0.5,98.0,0.0,17,17
2022-09-27 21:48:00,17,9.8,0.0,4.6,100.0,0.5,98.0,0.0,17,17
2022-09-27 21:52:00,17,9.8,0.0,4.6,100.0,0.5,98.0,0.0,17,17
2022-09-27 22:02:00,17,9.8,0.0,4.6,100.0,0.5,98.0,0.0,17,17
2022-09-27 22:09:00,17,9.8,0.0,4.6,100.0,0.5,98.0,0.0,17,17
2022-09-27 22:12:00,17,9.8,0.0,4.6,100.0,0.5,98.0,0.0,17,17
2022-09-27 22:18:00,17,9.8,0.0,4.6,100.0,0.5,98.0,0.0,17,17
2022-09-27 22:22:00,17,9.8,0.0,4.6,100.0,0.5,98.0,0.0,17,17
2022-09-27 22:32:00,17,9.4,0.0,4.4,100.0,0.5,98.0,0.0,17,17
2022-09-27 22:38:00,17,9.4,0.0,4.4,100.0,0.5,98.0,0.0,18,17
2022-09-27 22:42:00,17,9.4,0.0,4.4,100.0,0.5,98.0,0.0,18,17
2022-09-27 22:48:00,17,9.4,0.0,4.4,100.0,0.5,98.0,0.0,18,17
2022-09-27 22:52:00,17,9.4,0.0,4.4,100.0,0.5,98.0,0.0,18,17
2022-09-27 22:58:00,17,9.4,0.0,4.4,100.0,0.5,98.0,0.0,18,17
2022-09-27 23:02:00,17,9.4,0.0,4.4,100.0,0.5,98.0,0.0,18,17
2022-09-27 23:08:00,17,9.4,0.0,4.4,100.0,0.5,98.0,0.0,18,17
2022-09-27 23:18:00,17,9.4,0.0,4.4,100.0,0.5,98.0,0.0,18,17
2022-09-27 23:22:00,17,9.4,0.0,4.4,100.0,0.5,98.0,0.0,18,17
2022-09-27 23:32:00,17,9.4,0.0,4.4,100.0,0.5,98.0,0.0,18,17
2022-09-27 23:38:00,17,9.4,0.0,4.4,100.0,0.5,98.0,0.0,19,18
2022-09-27 23:42:00,17,9.4,0.0,4.4,100.0,0.5,98.0,0.0,19,18
2022-09-27 23:48:00,17,9.4,0.0,4.4,100.0,0.5,98.0,0.0,19,18
2022-09-27 23:52:00,17,9.4,0.0,4.4,100.0,0.5,98.0,0.0,19,18
2022-09-28 00:02:00,17,9.0,0.0,4.3,100.0,0.3,98.0,0.0,19,18
2022-09-28 00:08:00,17,9.0,0.0,4.3,100.0,0.3,98.0,0.0,19,18
2022-09-28 00:12:00,17,9.0,0.0,4.3,100.0,0.3,98.0,0.0,19,18
2022-09-28 00:18:00,17,9.0,0.0,4.3,100.0,0.3,98.0,0.0,19,18
2022-09-28 00:22:00,17,9.0,0.0,4.3,100.0,0.3,98.0,0.0,19,18
2022-09-28 00:32:00,17,9.1,0.0,4.1,100.0,0.1,98.0,0.0,19,18
2022-09-28 00:39:00,18,9.1,0.0,4.1,100.0,0.1,98.0,0.0,19,19
2022-09-28 00:42:00,18,9.1,0.0,4.1,100.0,0.1,98.0,0.0,19,19
2022-09-28 00:48:00,18,9.1,0.0,4.1,100.0,0.1,98.0,0.0,19,19
2022-09-28 00:52:00,18,9.1,0.0,4.1,100.0,0.1,98.0,0.0,19,19
2022-09-28 00:58:00,18,9.1,0.0,4.1,100.0,0.1,98.0,0.0,19,19
2022-09-28 01:02:00,18,9.1,0.0,4.1,100.0,0.1,98.0,0.0,19,19
2022-09-28 01:08:00,18,9.1,0.0,4.1,100.0,0.1,98.0,0.0,19,19
2022-09-28 01:12:00,18,9.1,0.0,4.1,100.0,0.1,98.0,0.0,19,19
2022-09-28 01:18:00,18,9.1,0.0,4.1,100.0,0.1,98.0,0.0,19,19
2022-09-28 01:22:00,18,9.1,0.0,4.1,100.0,0.1,98.0,0.0,19,19
2022-09-28 01:28:00,18,9.1,0.0,4.1,100.0,0.1,98.0,0.0,19,19
2022-09-28 01:33:00,18,9.1,0.0,3.8,100.0,0.0,98.0,0.0,19,19
2022-09-28 01:38:00,19,9.1,0.0,3.8,100.0,0.0,98.0,0.0,19,19
2022-09-28 01:42:00,19,9.1,0.0,3.8,100.0,0.0,98.0,0.0,19,19
2022-09-28 01:48:00,19,9.1,0.0,3.8,100.0,0.0,98.0,0.0,19,19
2022-09-28 01:52:00,19,9.1,0.0,3.8,100.0,0.0,98.0,0.0,19,19
2022-09-28 02:02:00,19,9.1,0.0,3.8,100.0,0.0,98.0,0.0,19,19
2022-09-28 02:08:00,19,9.1,0.0,3.8,100.0,0.0,98.0,0.0,19,19
2022-09-28 02:12:00,19,9.1,0.0,3.8,100.0,0.0,98.0,0.0,19,19
2022-09-28 02:18:00,19,9.1,0.0,3.8,100.0,0.0,98.0,0.0,19,19
2022-09-28 02:22:00,19,9.1,0.0,3.8,100.0,0.0,98.0,0.0,19,19
2022-09-28 02:32:00,19,9.2,0.0,3.6,100.0,0.0,98.0,0.0,19,19
2022-09-28 02:39:00,19,9.2,0.0,3.6,100.0,0.0,98.0,0.0,19,19
2022-09-28 02:42:00,19,9.2,0.0,3.6,100.0,0.0,98.0,0.0,19,19
2022-09-28 02:49:00,19,9.2,0.0,3.6,100.0,0.0,98.0,0.0,19,19
2022-09-28 02:52:00,19,9.2,0.0,3.6,100.0,0.0,98.0,0.0,19,19
2022-09-28 03:02:00,19,9.2,0.0,3.6,100.0,0.0,98.0,0.0,19,19
2022-09-28 03:08:00,19,9.2,0.0,3.6,100.0,0.0,98.0,0.0,19,19
2022-09-28 03:12:00,19,9.2,0.0,3.6,100.0,0.0,98.0,0.0,19,19
2022-09-28 03:18:00,19,9.2,0.0,3.6,100.0,0.0,98.0,0.0,19,19
2022-09-28 03:22:00,19,9.2,0.0,3.6,100.0,0.0,98.0,0.0,19,19
2022-09-28 03:28:00,19,9.2,0.0,3.6,100.0,0.0,98.0,0.0,19,19
2022-09-28 03:32:00,19,9.2,0.0,3.7,100.0,0.0,97.0,0.0,19,19
2022-09-28 03:38:00,19,9.2,0.0,3.7,100.0,0.0,97.0,0.0,19,19
2022-09-28 03:42:00,19,9.2,0.0,3.7,100.0,0.0,97.0,0.0,19,19
2022-09-28 03:48:00,19,9.2,0.0,3.7,100.0,0.0,97.0,0.0,19,19
2022-09-28 03:52:00,19,9.2,0.0,3.7,100.0,0.0,97.0,0.0,19,19
2022-09-28 04:02:00,19,9.2,0.0,3.7,100.0,0.0,97.0,0.0,19,19
2022-09-28 04:08:00,19,9.2,0.0,3.7,100.0,0.0,97.0,0.0,19,19
2022-09-28 04:12:00,19,9.2,0.0,3.7,100.0,0.0,97.0,0.0,19,19
2022-09-28 04:18:00,19,9.2,0.0,3.7,100.0,0.0,97.0,0.0,19,19
2022-09-28 04:22:00,19,9.2,0.0,3.7,100.0,0.0,97.0,0.0,19,19
2022-09-28 04:32:00,19,9.2,0.0,3.8,100.0,0.0,97.0,0.0,19,19
2022-09-28 04:38:00,19,9.2,0.0,3.8,100.0,0.0,97.0,0.0,19,19
2022-09-28 04:42:00,19,9.2,0.0,3.8,100.0,0.0,97.0,0.0,19,19
2022-09-28 04:48:00,19,9.2,0.0,3.8,100.0,0.0,97.0,0.0,19,19
2022-09-28 04:52:00,19,9.2,0.0,3.8,100.0,0.0,97.0,0.0,19,19
2022-09-28 05:02:00,19,9.2,0.0,3.8,100.0,0.0,97.0,0.0,19,19
2022-09-28 05:10:00,19,9.2,0.0,3.8,100.0,0.0,97.0,0.0,19,19
2022-09-28 05:14:00,19,9.2,0.0,3.8,100.0,0.0,97.0,0.0,19,19
2022-09-28 05:19:00,19,9.2,0.0,3.8,100.0,0.0,97.0,0.0,19,19
2022-09-28 05:22:00,19,9.2,0.0,3.8,100.0,0.0,97.0,0.0,19,19
2022-09-28 05:29:00,19,9.2,0.0,3.8,100.0,0.0,97.0,0.0,18,19
2022-09-28 05:32:00,19,9.2,0.0,4.0,100.0,0.0,97.0,0.0,18,19
2022-09-28 05:39:00,19,9.2,0.0,4.0,100.0,0.0,97.0,0.0,18,19
2022-09-28 05:42:00,19,9.2,0.0,4.0,100.0,0.0,97.0,0.0,18,19
2022-09-28 05:48:00,19,9.2,0.0,4.0,100.0,0.0,97.0,0.0,18,19
2022-09-28 05:52:00,19,9.2,0.0,4.0,100.0,0.0,97.0,0.0,18,19
2022-09-28 05:59:00,19,9.2,0.0,4.0,100.0,0.0,97.0,0.0,18,19
2022-09-28 06:02:00,19,9.2,0.0,4.0,100.0,0.0,97.0,0.0,18,19
2022-09-28 06:09:00,19,9.2,0.0,4.0,100.0,0.0,97.0,0.0,18,19
2022-09-28 06:12:00,19,9.2,0.0,4.0,100.0,0.0,97.0,0.0,18,19
2022-09-28 06:18:00,19,9.2,0.0,4.0,100.0,0.0,97.0,0.0,18,19
2022-09-28 06:22:00,19,9.2,0.0,4.0,100.0,0.0,97.0,0.0,18,19
2022-09-28 06:32:00,19,9.5,1.0,3.7,100.0,0.0,96.0,0.0,17,18
2022-09-28 06:38:00,19,9.5,1.0,3.7,100.0,0.0,96.0,0.0,17,18
2022-09-28 06:42:00,19,9.5,1.0,3.7,100.0,0.0,96.0,0.0,17,18
2022-09-28 06:48:00,19,9.5,1.0,3.7,100.0,0.0,96.0,0.0,17,18
2022-09-28 06:52:00,19,9.5,1.0,3.7,100.0,0.0,96.0,0.0,17,18
2022-09-28 07:02:00,19,9.5,1.0,3.7,100.0,0.0,96.0,0.0,17,18
2022-09-28 07:08:00,19,9.5,1.0,3.7,100.0,0.0,96.0,0.0,17,18
2022-09-28 07:12:00,19,9.5,1.0,3.7,100.0,0.0,96.0,0.0,17,18
2022-09-28 07:19:00,19,9.5,1.0,3.7,100.0,0.0,96.0,0.0,17,18
2022-09-28 07:22:00,19,9.5,1.0,3.7,100.0,0.0,96.0,0.0,17,18
2022-09-28 07:28:00,18,9.5,1.0,3.7,100.0,0.0,96.0,0.0,17,17
2022-09-28 07:32:00,18,9.8,1.0,3.5,100.0,0.0,95.0,0.0,17,17
2022-09-28 07:42:00,18,9.8,1.0,3.5,100.0,0.0,95.0,0.0,17,17
2022-09-28 07:49:00,18,9.8,1.0,3.5,100.0,0.0,95.0,0.0,17,17
2022-09-28 07:52:00,18,9.8,1.0,3.5,100.0,0.0,95.0,0.0,17,17
2022-09-28 07:59:00,18,9.8,1.0,3.5,100.0,0.0,95.0,0.0,17,17
2022-09-28 08:02:00,18,9.8,1.0,3.5,100.0,0.0,95.0,0.0,17,17
2022-09-28 08:09:00,18,9.8,1.0,3.5,100.0,0.0,95.0,0.0,17,17
2022-09-28 08:12:00,18,9.8,1.0,3.5,100.0,0.0,95.0,0.0,17,17
2022-09-28 08:22:00,18,9.8,1.0,3.5,100.0,0.0,95.0,0.0,17,17
2022-09-28 08:29:00,17,9.8,1.0,3.5,100.0,0.0,95.0,0.0,17,17
2022-09-28 08:32:00,17,10.1,1.0,3.2,100.0,0.0,94.0,0.0,17,17
2022-09-28 08:39:00,17,10.1,1.0,3.2,100.0,0.0,94.0,0.0,17,17
2022-09-28 08:42:00,17,10.1,1.0,3.2,100.0,0.0,94.0,0.0,17,17
2022-09-28 08:49:00,17,10.1,1.0,3.2,100.0,0.0,94.0,0.0,18,17
2022-09-28 08:52:00,17,10.1,1.0,3.2,100.0,0.0,94.0,0.0,18,17
2022-09-28 08:59:00,17,10.1,1.0,3.2,100.0,0.0,94.0,0.0,18,17
2022-09-28 09:02:00,17,10.1,1.0,3.2,100.0,0.0,94.0,0.0,18,17
2022-09-28 09:09:00,17,10.1,1.0,3.2,100.0,0.0,94.0,0.0,18,17
2022-09-28 09:12:00,17,10.1,1.0,3.2,100.0,0.0,94.0,0.0,18,17
2022-09-28 09:19:00,17,10.1,1.0,3.2,100.0,0.0,94.0,0.0,18,17
2022-09-28 09:22:00,17,10.1,1.0,3.2,100.0,0.0,94.0,0.0,18,17
2022-09-28 09:28:00,17,10.1,1.0,3.2,100.0,0.0,94.0,0.0,18,17
2022-09-28 09:32:00,17,11.6,1.0,2.8,100.0,0.0,94.0,0.0,18,17
2022-09-28 09:39:00,17,11.6,1.0,2.8,100.0,0.0,94.0,0.0,18,17
2022-09-28 09:43:00,17,11.6,1.0,2.8,100.0,0.0,94.0,0.0,17,17
2022-09-28 09:48:00,17,11.6,1.0,2.8,100.0,0.0,94.0,0.0,17,18
2022-09-28 09:52:00,17,11.6,1.0,2.8,100.0,0.0,94.0,0.0,17,18
2022-09-28 10:03:00,17,11.6,1.0,2.8,100.0,0.0,94.0,0.0,18,18
2022-09-28 10:09:00,17,11.6,1.0,2.8,100.0,0.0,94.0,0.0,17,18
2022-09-28 10:12:00,17,11.6,1.0,2.8,100.0,0.0,94.0,0.0,17,18
2022-09-28 10:19:00,17,11.6,1.0,2.8,100.0,0.0,94.0,0.0,16,18
2022-09-28 10:22:00,17,11.6,1.0,2.8,100.0,0.0,94.0,0.0,16,18
2022-09-28 10:28:00,17,11.6,1.0,2.8,100.0,0.0,94.0,0.0,16,18
2022-09-28 10:32:00,17,12.5,1.0,2.3,100.0,0.0,93.0,0.0,16,18
2022-09-28 10:42:00,17,12.5,1.0,2.3,100.0,0.0,93.0,0.0,16,17
2022-09-28 10:49:00,18,12.5,1.0,2.3,100.0,0.0,93.0,0.0,16,17
2022-09-28 10:52:00,18,12.5,1.0,2.3,100.0,0.0,93.0,0.0,16,17
2022-09-28 10:58:00,18,12.5,1.0,2.3,100.0,0.0,93.0,0.0,16,18
2022-09-28 11:03:00,18,12.5,1.0,2.3,100.0,0.0,93.0,0.0,16,18
2022-09-28 11:09:00,18,12.5,1.0,2.3,100.0,0.0,93.0,0.0,16,17
2022-09-28 11:19:00,18,12.5,1.0,2.3,100.0,0.0,93.0,0.0,16,16
2022-09-28 11:22:00,18,12.5,1.0,2.3,100.0,0.0,93.0,0.0,16,16
2022-09-28 11:29:00,18,12.5,1.0,2.3,100.0,0.0,93.0,0.0,16,16
2022-09-28 11:32:00,18,13.5,1.0,1.8,100.0,0.1,93.0,0.0,16,16
2022-09-28 11:38:00,18,13.5,1.0,1.8,100.0,0.1,93.0,0.0,16,16
2022-09-28 11:42:00,17,13.5,1.0,1.8,100.0,0.1,93.0,0.0,16,16
2022-09-28 11:48:00,17,13.5,1.0,1.8,100.0,0.1,93.0,0.0,16,16
2022-09-28 11:52:00,17,13.5,1.0,1.8,100.0,0.1,93.0,0.0,16,16
2022-09-28 11:58:00,18,13.5,1.0,1.8,100.0,0.1,93.0,0.0,15,16
2022-09-28 12:02:00,18,13.5,1.0,1.8,100.0,0.1,93.0,0.0,15,16
2022-09-28 12:09:00,17,13.5,1.0,1.8,100.0,0.1,93.0,0.0,15,16
2022-09-28 12:12:00,17,13.5,1.0,1.8,100.0,0.1,93.0,0.0,15,16
2022-09-28 12:19:00,16,13.5,1.0,1.8,100.0,0.1,93.0,0.0,15,16
2022-09-28 12:22:00,16,13.5,1.0,1.8,100.0,0.1,93.0,0.0,15,16
2022-09-28 12:32:00,16,13.6,1.0,2.5,100.0,0.1,93.0,0.0,15,16
2022-09-28 12:39:00,16,13.6,1.0,2.5,100.0,0.1,93.0,0.0,14,16
2022-09-28 12:42:00,16,13.6,1.0,2.5,100.0,0.1,93.0,0.0,14,16
2022-09-28 12:48:00,16,13.6,1.0,2.5,100.0,0.1,93.0,0.0,14,16
2022-09-28 12:52:00,16,13.6,1.0,2.5,100.0,0.1,93.0,0.0,14,16
2022-09-28 12:58:00,16,13.6,1.0,2.5,100.0,0.1,93.0,0.0,14,15
2022-09-28 13:02:00,16,13.6,1.0,2.5,100.0,0.1,93.0,0.0,14,15
2022-09-28 13:09:00,16,13.6,1.0,2.5,100.0,0.1,93.0,0.0,14,15
2022-09-28 13:19:00,16,13.6,1.0,2.5,100.0,0.1,93.0,0.0,14,15
2022-09-28 13:23:00,16,13.6,1.0,2.5,100.0,0.1,93.0,0.0,14,15
2022-09-28 13:29:00,16,13.6,1.0,2.5,100.0,0.1,93.0,0.0,13,15
2022-09-28 13:32:00,16,13.8,1.0,3.2,100.0,0.1,94.0,0.0,13,15
2022-09-28 13:39:00,16,13.8,1.0,3.2,100.0,0.1,94.0,0.0,13,14
2022-09-28 13:42:00,16,13.8,1.0,3.2,100.0,0.1,94.0,0.0,13,14
2022-09-28 13:49:00,16,13.8,1.0,3.2,100.0,0.1,94.0,0.0,14,14
2022-09-28 13:52:00,16,13.8,1.0,3.2,100.0,0.1,94.0,0.0,14,14
2022-09-28 13:59:00,15,13.8,1.0,3.2,100.0,0.1,94.0,0.0,14,14
2022-09-28 14:02:00,15,13.8,1.0,3.2,100.0,0.1,94.0,0.0,14,14
2022-09-28 14:09:00,15,13.8,1.0,3.2,100.0,0.1,94.0,0.0,15,14
2022-09-28 14:12:00,15,13.8,1.0,3.2,100.0,0.1,94.0,0.0,16,14
2022-09-28 14:19:00,15,13.8,1.0,3.2,100.0,0.1,94.0,0.0,15,14
2022-09-28 14:30:00,15,13.8,1.0,3.2,100.0,0.1,94.0,0.0,15,13
2022-09-28 14:33:00,15,13.9,1.0,4.0,100.0,0.2,95.0,0.0,15,13
2022-09-28 14:43:00,14,13.9,1.0,4.0,100.0,0.2,95.0,0.0,15,13
2022-09-28 14:50:00,14,13.9,1.0,4.0,100.0,0.2,95.0,0.0,14,14
2022-09-28 14:53:00,14,13.9,1.0,4.0,100.0,0.2,95.0,0.0,13,14
2022-09-28 15:00:00,14,13.9,1.0,4.0,100.0,0.2,95.0,0.0,13,14
2022-09-28 15:03:00,14,13.9,1.0,4.0,100.0,0.2,95.0,0.0,13,14
2022-09-28 15:09:00,14,13.9,1.0,4.0,100.0,0.2,95.0,0.0,7,15
2022-09-28 15:13:00,14,13.9,1.0,4.0,100.0,0.2,95.0,0.0,7,16
2022-09-28 15:19:00,14,13.9,1.0,4.0,100.0,0.2,95.0,0.0,7,15
2022-09-28 15:22:00,14,13.9,1.0,4.0,100.0,0.2,95.0,0.0,7,16
2022-09-28 15:29:00,13,13.9,1.0,4.0,100.0,0.2,95.0,0.0,7,15
2022-09-28 15:32:00,13,13.7,1.0,3.4,100.0,0.1,96.0,0.0,7,15
2022-09-28 15:39:00,13,13.7,1.0,3.4,100.0,0.1,96.0,0.0,6,15
2022-09-28 15:42:00,13,13.7,1.0,3.4,100.0,0.1,96.0,0.0,6,15
2022-09-28 15:49:00,14,13.7,1.0,3.4,100.0,0.1,96.0,0.0,6,14
2022-09-28 15:53:00,14,13.7,1.0,3.4,100.0,0.1,96.0,0.0,6,13
2022-09-28 15:59:00,14,13.7,1.0,3.4,100.0,0.1,96.0,0.0,6,13
2022-09-28 16:02:00,14,13.7,1.0,3.4,100.0,0.1,96.0,0.0,7,13
2022-09-28 16:09:00,15,13.7,1.0,3.4,100.0,0.1,96.0,0.0,7,7
2022-09-28 16:13:00,16,13.7,1.0,3.4,100.0,0.1,96.0,0.0,8,7
2022-09-28 16:19:00,15,13.7,1.0,3.4,100.0,0.1,96.0,0.0,8,7
2022-09-28 16:23:00,16,13.7,1.0,3.4,100.0,0.1,96.0,0.0,8,7
2022-09-28 16:29:00,15,13.7,1.0,3.4,100.0,0.1,96.0,0.0,8,7
2022-09-28 16:33:00,15,13.2,1.0,2.8,100.0,0.1,97.0,0.0,7,7
2022-09-28 16:39:00,15,13.2,1.0,2.8,100.0,0.1,97.0,0.0,7,6
2022-09-28 16:42:00,15,13.2,1.0,2.8,100.0,0.1,97.0,0.0,7,6
2022-09-28 16:49:00,14,13.2,1.0,2.8,100.0,0.1,97.0,0.0,7,6
2022-09-28 16:53:00,13,13.2,1.0,2.8,100.0,0.1,97.0,0.0,7,6
2022-09-28 16:59:00,13,13.2,1.0,2.8,100.0,0.1,97.0,0.0,8,6
2022-09-28 17:03:00,13,13.2,1.0,2.8,100.0,0.1,97.0,0.0,8,7
2022-09-28 17:10:00,7,13.2,1.0,2.8,100.0,0.1,97.0,0.0,8,7
2022-09-28 17:13:00,7,13.2,1.0,2.8,100.0,0.1,97.0,0.0,8,8
2022-09-28 17:19:00,7,13.2,1.0,2.8,100.0,0.1,97.0,0.0,9,8
2022-09-28 17:23:00,7,13.2,1.0,2.8,100.0,0.1,97.0,0.0,9,8
2022-09-28 17:29:00,7,13.2,1.0,2.8,100.0,0.1,97.0,0.0,8,8
2022-09-28 17:33:00,7,12.7,1.0,2.2,100.0,0.2,99.0,0.0,8,7
2022-09-28 17:39:00,6,12.7,1.0,2.2,100.0,0.2,99.0,0.0,9,7
2022-09-28 17:43:00,6,12.7,1.0,2.2,100.0,0.2,99.0,0.0,9,7
2022-09-28 17:49:00,6,12.7,1.0,2.2,100.0,0.2,99.0,0.0,9,7
2022-09-28 17:53:00,6,12.7,1.0,2.2,100.0,0.2,99.0,0.0,9,7
2022-09-28 17:59:00,6,12.7,1.0,2.2,100.0,0.2,99.0,0.0,9,8
2022-09-28 18:03:00,7,12.7,1.0,2.2,100.0,0.2,99.0,0.0,9,8
2022-09-28 18:09:00,7,12.7,1.0,2.2,100.0,0.2,99.0,0.0,9,8
2022-09-28 18:13:00,8,12.7,1.0,2.2,100.0,0.2,99.0,0.0,9,8
2022-09-28 18:19:00,8,12.7,1.0,2.2,100.0,0.2,99.0,0.0,9,9
2022-09-28 18:23:00,8,12.7,1.0,2.2,100.0,0.2,99.0,0.0,9,9
2022-09-28 18:30:00,8,12.7,1.0,2.2,100.0,0.2,99.0,0.0,9,8
2022-09-28 18:33:00,7,12.4,0.0,2.4,100.0,0.4,99.0,0.0,9,8
2022-09-28 18:39:00,7,12.4,0.0,2.4,100.0,0.4,99.0,0.0,9,9
2022-09-28 18:43:00,7,12.4,0.0,2.4,100.0,0.4,99.0,0.0,9,9
2022-09-28 18:50:00,7,12.4,0.0,2.4,100.0,0.4,99.0,0.0,9,9
2022-09-28 18:53:00,7,12.4,0.0,2.4,100.0,0.4,99.0,0.0,9,9
2022-09-28 19:00:00,8,12.4,0.0,2.4,100.0,0.4,99.0,0.0,9,9
2022-09-28 19:03:00,8,12.4,0.0,2.4,100.0,0.4,99.0,0.0,9,9
2022-09-28 19:10:00,8,12.4,0.0,2.4,100.0,0.4,99.0,0.0,9,9
2022-09-28 19:13:00,8,12.4,0.0,2.4,100.0,0.4,99.0,0.0,9,9
2022-09-28 19:20:00,9,12.4,0.0,2.4,100.0,0.4,99.0,0.0,9,9
2022-09-28 19:23:00,9,12.4,0.0,2.4,100.0,0.4,99.0,0.0,9,9
2022-09-28 19:30:00,8,12.4,0.0,2.4,100.0,0.4,99.0,0.0,9,9
2022-09-28 19:33:00,8,12.3,0.0,2.6,100.0,0.7,99.0,0.0,9,9
2022-09-28 19:39:00,9,12.3,0.0,2.6,100.0,0.7,99.0,0.0,9,9
2022-09-28 19:43:00,9,12.3,0.0,2.6,100.0,0.7,99.0,0.0,9,9
2022-09-28 19:50:00,9,12.3,0.0,2.6,100.0,0.7,99.0,0.0,9,9
2022-09-28 19:53:00,9,12.3,0.0,2.6,100.0,0.7,99.0,0.0,9,9
2022-09-28 20:00:00,9,12.3,0.0,2.6,100.0,0.7,99.0,0.0,9,9
2022-09-28 20:03:00,9,12.3,0.0,2.6,100.0,0.7,99.0,0.0,9,9
2022-09-28 20:10:00,9,12.3,0.0,2.6,100.0,0.7,99.0,0.0,9,9
2022-09-28 20:13:00,9,12.3,0.0,2.6,100.0,0.7,99.0,0.0,9,9
2022-09-28 20:20:00,9,12.3,0.0,2.6,100.0,0.7,99.0,0.0,9,9
2022-09-28 20:23:00,9,12.3,0.0,2.6,100.0,0.7,99.0,0.0,9,9
2022-09-28 20:30:00,9,12.3,0.0,2.6,100.0,0.7,99.0,0.0,9,9
2022-09-28 20:33:00,9,12.2,0.0,2.9,100.0,0.2,99.0,0.0,9,9
2022-09-28 20:40:00,9,12.2,0.0,2.9,100.0,0.2,99.0,0.0,9,9
2022-09-28 20:43:00,9,12.2,0.0,2.9,100.0,0.2,99.0,0.0,9,9
2022-09-28 20:50:00,9,12.2,0.0,2.9,100.0,0.2,99.0,0.0,9,9
2022-09-28 20:54:00,9,12.2,0.0,2.9,100.0,0.2,99.0,0.0,9,9
2022-09-28 21:00:00,9,12.2,0.0,2.9,100.0,0.2,99.0,0.0,9,9
2022-09-28 21:03:00,9,12.2,0.0,2.9,100.0,0.2,99.0,0.0,9,9
2022-09-28 21:13:00,9,12.2,0.0,2.9,100.0,0.2,99.0,0.0,9,9
2022-09-28 21:20:00,9,12.2,0.0,2.9,100.0,0.2,99.0,0.0,9,9
2022-09-28 21:23:00,9,12.2,0.0,2.9,100.0,0.2,99.0,0.0,9,9
2022-09-28 21:30:00,9,12.2,0.0,2.9,100.0,0.2,99.0,0.0,9,9
2022-09-28 21:33:00,9,11.9,0.0,2.6,100.0,0.3,99.0,0.0,9,9
2022-09-28 21:44:00,9,11.9,0.0,2.6,100.0,0.3,99.0,0.0,9,9
2022-09-28 21:50:00,9,11.9,0.0,2.6,100.0,0.3,99.0,0.0,9,9
2022-09-28 21:53:00,9,11.9,0.0,2.6,100.0,0.3,99.0,0.0,9,9
2022-09-28 22:00:00,9,11.9,0.0,2.6,100.0,0.3,99.0,0.0,9,9
2022-09-28 22:03:00,9,11.9,0.0,2.6,100.0,0.3,99.0,0.0,9,9
2022-09-28 22:14:00,9,11.9,0.0,2.6,100.0,0.3,99.0,0.0,9,9
2022-09-28 22:23:00,9,11.9,0.0,2.6,100.0,0.3,99.0,0.0,9,9
2022-09-28 22:30:00,9,11.9,0.0,2.6,100.0,0.3,99.0,0.0,9,9
2022-09-28 22:33:00,9,10.7,0.0,2.4,100.0,1.2,99.0,0.0,9,9
2022-09-28 22:40:00,9,10.7,0.0,2.4,100.0,1.2,99.0,0.0,9,9
2022-09-28 22:44:00,9,10.7,0.0,2.4,100.0,1.2,99.0,0.0,9,9
2022-09-28 22:50:00,9,10.7,0.0,2.4,100.0,1.2,99.0,0.0,9,9
2022-09-28 22:54:00,9,10.7,0.0,2.4,100.0,1.2,99.0,0.0,9,9
2022-09-28 23:00:00,9,10.7,0.0,2.4,100.0,1.2,99.0,0.0,9,9
2022-09-28 23:04:00,9,10.7,0.0,2.4,100.0,1.2,99.0,0.0,9,9
2022-09-28 23:14:00,9,10.7,0.0,2.4,100.0,1.2,99.0,0.0,9,9
2022-09-28 23:20:00,9,10.7,0.0,2.4,100.0,1.2,99.0,0.0,9,9
2022-09-28 23:24:00,9,10.7,0.0,2.4,100.0,1.2,99.0,0.0,9,9
2022-09-28 23:31:00,9,10.7,0.0,2.4,100.0,1.2,99.0,0.0,9,9
2022-09-28 23:34:00,9,10.7,0.0,2.4,100.0,1.2,99.0,0.0,9,9
2022-09-28 23:44:00,9,10.7,0.0,2.4,100.0,1.2,99.0,0.0,9,9
2022-09-28 23:50:00,9,10.7,0.0,2.4,100.0,1.2,99.0,0.0,9,9
2022-09-28 23:53:00,9,10.7,0.0,2.4,100.0,1.2,99.0,0.0,9,9
2022-09-29 00:00:00,9,10.5,0.0,2.2,100.0,2.1,99.0,0.0,9,9
2022-09-29 00:10:00,9,10.5,0.0,2.2,100.0,2.1,99.0,0.0,9,9
2022-09-29 00:13:00,9,10.5,0.0,2.2,100.0,2.1,99.0,0.0,9,9
2022-09-29 00:20:00,9,10.5,0.0,2.2,100.0,2.1,99.0,0.0,9,9
2022-09-29 00:24:00,9,10.5,0.0,2.2,100.0,2.1,99.0,0.0,9,9
2022-09-29 00:30:00,9,10.5,0.0,2.2,100.0,2.1,99.0,0.0,9,9
2022-09-29 00:33:00,9,10.5,0.0,2.3,100.0,2.6,99.0,0.0,9,9
2022-09-29 00:40:00,9,10.5,0.0,2.3,100.0,2.6,99.0,0.0,9,9
2022-09-29 00:44:00,9,10.5,0.0,2.3,100.0,2.6,99.0,0.0,9,9
2022-09-29 00:50:00,9,10.5,0.0,2.3,100.0,2.6,99.0,0.0,9,9
2022-09-29 00:53:00,9,10.5,0.0,2.3,100.0,2.6,99.0,0.0,9,9
2022-09-29 01:00:00,9,10.5,0.0,2.3,100.0,2.6,99.0,0.0,9,9
2022-09-29 01:04:00,9,10.5,0.0,2.3,100.0,2.6,99.0,0.0,9,9
2022-09-29 01:14:00,9,10.5,0.0,2.3,100.0,2.6,99.0,0.0,9,9
2022-09-29 01:20:00,9,10.5,0.0,2.3,100.0,2.6,99.0,0.0,9,9
2022-09-29 01:23:00,9,10.5,0.0,2.3,100.0,2.6,99.0,0.0,9,9
2022-09-29 01:30:00,9,10.5,0.0,2.3,100.0,2.6,99.0,0.0,9,9
2022-09-29 01:34:00,9,10.6,0.0,2.4,100.0,2.2,99.0,0.0,9,9
2022-09-29 01:44:00,9,10.6,0.0,2.4,100.0,2.2,99.0,0.0,9,9
2022-09-29 01:54:00,9,10.6,0.0,2.4,100.0,2.2,99.0,0.0,9,9
2022-09-29 02:00:00,9,10.6,0.0,2.4,100.0,2.2,99.0,0.0,9,9
2022-09-29 02:03:00,9,10.6,0.0,2.4,100.0,2.2,99.0,0.0,9,9
2022-09-30 16:12:00,9,14.7,1.0,5.9,72.0,0.6,91.0,0.0,11,10
2022-09-30 16:15:00,9,14.7,1.0,5.9,72.0,0.6,91.0,0.0,11,10
2022-09-30 16:22:00,10,14.7,1.0,5.9,72.0,0.6,91.0,0.0,11,10
2022-09-30 16:25:00,10,14.7,1.0,5.9,72.0,0.6,91.0,0.0,11,10
2022-09-30 16:32:00,11,13.8,1.0,4.6,65.0,0.9,94.0,0.0,11,10
2022-09-30 16:35:00,11,13.8,1.0,4.6,65.0,0.9,94.0,0.0,11,10
2022-09-30 16:42:00,10,13.8,1.0,4.6,65.0,0.9,94.0,0.0,11,10
2022-09-30 16:45:00,10,13.8,1.0,4.6,65.0,0.9,94.0,0.0,11,10
2022-09-30 16:55:00,10,13.8,1.0,4.6,65.0,0.9,94.0,0.0,11,10
2022-09-30 17:02:00,10,13.8,1.0,4.6,65.0,0.9,94.0,0.0,11,10
2022-09-30 17:05:00,10,13.8,1.0,4.6,65.0,0.9,94.0,0.0,11,10
2022-09-30 17:11:00,10,13.8,1.0,4.6,65.0,0.9,94.0,0.0,11,11
2022-09-30 17:15:00,10,13.8,1.0,4.6,65.0,0.9,94.0,0.0,11,11
2022-09-30 17:22:00,10,13.8,1.0,4.6,65.0,0.9,94.0,0.0,11,11
2022-09-30 17:26:00,10,13.8,1.0,4.6,65.0,0.9,94.0,0.0,11,11
2022-09-30 17:35:00,10,12.9,1.0,3.2,59.0,1.9,97.0,0.0,11,11
2022-09-30 17:41:00,10,12.9,1.0,3.2,59.0,1.9,97.0,0.0,11,11
2022-09-30 17:45:00,10,12.9,1.0,3.2,59.0,1.9,97.0,0.0,11,11
2022-09-30 17:52:00,10,12.9,1.0,3.2,59.0,1.9,97.0,0.0,11,11
2022-09-30 18:02:00,10,12.9,1.0,3.2,59.0,1.9,97.0,0.0,11,11
2022-09-30 18:05:00,10,12.9,1.0,3.2,59.0,1.9,97.0,0.0,11,11
2022-09-30 18:12:00,11,12.9,1.0,3.2,59.0,1.9,97.0,0.0,11,11
2022-09-30 18:15:00,11,12.9,1.0,3.2,59.0,1.9,97.0,0.0,11,11
2022-09-30 18:26:00,11,12.9,1.0,3.2,59.0,1.9,97.0,0.0,11,11
2022-09-30 18:31:00,11,12.9,0.0,2.9,66.0,1.6,97.0,0.0,11,11
2022-09-30 18:35:00,11,12.9,0.0,2.9,66.0,1.6,97.0,0.0,11,11
2022-09-30 18:42:00,11,12.9,0.0,2.9,66.0,1.6,97.0,0.0,11,11
2022-09-30 18:45:00,11,12.9,0.0,2.9,66.0,1.6,97.0,0.0,11,11
2022-09-30 18:52:00,11,12.9,0.0,2.9,66.0,1.6,97.0,0.0,11,11
2022-09-30 18:55:00,11,12.9,0.0,2.9,66.0,1.6,97.0,0.0,11,11
2022-09-30 19:02:00,11,12.9,0.0,2.9,66.0,1.6,97.0,0.0,11,11
2022-09-30 19:06:00,11,12.9,0.0,2.9,66.0,1.6,97.0,0.0,11,11
2022-09-30 19:12:00,11,12.9,0.0,2.9,66.0,1.6,97.0,0.0,11,11
2022-09-30 19:16:00,11,12.9,0.0,2.9,66.0,1.6,97.0,0.0,11,11
2022-09-30 19:25:00,11,12.9,0.0,2.9,66.0,1.6,97.0,0.0,11,11
2022-09-30 19:32:00,11,11.9,0.0,2.5,74.0,1.4,98.0,0.0,11,11
2022-09-30 19:36:00,11,11.9,0.0,2.5,74.0,1.4,98.0,0.0,11,11
2022-09-30 19:42:00,11,11.9,0.0,2.5,74.0,1.4,98.0,0.0,11,11
2022-09-30 19:45:00,11,11.9,0.0,2.5,74.0,1.4,98.0,0.0,11,11
2022-09-30 19:55:00,11,11.9,0.0,2.5,74.0,1.4,98.0,0.0,11,11
2022-09-30 20:02:00,11,11.9,0.0,2.5,74.0,1.4,98.0,0.0,11,11
2022-09-30 20:06:00,11,11.9,0.0,2.5,74.0,1.4,98.0,0.0,11,11
2022-09-30 20:12:00,11,11.9,0.0,2.5,74.0,1.4,98.0,0.0,11,11
2022-09-30 20:16:00,11,11.9,0.0,2.5,74.0,1.4,98.0,0.0,11,11
2022-09-30 20:23:00,11,11.9,0.0,2.5,74.0,1.4,98.0,0.0,11,11
2022-09-30 20:26:00,11,11.9,0.0,2.5,74.0,1.4,98.0,0.0,11,11
2022-09-30 20:32:00,11,12.4,0.0,2.2,81.0,0.8,98.0,0.0,11,11
2022-09-30 20:36:00,11,12.4,0.0,2.2,81.0,0.8,98.0,0.0,11,11
2022-09-30 20:42:00,11,12.4,0.0,2.2,81.0,0.8,98.0,0.0,11,11
2022-09-30 20:56:00,11,12.4,0.0,2.2,81.0,0.8,98.0,0.0,11,11
2022-09-30 21:02:00,11,12.4,0.0,2.2,81.0,0.8,98.0,0.0,11,11
2022-09-30 21:05:00,11,12.4,0.0,2.2,81.0,0.8,98.0,0.0,11,11
2022-09-30 21:15:00,11,12.4,0.0,2.2,81.0,0.8,98.0,0.0,11,11
2022-09-30 21:26:00,11,12.4,0.0,2.2,81.0,0.8,98.0,0.0,11,11
2022-09-30 21:32:00,11,11.9,0.0,2.2,87.0,0.6,98.0,0.0,11,11
2022-09-30 21:36:00,11,11.9,0.0,2.2,87.0,0.6,98.0,0.0,11,11
2022-09-30 21:42:00,11,11.9,0.0,2.2,87.0,0.6,98.0,0.0,11,11
2022-09-30 21:46:00,11,11.9,0.0,2.2,87.0,0.6,98.0,0.0,11,11
2022-09-30 21:56:00,11,11.9,0.0,2.2,87.0,0.6,98.0,0.0,11,11
2022-09-30 22:03:00,11,11.9,0.0,2.2,87.0,0.6,98.0,0.0,11,11
2022-09-30 22:06:00,11,11.9,0.0,2.2,87.0,0.6,98.0,0.0,11,11
2022-09-30 22:13:00,11,11.9,0.0,2.2,87.0,0.6,98.0,0.0,11,11
2022-09-30 22:16:00,11,11.9,0.0,2.2,87.0,0.6,98.0,0.0,11,11
2022-09-30 22:26:00,11,11.9,0.0,2.2,87.0,0.6,98.0,0.0,11,11
2022-09-30 22:33:00,11,11.5,0.0,2.2,94.0,0.6,98.0,0.0,11,11
2022-09-30 22:36:00,11,11.5,0.0,2.2,94.0,0.6,98.0,0.0,11,11
2022-09-30 22:43:00,11,11.5,0.0,2.2,94.0,0.6,98.0,0.0,11,11
2022-09-30 22:46:00,11,11.5,0.0,2.2,94.0,0.6,98.0,0.0,11,11
2022-09-30 22:52:00,11,11.5,0.0,2.2,94.0,0.6,98.0,0.0,11,11
2022-09-30 22:56:00,11,11.5,0.0,2.2,94.0,0.6,98.0,0.0,11,11
2022-09-30 23:02:00,11,11.5,0.0,2.2,94.0,0.6,98.0,0.0,11,11
2022-09-30 23:06:00,11,11.5,0.0,2.2,94.0,0.6,98.0,0.0,11,11
2022-09-30 23:13:00,11,11.5,0.0,2.2,94.0,0.6,98.0,0.0,11,11
2022-09-30 23:16:00,11,11.5,0.0,2.2,94.0,0.6,98.0,0.0,11,11
2022-09-30 23:26:00,11,11.5,0.0,2.2,94.0,0.6,98.0,0.0,12,11
2022-09-30 23:32:00,11,11.5,0.0,2.2,94.0,0.6,98.0,0.0,13,11
2022-09-30 23:36:00,11,11.5,0.0,2.2,94.0,0.6,98.0,0.0,13,11
2022-09-30 23:42:00,11,11.5,0.0,2.2,94.0,0.6,98.0,0.0,13,11
2022-09-30 23:46:00,11,11.5,0.0,2.2,94.0,0.6,98.0,0.0,13,11
2022-09-30 23:56:00,11,11.5,0.0,2.2,94.0,0.6,98.0,0.0,13,11
2022-10-01 00:02:00,11,12.1,0.0,2.2,100.0,1.1,99.0,0.0,13,11
2022-10-01 00:06:00,11,12.1,0.0,2.2,100.0,1.1,99.0,0.0,13,11
2022-10-01 00:13:00,11,12.1,0.0,2.2,100.0,1.1,99.0,0.0,13,11
2022-10-01 00:16:00,11,12.1,0.0,2.2,100.0,1.1,99.0,0.0,13,11
2022-10-01 00:22:00,11,12.1,0.0,2.2,100.0,1.1,99.0,0.0,13,12
2022-10-01 00:26:00,11,12.1,0.0,2.2,100.0,1.1,99.0,0.0,13,12
2022-10-01 00:32:00,11,11.5,0.0,2.2,100.0,1.2,99.0,0.0,13,13
2022-10-01 00:36:00,11,11.5,0.0,2.2,100.0,1.2,99.0,0.0,13,13
2022-10-01 00:42:00,11,11.5,0.0,2.2,100.0,1.2,99.0,0.0,13,13
2022-10-01 00:46:00,11,11.5,0.0,2.2,100.0,1.2,99.0,0.0,13,13
2022-10-01 00:56:00,11,11.5,0.0,2.2,100.0,1.2,99.0,0.0,13,13
2022-10-01 01:02:00,11,11.5,0.0,2.2,100.0,1.2,99.0,0.0,15,13
2022-10-01 01:06:00,11,11.5,0.0,2.2,100.0,1.2,99.0,0.0,15,13
2022-10-01 01:12:00,11,11.5,0.0,2.2,100.0,1.2,99.0,0.0,15,13
2022-10-01 01:16:00,11,11.5,0.0,2.2,100.0,1.2,99.0,0.0,15,13
2022-10-01 01:26:00,12,11.5,0.0,2.2,100.0,1.2,99.0,0.0,15,13
2022-10-01 01:32:00,13,12.1,0.0,2.2,100.0,1.3,99.0,0.0,15,13
2022-10-01 01:35:00,13,12.1,0.0,2.2,100.0,1.3,99.0,0.0,15,13
2022-10-01 01:42:00,13,12.1,0.0,2.2,100.0,1.3,99.0,0.0,15,13
2022-10-01 01:46:00,13,12.1,0.0,2.2,100.0,1.3,99.0,0.0,16,13
2022-10-01 01:52:00,13,12.1,0.0,2.2,100.0,1.3,99.0,0.0,15,13
2022-10-01 01:56:00,13,12.1,0.0,2.2,100.0,1.3,99.0,0.0,15,13
2022-10-01 02:06:00,13,12.1,0.0,2.2,100.0,1.3,99.0,0.0,15,15
2022-10-01 02:12:00,13,12.1,0.0,2.2,100.0,1.3,99.0,0.0,15,15
2022-10-01 02:16:00,13,12.1,0.0,2.2,100.0,1.3,99.0,0.0,15,15
2022-10-01 02:26:00,13,12.1,0.0,2.2,100.0,1.3,99.0,0.0,15,15
2022-10-01 02:32:00,13,12.6,0.0,2.2,100.0,1.4,99.0,0.0,15,15
2022-10-01 02:36:00,13,12.6,0.0,2.2,100.0,1.4,99.0,0.0,15,15
2022-10-01 02:42:00,13,12.6,0.0,2.2,100.0,1.4,99.0,0.0,15,15
2022-10-01 02:46:00,13,12.6,0.0,2.2,100.0,1.4,99.0,0.0,15,16
2022-10-01 02:56:00,13,12.6,0.0,2.2,100.0,1.4,99.0,0.0,15,15
2022-10-01 03:02:00,15,12.6,0.0,2.2,100.0,1.4,99.0,0.0,16,15
2022-10-01 03:06:00,15,12.6,0.0,2.2,100.0,1.4,99.0,0.0,16,15
2022-10-01 03:12:00,15,12.6,0.0,2.2,100.0,1.4,99.0,0.0,16,15
2022-10-01 03:16:00,15,12.6,0.0,2.2,100.0,1.4,99.0,0.0,16,15
2022-10-01 03:26:00,15,12.6,0.0,2.2,100.0,1.4,99.0,0.0,16,15
2022-10-01 03:32:00,15,12.6,0.0,2.3,100.0,1.0,99.0,0.0,16,15
2022-10-01 03:36:00,15,12.6,0.0,2.3,100.0,1.0,99.0,0.0,16,15
2022-10-01 03:42:00,15,12.6,0.0,2.3,100.0,1.0,99.0,0.0,16,15
2022-10-01 03:46:00,16,12.6,0.0,2.3,100.0,1.0,99.0,0.0,16,15
2022-10-01 03:56:00,15,12.6,0.0,2.3,100.0,1.0,99.0,0.0,16,15
2022-10-01 04:02:00,15,12.6,0.0,2.3,100.0,1.0,99.0,0.0,16,16
2022-10-01 04:12:00,15,12.6,0.0,2.3,100.0,1.0,99.0,0.0,16,16
2022-10-01 04:26:00,15,12.6,0.0,2.3,100.0,1.0,99.0,0.0,16,16
2022-10-01 04:32:00,15,12.6,0.0,2.4,100.0,0.5,99.0,0.0,16,16
2022-10-01 04:36:00,15,12.6,0.0,2.4,100.0,0.5,99.0,0.0,16,16
2022-10-01 04:42:00,15,12.6,0.0,2.4,100.0,0.5,99.0,0.0,16,16
2022-10-01 04:46:00,15,12.6,0.0,2.4,100.0,0.5,99.0,0.0,16,16
2022-10-01 04:52:00,15,12.6,0.0,2.4,100.0,0.5,99.0,0.0,16,16
2022-10-01 04:56:00,15,12.6,0.0,2.4,100.0,0.5,99.0,0.0,16,16
2022-10-01 05:03:00,16,12.6,0.0,2.4,100.0,0.5,99.0,0.0,16,16
2022-10-01 05:06:00,16,12.6,0.0,2.4,100.0,0.5,99.0,0.0,16,16
2022-10-01 05:13:00,16,12.6,0.0,2.4,100.0,0.5,99.0,0.0,16,16
2022-10-01 05:16:00,16,12.6,0.0,2.4,100.0,0.5,99.0,0.0,16,16
2022-10-01 05:22:00,16,12.6,0.0,2.4,100.0,0.5,99.0,0.0,16,16
2022-10-01 05:26:00,16,12.6,0.0,2.4,100.0,0.5,99.0,0.0,16,16
2022-10-01 05:32:00,16,12.6,0.0,2.5,100.0,0.4,99.0,0.0,16,16
2022-10-01 05:36:00,16,12.6,0.0,2.5,100.0,0.4,99.0,0.0,16,16
2022-10-01 05:42:00,16,12.6,0.0,2.5,100.0,0.4,99.0,0.0,16,16
2022-10-01 05:46:00,16,12.6,0.0,2.5,100.0,0.4,99.0,0.0,16,16
2022-10-01 05:56:00,16,12.6,0.0,2.5,100.0,0.4,99.0,0.0,16,16
2022-10-01 06:02:00,16,12.6,0.0,2.5,100.0,0.4,99.0,0.0,16,16
2022-10-01 06:06:00,16,12.6,0.0,2.5,100.0,0.4,99.0,0.0,16,16
2022-10-01 06:13:00,16,12.6,0.0,2.5,100.0,0.4,99.0,0.0,16,16
2022-10-01 06:16:00,16,12.6,0.0,2.5,100.0,0.4,99.0,0.0,16,16
2022-10-01 06:26:00,16,12.6,0.0,2.5,100.0,0.4,99.0,0.0,16,16
2022-10-01 06:33:00,16,12.9,0.0,2.6,89.0,0.3,98.0,0.0,16,16
2022-10-01 06:42:00,16,12.9,0.0,2.6,89.0,0.3,98.0,0.0,16,16
2022-10-01 06:46:00,16,12.9,0.0,2.6,89.0,0.3,98.0,0.0,16,16
2022-10-01 06:56:00,16,12.9,0.0,2.6,89.0,0.3,98.0,0.0,16,16
2022-10-01 07:02:00,16,12.9,0.0,2.6,89.0,0.3,98.0,0.0,16,16
2022-10-01 07:06:00,16,12.9,0.0,2.6,89.0,0.3,98.0,0.0,16,16
2022-10-01 07:12:00,16,12.9,0.0,2.6,89.0,0.3,98.0,0.0,16,16
2022-10-01 07:16:00,16,12.9,0.0,2.6,89.0,0.3,98.0,0.0,16,16
2022-10-01 07:22:00,16,12.9,0.0,2.6,89.0,0.3,98.0,0.0,16,16
2022-10-01 07:32:00,16,13.3,1.0,2.8,78.0,0.0,97.0,0.0,16,16
2022-10-01 07:36:00,16,13.3,1.0,2.8,78.0,0.0,97.0,0.0,16,16
2022-10-01 07:42:00,16,13.3,1.0,2.8,78.0,0.0,97.0,0.0,16,16
2022-10-01 07:46:00,16,13.3,1.0,2.8,78.0,0.0,97.0,0.0,16,16
2022-10-01 07:56:00,16,13.3,1.0,2.8,78.0,0.0,97.0,0.0,17,16
2022-10-01 08:02:00,16,13.3,1.0,2.8,78.0,0.0,97.0,0.0,17,16
2022-10-01 08:06:00,16,13.3,1.0,2.8,78.0,0.0,97.0,0.0,17,16
2022-10-01 08:14:00,16,13.3,1.0,2.8,78.0,0.0,97.0,0.0,17,16
2022-10-01 08:16:00,16,13.3,1.0,2.8,78.0,0.0,97.0,0.0,17,16
2022-10-01 08:26:00,16,13.3,1.0,2.8,78.0,0.0,97.0,0.0,13,16
2022-10-01 08:33:00,16,13.6,1.0,2.9,67.0,0.0,97.0,0.0,13,16
2022-10-01 08:37:00,16,13.6,1.0,2.9,67.0,0.0,97.0,0.0,13,16
2022-10-01 08:43:00,16,13.6,1.0,2.9,67.0,0.0,97.0,0.0,13,16
2022-10-01 08:46:00,16,13.6,1.0,2.9,67.0,0.0,97.0,0.0,13,16
2022-10-01 08:53:00,16,13.6,1.0,2.9,67.0,0.0,97.0,0.0,13,17
2022-10-01 08:56:00,16,13.6,1.0,2.9,67.0,0.0,97.0,0.0,13,17
2022-10-01 09:02:00,16,13.6,1.0,2.9,67.0,0.0,97.0,0.0,13,17
2022-10-01 09:06:00,16,13.6,1.0,2.9,67.0,0.0,97.0,0.0,13,17
2022-10-01 09:13:00,16,13.6,1.0,2.9,67.0,0.0,97.0,0.0,13,17
2022-10-01 09:16:00,16,13.6,1.0,2.9,67.0,0.0,97.0,0.0,13,17
2022-10-01 09:23:00,16,13.6,1.0,2.9,67.0,0.0,97.0,0.0,13,14
2022-10-01 09:26:00,16,13.6,1.0,2.9,67.0,0.0,97.0,0.0,13,13
2022-10-01 09:33:00,16,14.9,1.0,6.5,71.0,0.0,89.0,0.0,13,13
2022-10-01 09:37:00,16,14.9,1.0,6.5,71.0,0.0,89.0,0.0,13,13
2022-10-01 09:43:00,16,14.9,1.0,6.5,71.0,0.0,89.0,0.0,13,13
2022-10-01 09:46:00,16,14.9,1.0,6.5,71.0,0.0,89.0,0.0,13,13
2022-10-01 09:53:00,17,14.9,1.0,6.5,71.0,0.0,89.0,0.0,13,13
2022-10-01 09:56:00,17,14.9,1.0,6.5,71.0,0.0,89.0,0.0,13,13
2022-10-01 10:03:00,17,14.9,1.0,6.5,71.0,0.0,89.0,0.0,13,13
2022-10-01 10:06:00,17,14.9,1.0,6.5,71.0,0.0,89.0,0.0,13,13
2022-10-01 10:13:00,17,14.9,1.0,6.5,71.0,0.0,89.0,0.0,13,13
2022-10-01 10:16:00,17,14.9,1.0,6.5,71.0,0.0,89.0,0.0,14,13
2022-10-01 10:23:00,14,14.9,1.0,6.5,71.0,0.0,89.0,0.0,18,13
2022-10-01 10:27:00,13,14.9,1.0,6.5,71.0,0.0,89.0,0.0,18,13
2022-10-01 10:32:00,13,16.1,1.0,10.1,75.0,0.0,82.0,0.0,18,13
2022-10-01 10:36:00,13,16.1,1.0,10.1,75.0,0.0,82.0,0.0,18,13
2022-10-01 10:43:00,13,16.1,1.0,10.1,75.0,0.0,82.0,0.0,18,13
2022-10-01 10:46:00,13,16.1,1.0,10.1,75.0,0.0,82.0,0.0,18,13
2022-10-01 10:56:00,13,16.1,1.0,10.1,75.0,0.0,82.0,0.0,17,13
2022-10-01 11:03:00,13,16.1,1.0,10.1,75.0,0.0,82.0,0.0,17,13
2022-10-01 11:06:00,13,16.1,1.0,10.1,75.0,0.0,82.0,0.0,17,13
2022-10-01 11:13:00,13,16.1,1.0,10.1,75.0,0.0,82.0,0.0,17,13
2022-10-01 11:16:00,13,16.1,1.0,10.1,75.0,0.0,82.0,0.0,17,14
2022-10-01 11:23:00,13,16.1,1.0,10.1,75.0,0.0,82.0,0.0,17,18
2022-10-01 11:26:00,13,16.1,1.0,10.1,75.0,0.0,82.0,0.0,17,18
2022-10-01 11:33:00,13,17.4,1.0,13.7,79.0,0.0,75.0,0.0,17,18
2022-10-01 11:37:00,13,17.4,1.0,13.7,79.0,0.0,75.0,0.0,17,18
2022-10-01 11:43:00,13,17.4,1.0,13.7,79.0,0.0,75.0,0.0,16,18
2022-10-01 11:47:00,13,17.4,1.0,13.7,79.0,0.0,75.0,0.0,16,18
2022-10-01 11:53:00,13,17.4,1.0,13.7,79.0,0.0,75.0,0.0,16,17
2022-10-01 12:03:00,13,17.4,1.0,13.7,79.0,0.0,75.0,0.0,16,17
2022-10-01 12:06:00,13,17.4,1.0,13.7,79.0,0.0,75.0,0.0,16,17
2022-10-01 12:13:00,13,17.4,1.0,13.7,79.0,0.0,75.0,0.0,16,17
2022-10-01 12:16:00,14,17.4,1.0,13.7,79.0,0.0,75.0,0.0,16,17
2022-10-01 12:26:00,18,17.4,1.0,13.7,79.0,0.0,75.0,0.0,16,17
2022-10-01 12:36:00,18,17.0,1.0,15.2,61.0,0.0,73.0,0.0,15,17
2022-10-01 12:43:00,18,17.0,1.0,15.2,61.0,0.0,73.0,0.0,15,16
2022-10-01 12:46:00,18,17.0,1.0,15.2,61.0,0.0,73.0,0.0,15,16
2022-10-01 12:53:00,17,17.0,1.0,15.2,61.0,0.0,73.0,0.0,15,16
2022-10-01 12:56:00,17,17.0,1.0,15.2,61.0,0.0,73.0,0.0,16,16
2022-10-01 13:03:00,17,17.0,1.0,15.2,61.0,0.0,73.0,0.0,16,16
2022-10-01 13:06:00,17,17.0,1.0,15.2,61.0,0.0,73.0,0.0,14,16
2022-10-01 13:13:00,17,17.0,1.0,15.2,61.0,0.0,73.0,0.0,15,16
2022-10-01 13:23:00,17,17.0,1.0,15.2,61.0,0.0,73.0,0.0,15,16
2022-10-01 13:26:00,17,17.0,1.0,15.2,61.0,0.0,73.0,0.0,15,16
2022-10-01 13:33:00,17,16.7,1.0,16.8,43.0,0.0,71.0,0.0,15,15
2022-10-01 13:36:00,17,16.7,1.0,16.8,43.0,0.0,71.0,0.0,15,15
2022-10-01 13:43:00,16,16.7,1.0,16.8,43.0,0.0,71.0,0.0,15,15
2022-10-01 13:47:00,16,16.7,1.0,16.8,43.0,0.0,71.0,0.0,15,15
2022-10-01 13:53:00,16,16.7,1.0,16.8,43.0,0.0,71.0,0.0,15,15
2022-10-01 13:57:00,16,16.7,1.0,16.8,43.0,0.0,71.0,0.0,15,16
2022-10-01 14:03:00,16,16.7,1.0,16.8,43.0,0.0,71.0,0.0,15,16
2022-10-01 14:07:00,16,16.7,1.0,16.8,43.0,0.0,71.0,0.0,15,14
2022-10-01 14:13:00,16,16.7,1.0,16.8,43.0,0.0,71.0,0.0,15,15
2022-10-01 14:17:00,16,16.7,1.0,16.8,43.0,0.0,71.0,0.0,15,15
2022-10-01 14:23:00,16,16.7,1.0,16.8,43.0,0.0,71.0,0.0,15,15
2022-10-01 14:27:00,16,16.7,1.0,16.8,43.0,0.0,71.0,0.0,15,15
2022-10-01 14:33:00,15,16.3,1.0,18.4,24.0,0.0,70.0,0.0,15,15
2022-10-01 14:36:00,15,16.3,1.0,18.4,24.0,0.0,70.0,0.0,15,15
2022-10-01 14:43:00,15,16.3,1.0,18.4,24.0,0.0,70.0,0.0,15,15
2022-10-01 14:46:00,15,16.3,1.0,18.4,24.0,0.0,70.0,0.0,15,15
2022-10-01 14:53:00,15,16.3,1.0,18.4,24.0,0.0,70.0,0.0,16,15
2022-10-01 14:57:00,16,16.3,1.0,18.4,24.0,0.0,70.0,0.0,16,15
2022-10-01 15:03:00,16,16.3,1.0,18.4,24.0,0.0,70.0,0.0,17,15
2022-10-01 15:07:00,14,16.3,1.0,18.4,24.0,0.0,70.0,0.0,17,15
2022-10-01 15:13:00,15,16.3,1.0,18.4,24.0,0.0,70.0,0.0,17,15
2022-10-01 15:17:00,15,16.3,1.0,18.4,24.0,0.0,70.0,0.0,17,15
2022-10-01 15:23:00,15,16.3,1.0,18.4,24.0,0.0,70.0,0.0,17,15
2022-10-01 15:27:00,15,16.3,1.0,18.4,24.0,0.0,70.0,0.0,17,15
2022-10-01 15:33:00,15,15.0,1.0,17.0,27.0,0.0,74.0,0.0,17,15
2022-10-01 15:37:00,15,15.0,1.0,17.0,27.0,0.0,74.0,0.0,17,15
2022-10-01 15:43:00,15,15.0,1.0,17.0,27.0,0.0,74.0,0.0,17,15
2022-10-01 15:46:00,15,15.0,1.0,17.0,27.0,0.0,74.0,0.0,17,15
2022-10-01 15:53:00,15,15.0,1.0,17.0,27.0,0.0,74.0,0.0,17,16
2022-10-01 15:57:00,15,15.0,1.0,17.0,27.0,0.0,74.0,0.0,17,16
2022-10-01 16:03:00,15,15.0,1.0,17.0,27.0,0.0,74.0,0.0,17,17
2022-10-01 16:07:00,15,15.0,1.0,17.0,27.0,0.0,74.0,0.0,17,17
2022-10-01 16:13:00,15,15.0,1.0,17.0,27.0,0.0,74.0,0.0,17,17
2022-10-01 16:23:00,15,15.0,1.0,17.0,27.0,0.0,74.0,0.0,17,17
2022-10-01 16:27:00,15,15.0,1.0,17.0,27.0,0.0,74.0,0.0,17,17
2022-10-01 16:33:00,15,15.0,1.0,15.7,31.0,0.0,79.0,0.0,17,17
2022-10-01 16:37:00,15,15.0,1.0,15.7,31.0,0.0,79.0,0.0,17,17
2022-10-01 16:43:00,15,15.0,1.0,15.7,31.0,0.0,79.0,0.0,17,17
2022-10-01 16:47:00,15,15.0,1.0,15.7,31.0,0.0,79.0,0.0,17,17
2022-10-01 16:53:00,16,15.0,1.0,15.7,31.0,0.0,79.0,0.0,17,17
2022-10-01 16:57:00,16,15.0,1.0,15.7,31.0,0.0,79.0,0.0,17,17
2022-10-01 17:03:00,17,15.0,1.0,15.7,31.0,0.0,79.0,0.0,17,17
2022-10-01 17:07:00,17,15.0,1.0,15.7,31.0,0.0,79.0,0.0,17,17
2022-10-01 17:13:00,17,15.0,1.0,15.7,31.0,0.0,79.0,0.0,17,17
2022-10-01 17:17:00,17,15.0,1.0,15.7,31.0,0.0,79.0,0.0,17,17
2022-10-01 17:23:00,17,15.0,1.0,15.7,31.0,0.0,79.0,0.0,17,17
2022-10-01 17:26:00,17,15.0,1.0,15.7,31.0,0.0,79.0,0.0,17,17
2022-10-01 17:33:00,17,13.9,1.0,14.4,34.0,0.0,84.0,0.0,17,17
2022-10-01 17:43:00,17,13.9,1.0,14.4,34.0,0.0,84.0,0.0,17,17
2022-10-01 17:47:00,17,13.9,1.0,14.4,34.0,0.0,84.0,0.0,17,17
2022-10-01 17:54:00,17,13.9,1.0,14.4,34.0,0.0,84.0,0.0,17,17
2022-10-01 17:56:00,17,13.9,1.0,14.4,34.0,0.0,84.0,0.0,17,17
2022-10-01 18:03:00,17,13.9,1.0,14.4,34.0,0.0,84.0,0.0,17,17
2022-10-01 18:07:00,17,13.9,1.0,14.4,34.0,0.0,84.0,0.0,17,17
2022-10-01 18:13:00,17,13.9,1.0,14.4,34.0,0.0,84.0,0.0,17,17
2022-10-01 18:16:00,17,13.9,1.0,14.4,34.0,0.0,84.0,0.0,17,17
2022-10-01 18:23:00,17,13.9,1.0,14.4,34.0,0.0,84.0,0.0,17,17
